sample_id,image_path,original_filename,batch,note,ocr_initial,corrected_text,status,labels,annotator_name,reviewer_note
1,1.jpg,1.jpg,一期,一期,"爲軍正故浩侯王恢使導軍【徐廣曰恢先受封一年坐使酒泉矯制國除】而李
哆爲校尉制軍事是歲太初元年也而關東蝗大
起蜚西至敦煌貳師將軍軍旣西過鹽水當道小
國恐各堅城守不肯給食攻之不能下下者得食
不下者數日則去比至郁成士至者不過數千皆
飢罷攻郁成郁成大破之所殺傷甚衆貳師將軍
與哆始成等計至郁成尚不能舉況至其王都乎
引兵而還往來二歲還至燉煌士不過什一二使
使上書言道逺多乏食且士卒不患戰患飢人少
不足以抜宛願且能兵益發而復往天子聞之大","爲軍正故浩侯王恢使導軍【徐廣曰恢先受封一年坐使酒泉矯制國除】而李
哆爲校尉制軍事是歲太初元年也而關東蝗大
起蜚西至敦煌貳師將軍軍旣西過鹽水當道小
國恐各堅城守不肯給食攻之不能下下者得食
不下者數日則去比至郁成士至者不過數千皆
飢罷攻郁成郁成大破之所殺傷甚衆貳師將軍
與哆始成等計至郁成尚不能舉況至其王都乎
引兵而還往來二歲還至燉煌士不過什一二使
使上書言道逺多乏食且士卒不患戰患飢人少
不足以抜宛願且能兵益發而復往天子聞之大",待标注,"{""行款"":""半页10行，行19字""}",,
2,2.jpg,2.jpg,一期,一期,"王申生去大軍二百里偵而輕之責郁成郁##
不肯出窺知申生軍曰少晨用三千人攻戮敎申
生等軍破數人脫亡走貳師貳師令搜粟都尉上
官桀往攻破郁成郁成王亡走康居桀追至康居
康居聞漢巳破宛乃出郁成王子桀桀令四騎士
縛守詣大將軍
【如淳曰時多别將故謂貳師爲大將軍】
四人相謂曰郁成王
漢國所毒今生將去卒失大事欲殺莫敢先擊上
邽騎士趙弟最少拔劔擊之斬郁成王齎頭弟桀
等逐及大將軍初貳師後行天子使使告烏孫大 
發兵并力擊宛烏孫發二千騎往持兩端不肯前
貳師將軍之東諸所過小國聞宛破皆使其子弟
從軍入獻見天子因以爲質焉貳師之伐宛也而
軍正趙始成力戰功最多及上官桀敢深入李哆
爲謀計軍入玉門者萬餘人軍馬千餘匹貳師後
行軍非乏食戰死不能多而將吏貪多不愛士卒
侵牟之以此物故衆天子爲萬里而伐宛不録過
封廣利爲海西侯又封身斬郁成王者騎士趙弟
爲新畤侯軍正趙始成爲光禄大夫上官桀爲少
府李哆爲上黨太守軍官吏爲九卿者三人諸侯
相郡守二千石者百餘人千石以下千餘人奮行","王申生去大軍二百里偵而輕之責郁成郁##
不肯出窺知申生軍曰少晨用三千人攻戮敎申
生等軍破數人脫亡走貳師貳師令搜粟都尉上
官桀往攻破郁成郁成王亡走康居桀追至康居
康居聞漢巳破宛乃出郁成王子桀桀令四騎士
縛守詣大將軍
【如淳曰時多别將故謂貳師爲大將軍】
四人相謂曰郁成王
漢國所毒今生將去卒失大事欲殺莫敢先擊上
邽騎士趙弟最少拔劔擊之斬郁成王齎頭弟桀
等逐及大將軍初貳師後行天子使使告烏孫大 
發兵并力擊宛烏孫發二千騎往持兩端不肯前
貳師將軍之東諸所過小國聞宛破皆使其子弟
從軍入獻見天子因以爲質焉貳師之伐宛也而
軍正趙始成力戰功最多及上官桀敢深入李哆
爲謀計軍入玉門者萬餘人軍馬千餘匹貳師後
行軍非乏食戰死不能多而將吏貪多不愛士卒
侵牟之以此物故衆天子爲萬里而伐宛不録過
封廣利爲海西侯又封身斬郁成王者騎士趙弟
爲新畤侯軍正趙始成爲光禄大夫上官桀爲少
府李哆爲上黨太守軍官吏爲九卿者三人諸侯
相郡守二千石者百餘人千石以下千餘人奮行",标注中,"{""行款"":""半页10行，行19字"",""页面位置"":""封面""}",Lucas,
3,3.jpg,3.jpg,一期,一期,"徒乳母罰謫譛之者
武帝時齊人有東方生名朔以好古傳書愛經術
多所博觀外家之語朔初入長安至公車上書凢
用三千奏牘公車令兩人共持舉其書僅然能勝
之人主從上方讀之止輒乙其處讀之二月乃盡
詔拜以爲郎常在側侍中數召至前談語人主未
甞不說也時詔賜之食於前飯巳盡懷其餘肉持
去衣盡汗數賜縑帛擔揭而去徒用所賜錢帛取
少婦於長安中好女率取婦一歲所者即棄去更
取婦所賜錢財盡索之於女子人主左右諸郎半
呼之狂人人主聞之曰令朔在事無爲是行者若
等安能及之哉朔任其子爲郎又爲侍謁者常持
節出使朔行殿中郎謂之曰人皆以先生爲狂朔
曰如朔等所謂避丗於朝庭間者也古之人乃避
卋於深山中時坐席中酒酣據地歌曰陸沈於俗
避丗金馬門宫殿中可以避丗全身何必深山之
中蒿廬之下金馬門者宮署門也門傍有銅馬故
謂之曰金馬門時㑹聚宫下博士諸先生與論議
共難之曰蘇秦張儀一當萬乗之主而都卿相之
位澤及後丗今子大夫修先王之術慕聖人之義","徒乳母罰謫譛之者
武帝時齊人有東方生名朔以好古傳書愛經術
多所博觀外家之語朔初入長安至公車上書凢
用三千奏牘公車令兩人共持舉其書僅然能勝
之人主從上方讀之止輒乙其處讀之二月乃盡
詔拜以爲郎常在側侍中數召至前談語人主未
甞不說也時詔賜之食於前飯巳盡懷其餘肉持
去衣盡汗數賜縑帛擔揭而去徒用所賜錢帛取
少婦於長安中好女率取婦一歲所者即棄去更
取婦所賜錢財盡索之於女子人主左右諸郎半
呼之狂人人主聞之曰令朔在事無爲是行者若
等安能及之哉朔任其子爲郎又爲侍謁者常持
節出使朔行殿中郎謂之曰人皆以先生爲狂朔
曰如朔等所謂避丗於朝庭間者也古之人乃避
卋於深山中時坐席中酒酣據地歌曰陸沈於俗
避丗金馬門宫殿中可以避丗全身何必深山之
中蒿廬之下金馬門者宮署門也門傍有銅馬故
謂之曰金馬門時㑹聚宫下博士諸先生與論議
共難之曰蘇秦張儀一當萬乗之主而都卿相之
位澤及後丗今子大夫修先王之術慕聖人之義",待标注,"{""行款"":""半页19行，行19字""}",,
4,4.jpg,4.jpg,一期,一期,"頭而歌負薪者以封優旃臨檻疾呼陛楯得以半
更豈不亦偉哉
褚先生曰臣幸得以經術爲郎而好讀外家傳語
竊不遜讓復作故事滑稽之語六章編之於左可
以覽觀揚意以示後丗好事者讀之以游心駭耳
以附益上方太史公之三章武帝時有所幸倡郭
舎人者發言陳辭雖不合大道然令人主和說武
帝少時東武侯母常養帝帝壯時號之曰大乳母
率一月再朝朝奏入有詔使幸臣馬游卿以帛五
十匹賜乳母又奉飮糒飱養乳母乳母上書曰某
所有公田願得假倩之帝曰乳母欲得之乎以賜
乳母乳母所言未甞不聽有詔得令乳母乗車行
馳道中當此之時公卿大臣皆敬重乳母乳母家
子孫奴從者橫暴長安中當道掣頓人車馬奪人
衣服聞於中不忍致之法有司請徙乳母家室處
之於邊奏可乳母當入至前面見辭乳母先見郭
舎人爲下泣舎人曰即入見辭去疾步數還顧乳
母如其言謝去疾步數還顧郭舎人疾言罵之曰
咄老女子何不疾行陛下巳壯矣寧尚須汝乳而
活邪尚何還顧於是人主憐焉悲之乃下詔止無","頭而歌負薪者以封優旃臨檻疾呼陛楯得以半
更豈不亦偉哉
褚先生曰臣幸得以經術爲郎而好讀外家傳語
竊不遜讓復作故事滑稽之語六章編之於左可
以覽觀揚意以示後丗好事者讀之以游心駭耳
以附益上方太史公之三章武帝時有所幸倡郭
舎人者發言陳辭雖不合大道然令人主和說武
帝少時東武侯母常養帝帝壯時號之曰大乳母
率一月再朝朝奏入有詔使幸臣馬游卿以帛五
十匹賜乳母又奉飮糒飱養乳母乳母上書曰某
所有公田願得假倩之帝曰乳母欲得之乎以賜
乳母乳母所言未甞不聽有詔得令乳母乗車行
馳道中當此之時公卿大臣皆敬重乳母乳母家
子孫奴從者橫暴長安中當道掣頓人車馬奪人
衣服聞於中不忍致之法有司請徙乳母家室處
之於邊奏可乳母當入至前面見辭乳母先見郭
舎人爲下泣舎人曰即入見辭去疾步數還顧乳
母如其言謝去疾步數還顧郭舎人疾言罵之曰
咄老女子何不疾行陛下巳壯矣寧尚須汝乳而
活邪尚何還顧於是人主憐焉悲之乃下詔止無",待标注,"{""行款"":""半页19行，行19字""}",,
5,5.jpg,5.jpg,一期,一期,"王知此鳥何也王曰此鳥不飛則巳一飛沖天不
鳴則巳一鳴驚人於是乃朝諸縣令長七十二人
賞一人誅一人奮兵而出諸侯振驚皆還齊侵地
威行三十六年語在田完世家中
威王八年楚大發兵加齊齊王使淳于髠之趙請
救兵齎金百斤車馬十駟淳于髠仰天大笑冠纓
索絕王曰先生少之乎髠曰何敢王曰笑豈有說
乎髠曰今者臣從東方來見道傍有穰田者操一
豚蹄酒一盂而祝曰甌寠滿篝【徐廣曰篝籠也】汙邪滿車【司馬
曰汗邪地田也】五穀蕃孰穰穰滿家臣見其所持者狹而
所試者奢故笑之於是齊威王乃益齎黄金工假
白璧十雙車馬百駟髠辭而行至趙趙王與之精
兵十萬革車千乗楚聞之夜引兵而去威王大說
置酒後宫召髡賜之酒問曰先生能飲幾何而醉
髠對曰臣飮一斗亦醉一石亦醉威王曰先生飮
一斗而醉惡能飲一石哉其說可得聞乎疑曰賜
酒大王之前執法在傍御史在後髠恐懼俯伏而
飮不過一斗徑醉矣若親有嚴客髠帣韝鞠【徐廣
曰帣收衣襄也褏矜也韝臂捍也音講鞠曲也音其紀反又與跽同謂小跪也】侍酒於前時賜餘瀝
奉觴上壽數起飮不過二斗徑醉矣若朋友交遊","王知此鳥何也王曰此鳥不飛則巳一飛沖天不
鳴則巳一鳴驚人於是乃朝諸縣令長七十二人
賞一人誅一人奮兵而出諸侯振驚皆還齊侵地
威行三十六年語在田完世家中
威王八年楚大發兵加齊齊王使淳于髠之趙請
救兵齎金百斤車馬十駟淳于髠仰天大笑冠纓
索絕王曰先生少之乎髠曰何敢王曰笑豈有說
乎髠曰今者臣從東方來見道傍有穰田者操一
豚蹄酒一盂而祝曰甌寠滿篝【徐廣曰篝籠也】汙邪滿車【司馬
曰汗邪地田也】五穀蕃孰穰穰滿家臣見其所持者狹而
所試者奢故笑之於是齊威王乃益齎黄金工假
白璧十雙車馬百駟髠辭而行至趙趙王與之精
兵十萬革車千乗楚聞之夜引兵而去威王大說
置酒後宫召髡賜之酒問曰先生能飲幾何而醉
髠對曰臣飮一斗亦醉一石亦醉威王曰先生飮
一斗而醉惡能飲一石哉其說可得聞乎疑曰賜
酒大王之前執法在傍御史在後髠恐懼俯伏而
飮不過一斗徑醉矣若親有嚴客髠帣韝鞠【徐廣
曰帣收衣襄也褏矜也韝臂捍也音講鞠曲也音其紀反又與跽同謂小跪也】侍酒於前時賜餘瀝
奉觴上壽數起飮不過二斗徑醉矣若朋友交遊",待标注,"{""行款"":""半页20行，行19字""}",,
6,6.jpg,6.jpg,一期,一期,"【帝時徙南陽仍號舂陵故城今在隨州棗陽縣東事具宗室四王傳】買生鬱林太守
外【鬱林郡今郴州縣前書曰郡守秦官秩二千石景帝更名太守】外生鉅鹿都
尉回【鉅鹿郡今邢州縣也前書曰都尉本郡尉秦官也掌佐守典武職秩比二千石景帝更名都尉】
回生南頓令欽【南頓縣屬汝南郡故城在今陳州項城縣西前書曰令長皆秦官也
萬戸以上爲令秩千石至六百石不滿萬戸爲長秩五百石至三百石】欽生光武光
武年九嵗而孤養於叔父良身長七尺三
寸美須眉大口隆準日角【隆髙也許負云鼻頭爲準鄭玄尚書中矦
注云日角謂庭中骨起狀如日】性勤於稼穡【種曰稼斂曰穡】而兄伯升
好俠養士常非笑光武事田業比之髙祖
兄仲【仲邰陽矦喜也能爲產業見前書】王莽天鳳中【王莽建國六年改爲
天鳳○劉攽曰注按莽號始建國年凡三字此少一始字】乃之長安受尚書略
通大義【東觀記曰受尚書於中大夫廬江許子威資用乏與同舎生韓子合錢買驢令從者僦以
給諸公費】莽末天下連嵗災蝗宼盜鋒起【言賊鋒銳
競起字或作#諭多也】地皇三年【天鳳六年改爲地皇】南陽荒饑【韓詩
外傳曰一穀不升曰歉二穀不升曰饑三穀不升曰饉四穀不升曰荒五穀不升曰大侵】諸家賓
客多爲小盜光武避吏新野【新野屬南陽郡今鄧州縣續漢","【帝時徙南陽仍號舂陵故城今在隨州棗陽縣東事具宗室四王傳】買生鬱林太守
外【鬱林郡今郴州縣前書曰郡守秦官秩二千石景帝更名太守】外生鉅鹿都
尉回【鉅鹿郡今邢州縣也前書曰都尉本郡尉秦官也掌佐守典武職秩比二千石景帝更名都尉】
回生南頓令欽【南頓縣屬汝南郡故城在今陳州項城縣西前書曰令長皆秦官也
萬戸以上爲令秩千石至六百石不滿萬戸爲長秩五百石至三百石】欽生光武光
武年九嵗而孤養於叔父良身長七尺三
寸美須眉大口隆準日角【隆髙也許負云鼻頭爲準鄭玄尚書中矦
注云日角謂庭中骨起狀如日】性勤於稼穡【種曰稼斂曰穡】而兄伯升
好俠養士常非笑光武事田業比之髙祖
兄仲【仲邰陽矦喜也能爲產業見前書】王莽天鳳中【王莽建國六年改爲
天鳳○劉攽曰注按莽號始建國年凡三字此少一始字】乃之長安受尚書略
通大義【東觀記曰受尚書於中大夫廬江許子威資用乏與同舎生韓子合錢買驢令從者僦以
給諸公費】莽末天下連嵗災蝗宼盜鋒起【言賊鋒銳
競起字或作#諭多也】地皇三年【天鳳六年改爲地皇】南陽荒饑【韓詩
外傳曰一穀不升曰歉二穀不升曰饑三穀不升曰饉四穀不升曰荒五穀不升曰大侵】諸家賓
客多爲小盜光武避吏新野【新野屬南陽郡今鄧州縣續漢",待标注,"{""行款"":""半页7行，行31字""}",,
7,7.jpg,7.jpg,一期,一期,"帥王鳳陳收西擊長聚【廣雅曰聚居也音慈諭反前書音義曰小於鄉
曰聚】光武初騎牛殺新野尉乃得馬【前書曰尉秦官秩四
百百石至二百石也】進屠唐子鄉【例曰多所誅殺曰屠唐子鄉有唐子山在今唐州湖
陽縣西南】又殺湖陽尉【湖陽屬南陽郡今唐州縣也東前記曰劉終詐稱江夏吏誘殺
之】軍中分財物不均衆恚恨欲反攻諸劉
光武斂宗人所得物悉以與之衆乃悅進
拔棘陽【縣名屬南陽郡在棘水之陽古謝國也故城在今唐州湖陽縣西北棘音己力反】與
王莽前隊大夫甄阜【王莽置六隊郡置大夫一人職如太守南陽爲前隊
河內為後隊潁州為左隊弘農為右隊河東為北隊滎陽為祈隊隊音遂】屬正梁丘賜
【王莽每隊置屬正一人職如都尉】戰於小長安【漢書曰淯陽縣有小長安聚故城在今
鄧州南陽縣南】漢軍大敗還保棘陽
更始元年正月甲子朔漢軍復與甄阜梁
丘賜戰於沘水西大破之斬阜賜【沘水在今唐州沘陽
縣南盧江灊縣亦有沘水與此別也此音比】伯升又破王莽納言將
軍嚴尤秩宗將軍陳茂於淯陽【前書曰納言虞官也掌出
納王命所謂喉舌之官也歷秦漢不置王莽改大司農爲之柏譚新論云莊尤字伯石此言嚴避明帝諱也秩","帥王鳳陳收西擊長聚【廣雅曰聚居也音慈諭反前書音義曰小於鄉
曰聚】光武初騎牛殺新野尉乃得馬【前書曰尉秦官秩四
百百石至二百石也】進屠唐子鄉【例曰多所誅殺曰屠唐子鄉有唐子山在今唐州湖
陽縣西南】又殺湖陽尉【湖陽屬南陽郡今唐州縣也東前記曰劉終詐稱江夏吏誘殺
之】軍中分財物不均衆恚恨欲反攻諸劉
光武斂宗人所得物悉以與之衆乃悅進
拔棘陽【縣名屬南陽郡在棘水之陽古謝國也故城在今唐州湖陽縣西北棘音己力反】與
王莽前隊大夫甄阜【王莽置六隊郡置大夫一人職如太守南陽爲前隊
河內為後隊潁州為左隊弘農為右隊河東為北隊滎陽為祈隊隊音遂】屬正梁丘賜
【王莽每隊置屬正一人職如都尉】戰於小長安【漢書曰淯陽縣有小長安聚故城在今
鄧州南陽縣南】漢軍大敗還保棘陽
更始元年正月甲子朔漢軍復與甄阜梁
丘賜戰於沘水西大破之斬阜賜【沘水在今唐州沘陽
縣南盧江灊縣亦有沘水與此別也此音比】伯升又破王莽納言將
軍嚴尤秩宗將軍陳茂於淯陽【前書曰納言虞官也掌出
納王命所謂喉舌之官也歷秦漢不置王莽改大司農爲之柏譚新論云莊尤字伯石此言嚴避明帝諱也秩",待标注,"{""行款"":""半页6行，行35字""}",,
8,8.jpg,8.jpg,一期,一期,"宗虞官也掌郊廟之事周謂之宗伯秦漢不置王莽改太常爲秩宗後又典兵故納言秩宗皆有將軍號也淯
陽縣屬南郡故城在今鄧州南陽縣南在淯水之陽淯音育】進圍宛城二月辛
巳立劉聖公爲天子以伯升爲大司徒光
武爲太常偏將軍【前書曰奉常秦官景帝更名太常應劭漢官議曰欲令國家盛
大社稷常存故稱太常老子曰偏將軍處左上將軍慶古東觀記曰時無印得定武侯家丞印佩之入朝】三
月光武別與諸將徇昆陽定陵郾皆下之
【徇略也昆陽定陵郾皆縣名並屬潁川郡昆陽故城在今許州葉縣北郾今豫州郾城縣也定陵故城在今郾
城西北郾音於建反】多得牛馬財物穀數十萬斛轉以
饋宛下莽聞阜賜死漢帝立大懼遣大司
徒王尋大司空王邑【王莽時哀章所獻金匱圖有王尋姓名王邑王商子
於莽為從父兄弟也】將兵百萬其甲士四十二萬人五
月到潁川復與嚴尤陳茂合【潁川郡今洛州陽翟縣也】初
光武爲舂陵矦家訟逋租於尤尤見而竒
之【逋違也舂陵矦敞即光武季父也東觀記曰爲季父故舂陵矦詣大司馬府訟地皇元年十二月壬寅前
租二萬六千斛芻槀錢若干萬時宛人朱福亦爲舅訟租於尤尤止車獨與上語不視福上歸戲福曰嚴公寧
視卿耶】及是時城中出降尤者言光武不取","宗虞官也掌郊廟之事周謂之宗伯秦漢不置王莽改太常爲秩宗後又典兵故納言秩宗皆有將軍號也淯
陽縣屬南郡故城在今鄧州南陽縣南在淯水之陽淯音育】進圍宛城二月辛
巳立劉聖公爲天子以伯升爲大司徒光
武爲太常偏將軍【前書曰奉常秦官景帝更名太常應劭漢官議曰欲令國家盛
大社稷常存故稱太常老子曰偏將軍處左上將軍慶古東觀記曰時無印得定武侯家丞印佩之入朝】三
月光武別與諸將徇昆陽定陵郾皆下之
【徇略也昆陽定陵郾皆縣名並屬潁川郡昆陽故城在今許州葉縣北郾今豫州郾城縣也定陵故城在今郾
城西北郾音於建反】多得牛馬財物穀數十萬斛轉以
饋宛下莽聞阜賜死漢帝立大懼遣大司
徒王尋大司空王邑【王莽時哀章所獻金匱圖有王尋姓名王邑王商子
於莽為從父兄弟也】將兵百萬其甲士四十二萬人五
月到潁川復與嚴尤陳茂合【潁川郡今洛州陽翟縣也】初
光武爲舂陵矦家訟逋租於尤尤見而竒
之【逋違也舂陵矦敞即光武季父也東觀記曰爲季父故舂陵矦詣大司馬府訟地皇元年十二月壬寅前
租二萬六千斛芻槀錢若干萬時宛人朱福亦爲舅訟租於尤尤止車獨與上語不視福上歸戲福曰嚴公寧
視卿耶】及是時城中出降尤者言光武不取",待标注,"{""行款"":""半页4行，行42字""}",,
9,9.jpg,9.jpg,一期,一期,"財物但會兵計策尤笑曰是美須眉者耶
何爲乃如是初王莾徴天下能爲兵法者
六十三家數百人並以爲軍吏選練武衞
招募猛士【說文曰募廣求之也】旌旗輜重千里不絶【周禮
曰析羽爲旌熊虎爲旗輜車名繹名曰輜廁也謂軍糧什物雜廁載之以其累重故稱輜重重音直用反】時
有長人巨無霸【王莾連率韓博上言有竒士長一丈大十圍自謂巨無霸出於蓬萊
東南五城西北昭如海濵軺車不能載三馬不能勝臥則枕鼓以鐵箸食見前書】長一丈大
十圍以爲壘尉【鄭玄注周禮云軍壁曰壘崔瑗中壘校尉箴曰堂堂皇帝設爲壘壁
尉者主壘壁之事】又驅諸猛獸【猛或作獷獷猛貌也音古猛反】虎豹犀
象之屬以助威武自秦漢出師之盛未嘗
有也光武將數千兵徼之於陽關【聚名也酈元水經注
曰潁水東南經陽關聚聚夾潁水相對在今洺州陽翟縣西北】諸將見尋邑兵盛
反走馳入昆陽皆惶怖憂念妻孥【孥子也】欲散
歸諸城光武議曰今兵穀既少而外寇彊
大弁力禦之功庶可立如欲分散勢無俱
全且宛城未拔【謂伯升圍之未拔也】不能相救昆陽即","財物但會兵計策尤笑曰是美須眉者耶
何爲乃如是初王莾徴天下能爲兵法者
六十三家數百人並以爲軍吏選練武衞
招募猛士【說文曰募廣求之也】旌旗輜重千里不絶【周禮
曰析羽爲旌熊虎爲旗輜車名繹名曰輜廁也謂軍糧什物雜廁載之以其累重故稱輜重重音直用反】時
有長人巨無霸【王莾連率韓博上言有竒士長一丈大十圍自謂巨無霸出於蓬萊
東南五城西北昭如海濵軺車不能載三馬不能勝臥則枕鼓以鐵箸食見前書】長一丈大
十圍以爲壘尉【鄭玄注周禮云軍壁曰壘崔瑗中壘校尉箴曰堂堂皇帝設爲壘壁
尉者主壘壁之事】又驅諸猛獸【猛或作獷獷猛貌也音古猛反】虎豹犀
象之屬以助威武自秦漢出師之盛未嘗
有也光武將數千兵徼之於陽關【聚名也酈元水經注
曰潁水東南經陽關聚聚夾潁水相對在今洺州陽翟縣西北】諸將見尋邑兵盛
反走馳入昆陽皆惶怖憂念妻孥【孥子也】欲散
歸諸城光武議曰今兵穀既少而外寇彊
大弁力禦之功庶可立如欲分散勢無俱
全且宛城未拔【謂伯升圍之未拔也】不能相救昆陽即",待标注,"{""行款"":""半页5行，行33字""}",,
10,10.jpg,10.jpg,一期,一期,"破一日之閒諸部亦滅矣今不同心膽共
舉功名反欲守妻子財物邪諸將怒曰劉
將軍何敢如是光武笑而起會侯騎還言
大兵且至城北軍陳數百里不見其後諸
將遽相謂曰更請劉將軍計之光武復爲
圖畫成敗諸將憂迫皆曰諾時城中唯有
八九千人光武乃使成國上公王鳳廷尉
大將軍王常留守夜自與驃騎大將軍宗
佻【騊騎大將軍武帝置自霍去病始佻音太堯反】五威將軍李軼等十三
騎【王莽置五威將軍其衣服依五方之色以威天下李軼初起猶假以爲號】出城南門於
外收兵時莽軍到城下者且十萬光武幾
不得出【幾音祈】既至郾定陵悉發諸營兵而
諸將貪惜財貨欲分留守之光武曰今若
破敵珍珤萬倍【珤古寳字】大功可成如爲所敗
首領無餘何財物之有衆乃從嚴尤說王
邑曰昆陽城小而堅今假號者在宛亟進","破一日之閒諸部亦滅矣今不同心膽共
舉功名反欲守妻子財物邪諸將怒曰劉
將軍何敢如是光武笑而起會侯騎還言
大兵且至城北軍陳數百里不見其後諸
將遽相謂曰更請劉將軍計之光武復爲
圖畫成敗諸將憂迫皆曰諾時城中唯有
八九千人光武乃使成國上公王鳳廷尉
大將軍王常留守夜自與驃騎大將軍宗
佻【騊騎大將軍武帝置自霍去病始佻音太堯反】五威將軍李軼等十三
騎【王莽置五威將軍其衣服依五方之色以威天下李軼初起猶假以爲號】出城南門於
外收兵時莽軍到城下者且十萬光武幾
不得出【幾音祈】既至郾定陵悉發諸營兵而
諸將貪惜財貨欲分留守之光武曰今若
破敵珍珤萬倍【珤古寳字】大功可成如爲所敗
首領無餘何財物之有衆乃從嚴尤說王
邑曰昆陽城小而堅今假號者在宛亟進",待标注,"{""行款"":""半页8行，行16字""}",,
11,11.jpg,11.jpg,一期,一期,"廣韻上聲卷第三
一董【獨用】二腫【獨用】三講【獨用】四紙【旨止同用】
五旨六止七尾【獨用】八語【獨用】九麌【姥同用】十姥十一齊【獨用】十二蟹【駭同用】
十三駭十四賄【海同用】十五海十六軫【準同用】
十七凖十八吻【隱同用】十九隱二十阮【混狠同用】
二十一混二十二狠二十三旱【緩同用】二十四緩
二十五潸【產同用】二十六產二十七銑【獮同用】二十八獮
二十九篠【小同用】三十小三十一巧【獨用】三十二晧【獨用】
三十三哿【果同用】三十四果三十五馬【獨用】三十六養【蕩同用】
三十七蕩三十八梗【耿靜同用】三十九耿四十靜
四十一逈【獨用】四十二拯【等同用】四十三等四十四有【厚黝同用】","廣韻上聲卷第三
一董【獨用】二腫【獨用】三講【獨用】四紙【旨止同用】
五旨六止七尾【獨用】八語【獨用】九麌【姥同用】十姥十一齊【獨用】十二蟹【駭同用】
十三駭十四賄【海同用】十五海十六軫【準同用】
十七凖十八吻【隱同用】十九隱二十阮【混狠同用】
二十一混二十二狠二十三旱【緩同用】二十四緩
二十五潸【產同用】二十六產二十七銑【獮同用】二十八獮
二十九篠【小同用】三十小三十一巧【獨用】三十二晧【獨用】
三十三哿【果同用】三十四果三十五馬【獨用】三十六養【蕩同用】
三十七蕩三十八梗【耿靜同用】三十九耿四十靜
四十一逈【獨用】四十二拯【等同用】四十三等四十四有【厚黝同用】",待标注,"{""行款"":""半页10行，行26字""}",,
12,12.jpg,12.jpg,一期,一期,"耻小國得有所依百姓得有所息故孔子曰能以禮
讓爲國乎何有周之流化豈不大哉及春秋之後衆
賢輔國者旣没而禮義哀矣孔子雖論詩書定禮樂
王道粲然分明以匹夫無勢化之者七十二人而巳
皆天下之俊也時君莫尚之是以王道遂用不興故
曰非威不立非勢不行仲尼旣没之後田氏取齊六
卿分晉道德大廢上下失序至秦孝公捐禮讓而貴
戰爭弃仁義而用詐譎苟以取強而巳矣夫篡盜之
人列【錢劉同曽作例】爲侯王詐譎之國興立【錢集作立曽作兵】爲強
是以傳【一作轉】相放效後生師之遂相吞滅并大兼小
暴師經歲流血滿野父子不相親兄弟不相安夫婦
離散莫保其命湣然道德絕矣晚丗益甚萬乗之國
七千乗之國五敵侔爭權蓋爲戰國貪饕无耻競進
無厭國異政教各自制斷上無天子下無方伯力功
【曽集作巧劉作功】爭強勝者爲右兵革不休詐僞並起當此
之時雖有道德不得施謀有設之強負阻而恃固連
與交質重約結誓以守其國故孟子孫卿儒術之士
弃捐於丗而游說權謀之徒見貴於俗是以蘇秦張
儀公孫衍陳軫代厲之屬生從橫短長之說左右傾
側蘇秦爲從張儀爲橫橫則秦帝從則楚王所在國
重所去國輕然當此之時秦國最雄諸侯方弱【集曽无弱
字】蘇秦結【錢劉結下有從字】之時六國爲一以儐背秦秦人","耻小國得有所依百姓得有所息故孔子曰能以禮
讓爲國乎何有周之流化豈不大哉及春秋之後衆
賢輔國者旣没而禮義哀矣孔子雖論詩書定禮樂
王道粲然分明以匹夫無勢化之者七十二人而巳
皆天下之俊也時君莫尚之是以王道遂用不興故
曰非威不立非勢不行仲尼旣没之後田氏取齊六
卿分晉道德大廢上下失序至秦孝公捐禮讓而貴
戰爭弃仁義而用詐譎苟以取強而巳矣夫篡盜之
人列【錢劉同曽作例】爲侯王詐譎之國興立【錢集作立曽作兵】爲強
是以傳【一作轉】相放效後生師之遂相吞滅并大兼小
暴師經歲流血滿野父子不相親兄弟不相安夫婦
離散莫保其命湣然道德絕矣晚丗益甚萬乗之國
七千乗之國五敵侔爭權蓋爲戰國貪饕无耻競進
無厭國異政教各自制斷上無天子下無方伯力功
【曽集作巧劉作功】爭強勝者爲右兵革不休詐僞並起當此
之時雖有道德不得施謀有設之強負阻而恃固連
與交質重約結誓以守其國故孟子孫卿儒術之士
弃捐於丗而游說權謀之徒見貴於俗是以蘇秦張
儀公孫衍陳軫代厲之屬生從橫短長之說左右傾
側蘇秦爲從張儀爲橫橫則秦帝從則楚王所在國
重所去國輕然當此之時秦國最雄諸侯方弱【集曽无弱
字】蘇秦結【錢劉結下有從字】之時六國爲一以儐背秦秦人",待标注,"{""行款"":""半页22行，行20字""}",,
13,13.jpg,13.jpg,一期,一期,"戰國䇿卷第一
東周髙誘注
秦興師臨周【續周顯王後語】而求九鼎周君患之以告颜率
【續率名也當如字或云力出切後語注】顔率曰大王勿憂臣請東借救
於齊顏率至齊謂齊王【續齊宣王後語】曰夫秦之爲無道也
欲興兵臨周而求九鼎周之君臣内自盡【劉曽集一作畫錢作
盡】計與秦不若歸之大國夫存危國美名也得九鼎
厚寶也願大王圖之齊王大恱發師五萬人使陳臣
思將以救周而秦兵罷齊將求九鼎周君又患之顏
率曰大王勿憂臣請東解之顏率至齊謂齊王曰周
賴大國之義得君臣父子相保也願獻九鼎不識大","戰國䇿卷第一
東周髙誘注
秦興師臨周【續周顯王後語】而求九鼎周君患之以告颜率
【續率名也當如字或云力出切後語注】顔率曰大王勿憂臣請東借救
於齊顏率至齊謂齊王【續齊宣王後語】曰夫秦之爲無道也
欲興兵臨周而求九鼎周之君臣内自盡【劉曽集一作畫錢作
盡】計與秦不若歸之大國夫存危國美名也得九鼎
厚寶也願大王圖之齊王大恱發師五萬人使陳臣
思將以救周而秦兵罷齊將求九鼎周君又患之顏
率曰大王勿憂臣請東解之顏率至齊謂齊王曰周
賴大國之義得君臣父子相保也願獻九鼎不識大",待标注,"{""行款"":""半页9行，行20字""}",,
14,14.jpg,14.jpg,一期,一期,"國何塗之從而致之齊齊王曰寡人將寄徑於梁顔
率曰不可夫梁之君臣欲得九鼎謀之暉臺之下少
海之上其曰乆矣鼎入梁必不出齊王曰寡人將寄
徑於楚對曰不可楚之君臣欲得九鼎謀之於葉庭
之中【續後語作章華之庭注云徐廣曰華容有章華亭】其日乆矣若入楚鼎
必不出王曰寡人終何塗之從而致之齊顏率曰弊
邑固竊爲大王患之夫鼎者非效醢壺醬甀【一作瓿】耳
可懷挾提挈以至齊者非效鳥集烏飛兎興馬逝【曾集
作鳬逝】灕然止【止一作可至】於齊者昔周之伐殷得九鼎【一本
得上有凡字】凡一鼎而【一本无凡一二字鼎而作而鼎】九萬人輓之九九
八十一萬人士卒師徒器械被其所以備者稱此今
大王縱有其人何塗之從而出臣竊爲大王私憂之
齊王曰子之數來者猶無與耳顔率曰不敢欺大國
疾定所從出弊邑遷鼎以待命齊王乃止
秦攻宜陽周君謂趙累曰子以爲何如對曰宜陽必
拔也君曰宜陽城方八里材士十萬粟支數年公仲
之軍二十萬景翠以楚之衆臨山而救之秦必無功
對曰甘茂羈旅也攻宜陽而有功則周公旦也無功
則削迹於秦秦王不聽羣臣父兄之義而攻宜陽宜
陽不拔秦王耻之臣故曰拔君曰子爲寡人謀且柰
何對曰君謂景翠曰公爵爲執圭官爲柱國戰而勝
則無加焉矣【集曽作耳劉錢作矣】
不勝則死不如背秦援宜陽","國何塗之從而致之齊齊王曰寡人將寄徑於梁顔
率曰不可夫梁之君臣欲得九鼎謀之暉臺之下少
海之上其曰乆矣鼎入梁必不出齊王曰寡人將寄
徑於楚對曰不可楚之君臣欲得九鼎謀之於葉庭
之中【續後語作章華之庭注云徐廣曰華容有章華亭】其日乆矣若入楚鼎
必不出王曰寡人終何塗之從而致之齊顏率曰弊
邑固竊爲大王患之夫鼎者非效醢壺醬甀【一作瓿】耳
可懷挾提挈以至齊者非效鳥集烏飛兎興馬逝【曾集
作鳬逝】灕然止【止一作可至】於齊者昔周之伐殷得九鼎【一本
得上有凡字】凡一鼎而【一本无凡一二字鼎而作而鼎】九萬人輓之九九
八十一萬人士卒師徒器械被其所以備者稱此今
大王縱有其人何塗之從而出臣竊爲大王私憂之
齊王曰子之數來者猶無與耳顔率曰不敢欺大國
疾定所從出弊邑遷鼎以待命齊王乃止
秦攻宜陽周君謂趙累曰子以爲何如對曰宜陽必
拔也君曰宜陽城方八里材士十萬粟支數年公仲
之軍二十萬景翠以楚之衆臨山而救之秦必無功
對曰甘茂羈旅也攻宜陽而有功則周公旦也無功
則削迹於秦秦王不聽羣臣父兄之義而攻宜陽宜
陽不拔秦王耻之臣故曰拔君曰子爲寡人謀且柰
何對曰君謂景翠曰公爵爲執圭官爲柱國戰而勝
則無加焉矣【集曽作耳劉錢作矣】
不勝則死不如背秦援宜陽",待标注,"{""行款"":""半页22行，行20字""}",,
15,15.jpg,15.jpg,一期,一期,"臣以掩蓋之也子罕釋相爲司空民非子罕而善其
君齊桓公宫中七市女閭七百國人非之管仲故爲
三歸之家以掩桓公非自傷於民也春秋記臣弑君
者以百數皆大臣見譽者也故大臣得譽非國家之
美也故衆庶成彊増積成山周君遂不免
温人之周周不納客即對曰【一本周不内問曰客耶對曰續韓非子文与一
本同】主人也問其巷而不知也吏因囚之君使人問之
曰子非周人而自謂非客何也對曰臣少而誦詩詩
曰普天之下莫非王土率土之濵莫非王臣今周君
天下則我天子之臣而又爲客哉故曰主人君乃使
吏出之
或爲周最謂金投曰秦以周最之齊疑天下而又知
趙之難子【曽本作予集本攺作予劉作子】
齊人戰恐齊韓之合必先
合於秦秦齊合則公之國虚矣公不如救齊因佐秦
而伐韓魏上黨長子趙之有巳公東收寶於秦南取
地於韓魏因以因徐爲之東則有合矣周最謂金投
曰公負令【錢劉作全】秦與強齊戰戰勝秦且收齊而封之
使無多割而聽天下之戰不勝國大傷不得不聽秦
秦盡韓魏之上黨大原西【曽錢集作西錢一作而】止秦之有巳
秦地天下之半也制齊楚三晉之命復國且身危是
何計之道也
石行秦【劉本作右行楚】謂大梁造【續啇子作大梁造】曰欲决霸王之","臣以掩蓋之也子罕釋相爲司空民非子罕而善其
君齊桓公宫中七市女閭七百國人非之管仲故爲
三歸之家以掩桓公非自傷於民也春秋記臣弑君
者以百數皆大臣見譽者也故大臣得譽非國家之
美也故衆庶成彊増積成山周君遂不免
温人之周周不納客即對曰【一本周不内問曰客耶對曰續韓非子文与一
本同】主人也問其巷而不知也吏因囚之君使人問之
曰子非周人而自謂非客何也對曰臣少而誦詩詩
曰普天之下莫非王土率土之濵莫非王臣今周君
天下則我天子之臣而又爲客哉故曰主人君乃使
吏出之
或爲周最謂金投曰秦以周最之齊疑天下而又知
趙之難子【曽本作予集本攺作予劉作子】
齊人戰恐齊韓之合必先
合於秦秦齊合則公之國虚矣公不如救齊因佐秦
而伐韓魏上黨長子趙之有巳公東收寶於秦南取
地於韓魏因以因徐爲之東則有合矣周最謂金投
曰公負令【錢劉作全】秦與強齊戰戰勝秦且收齊而封之
使無多割而聽天下之戰不勝國大傷不得不聽秦
秦盡韓魏之上黨大原西【曽錢集作西錢一作而】止秦之有巳
秦地天下之半也制齊楚三晉之命復國且身危是
何計之道也
石行秦【劉本作右行楚】謂大梁造【續啇子作大梁造】曰欲决霸王之",待标注,"{""行款"":""半页20行，行20字""}",,
16,16.jpg,16.jpg,一期,一期,"名不如備兩周辯知之士謂周君曰君不如令辯知
之士爲君爭於秦謂薛公曰【劉本題起謂字】周最於齊王也
而逐之聽祝弗【續史記作親弗注云人姓名索隱引戰國䇿作祝弗蓋祝爲得也】相
吕禮者欲取秦秦齊合弗與禮重矣有周齊秦必輕
君君弗如急北兵趨趙以秦魏收周最以爲後行且
反齊王之信又禁天下之率齊無秦天下果弗必走
齊王誰與爲其國齊聽祝弗【劉本題起齊字】外周最謂齊王
曰逐周最聽祝弗相吕禮者欲深取秦也秦得天下
則伐齊深矣夫齊合則趙恐伐故急兵以示秦秦以
趙攻與之齊伐趙其實同理必不處矣故用祝弗即
天下之理也
蘇厲爲周最謂蘇秦曰君不如令王聽最以地合於
魏趙故【曽无故字】必怒【怒一作恐】合於齊是君以合【一作全以】齊與
強楚吏產子君若欲因最之事則合齊者君也割地
者最也
謂周最曰仇赫【續史記机郝】之相宋將以觀秦之應趙宋
敗三國三國不敗將興趙宋合於東方以孤秦亦將
觀韓魏之於齊也不固則將與宋敗三國則賣趙宋
於三國公何不令人謂韓魏之王曰欲秦趙之相賣
乎何不合周最兼相視之不可離則秦趙必相賣以
合於王也
爲周最謂魏王曰秦知趙之難與齊戰也將恐齊趙","名不如備兩周辯知之士謂周君曰君不如令辯知
之士爲君爭於秦謂薛公曰【劉本題起謂字】周最於齊王也
而逐之聽祝弗【續史記作親弗注云人姓名索隱引戰國䇿作祝弗蓋祝爲得也】相
吕禮者欲取秦秦齊合弗與禮重矣有周齊秦必輕
君君弗如急北兵趨趙以秦魏收周最以爲後行且
反齊王之信又禁天下之率齊無秦天下果弗必走
齊王誰與爲其國齊聽祝弗【劉本題起齊字】外周最謂齊王
曰逐周最聽祝弗相吕禮者欲深取秦也秦得天下
則伐齊深矣夫齊合則趙恐伐故急兵以示秦秦以
趙攻與之齊伐趙其實同理必不處矣故用祝弗即
天下之理也
蘇厲爲周最謂蘇秦曰君不如令王聽最以地合於
魏趙故【曽无故字】必怒【怒一作恐】合於齊是君以合【一作全以】齊與
強楚吏產子君若欲因最之事則合齊者君也割地
者最也
謂周最曰仇赫【續史記机郝】之相宋將以觀秦之應趙宋
敗三國三國不敗將興趙宋合於東方以孤秦亦將
觀韓魏之於齊也不固則將與宋敗三國則賣趙宋
於三國公何不令人謂韓魏之王曰欲秦趙之相賣
乎何不合周最兼相視之不可離則秦趙必相賣以
合於王也
爲周最謂魏王曰秦知趙之難與齊戰也將恐齊趙",待标注,"{""行款"":""半页19行，行20字""}",,
17,17.jpg,17.jpg,一期,一期,"五庶子皆愛之而無適立也司馬翦謂楚王曰【一本無楚
字】字何不封公子咎【咎一作右】而爲之請太子左成【左一作右】謂
司馬翦曰周君不聽是公之知困而交絕於周也不
如謂周君曰孰欲立也微告翦翦今楚王資【資一作奉】之
以地公若欲爲太子因令人謂相國御展子廧夫空
曰王類欲令若爲之此健士也居中不便【便劉作使曽云恐作
便】於相國相國令之爲太子
三國隘秦周令其相之秦以秦之輕也留其行有人
謂相國曰秦之輕重未可知也秦欲知三【曽集劉錢作亡】國
之情公不如遂見秦王曰請謂王聽東方之處秦必
重公是公重周重周以取秦也齊重故有周而已取
齊是周常不失重國之交也
昌他亡西周之東周盡輸西周之情於東周東周大
喜西周大怒馮旦曰臣能殺之君子金三十斤馮旦
使人操金與書間遺昌他書曰告昌他事可成勉成
之不可成亟亡來亡來【一本止一亡來字】事久且泄自令身
死因使人告東周之候曰今夕有姦人當入者矣候
得而獻東周東周立殺昌他
昭翦與東周惡或謂照翦曰爲公畫隂計照翦曰何
也西周甚憎東周甞欲東周與楚惡西周必令賊賊
公因宣言東周也以西周之於王也照翦曰善吾又
恐東周之賊己而以輕西周惡之於楚遽和東周","五庶子皆愛之而無適立也司馬翦謂楚王曰【一本無楚
字】字何不封公子咎【咎一作右】而爲之請太子左成【左一作右】謂
司馬翦曰周君不聽是公之知困而交絕於周也不
如謂周君曰孰欲立也微告翦翦今楚王資【資一作奉】之
以地公若欲爲太子因令人謂相國御展子廧夫空
曰王類欲令若爲之此健士也居中不便【便劉作使曽云恐作
便】於相國相國令之爲太子
三國隘秦周令其相之秦以秦之輕也留其行有人
謂相國曰秦之輕重未可知也秦欲知三【曽集劉錢作亡】國
之情公不如遂見秦王曰請謂王聽東方之處秦必
重公是公重周重周以取秦也齊重故有周而已取
齊是周常不失重國之交也
昌他亡西周之東周盡輸西周之情於東周東周大
喜西周大怒馮旦曰臣能殺之君子金三十斤馮旦
使人操金與書間遺昌他書曰告昌他事可成勉成
之不可成亟亡來亡來【一本止一亡來字】事久且泄自令身
死因使人告東周之候曰今夕有姦人當入者矣候
得而獻東周東周立殺昌他
昭翦與東周惡或謂照翦曰爲公畫隂計照翦曰何
也西周甚憎東周甞欲東周與楚惡西周必令賊賊
公因宣言東周也以西周之於王也照翦曰善吾又
恐東周之賊己而以輕西周惡之於楚遽和東周",待标注,"{""行款"":""半页20行，行20字""}",,
18,18.jpg,18.jpg,一期,一期,"嚴氏爲賊而陽竪【曽一作堅】與焉道周周君留之十四曰
載以乗車駟馬而遣之韓使人讓周周君患之客謂
周君曰正語之曰寡人知嚴氏之爲賊而陽竪與之
故留之十四日以待命也小國不足亦以容賊君之
使又不至是以遣之也
戰國䇿卷第一
戰國䇿卷第二
西周髙誘注
薛公以齊爲韓魏攻楚【薛齊邑也齊公子田嬰也孟甞君田文之父也封於薛號靖郭
毛君今屬魯國也】
又與韓魏攻秦而藉兵乞食於西周【食粮也】韓
慶爲西周【續史記蘇代爲西周】謂薛公【韓慶西周臣也】曰君以齊爲韓魏
攻楚九年而取宛葉以北以強韓魏今又攻秦以益之
【益韓魏之強也】韓魏南無楚憂西無秦患則地廣而益重【厚多也重
尊也】齊必輕矣【益韓魏韓魏重而齊輕也】夫本末更盛虚實有時竊
爲君危之【謂薛公危不安也】君不如令弊邑隂合於秦而君無
攻【隂私也無攻秦也】又無藉兵乞食【勿示秦以少兵少粮也】君臨函谷而
無攻【臨猶守也函谷關名也在弘農城北今在新安東無攻秦】令弊邑以君之情謂","嚴氏爲賊而陽竪【曽一作堅】與焉道周周君留之十四曰
載以乗車駟馬而遣之韓使人讓周周君患之客謂
周君曰正語之曰寡人知嚴氏之爲賊而陽竪與之
故留之十四日以待命也小國不足亦以容賊君之
使又不至是以遣之也
戰國䇿卷第一
戰國䇿卷第二
西周髙誘注
薛公以齊爲韓魏攻楚【薛齊邑也齊公子田嬰也孟甞君田文之父也封於薛號靖郭
毛君今屬魯國也】
又與韓魏攻秦而藉兵乞食於西周【食粮也】韓
慶爲西周【續史記蘇代爲西周】謂薛公【韓慶西周臣也】曰君以齊爲韓魏
攻楚九年而取宛葉以北以強韓魏今又攻秦以益之
【益韓魏之強也】韓魏南無楚憂西無秦患則地廣而益重【厚多也重
尊也】齊必輕矣【益韓魏韓魏重而齊輕也】夫本末更盛虚實有時竊
爲君危之【謂薛公危不安也】君不如令弊邑隂合於秦而君無
攻【隂私也無攻秦也】又無藉兵乞食【勿示秦以少兵少粮也】君臨函谷而
無攻【臨猶守也函谷關名也在弘農城北今在新安東無攻秦】令弊邑以君之情謂",待标注,"{""行款"":""半页9行，行34字""}",,
19,19.jpg,19.jpg,一期,一期,"秦王曰薛公必破秦以張韓魏【張彊也】所以進兵者欲王
令楚割東國以與齊也秦王出楚王以爲和【出歸也是時張儀誘
楚懷王令召秦秦使質之故曰歸楚王以爲和】君令弊邑以此忠秦秦得無
破而以楚之東國自免也必欲之【楚東國近齊南境者也】楚王出
必德齊齊得東國而益強【恩德齊使得歸楚王必以東國與齊也】而薛
丗丗無患秦不大弱而處之三晉之西【三晉晉三卿韓氏魏氏趙氏分
晉而君之故曰三晉也】三晉必重齊薛公曰善因令韓慶入秦
而使三國無攻秦而使不藉兵乞食於西周
秦攻魏將尾武軍於伊闕進兵而攻周【秦攻魏將庠武軍於伊闕
秦遂進攻周伊闕在洛陽西南六十里禹所辟也水所由比流入于洛川也】爲周最謂李
兊曰【李兊趙將也】君不如禁秦之攻周【禁止也】趙之上計莫
如令秦魏復戰今秦攻周而得之則衆必多傷矣秦
欲待周之得必不攻魏秦若攻周而不得前有勝魏
之勞後有攻周之敗又必不攻魏今君禁之而秦未與
魏講也【講和也一曰戰】而【曽一作攻劉作而】全趙令其止必不敢不
聽是君却秦而定周也秦去周必復攻魏魏不能支
【支猶拒也】必因君而講則君重矣【君謂李兊也】若魏不講而疾
支之是君存周而戰秦魏也重亦盡在趙
秦令樗里疾以車百乗入周周君迎之以卒甚敬【疾秦
公子名也其里有大樗樹因號樗里子也百人爲卒甚敬敬樗里疾也】楚王怒讓周以
其重秦客【楚王懷王也一曰頃襄王之子懷王之孫也怒周敬重秦客故責讓之也】游騰
【續後語游勝】謂楚王曰【游騰周臣也】昔智伯欲伐厹由【智伯晉卿智襄】","秦王曰薛公必破秦以張韓魏【張彊也】所以進兵者欲王
令楚割東國以與齊也秦王出楚王以爲和【出歸也是時張儀誘
楚懷王令召秦秦使質之故曰歸楚王以爲和】君令弊邑以此忠秦秦得無
破而以楚之東國自免也必欲之【楚東國近齊南境者也】楚王出
必德齊齊得東國而益強【恩德齊使得歸楚王必以東國與齊也】而薛
丗丗無患秦不大弱而處之三晉之西【三晉晉三卿韓氏魏氏趙氏分
晉而君之故曰三晉也】三晉必重齊薛公曰善因令韓慶入秦
而使三國無攻秦而使不藉兵乞食於西周
秦攻魏將尾武軍於伊闕進兵而攻周【秦攻魏將庠武軍於伊闕
秦遂進攻周伊闕在洛陽西南六十里禹所辟也水所由比流入于洛川也】爲周最謂李
兊曰【李兊趙將也】君不如禁秦之攻周【禁止也】趙之上計莫
如令秦魏復戰今秦攻周而得之則衆必多傷矣秦
欲待周之得必不攻魏秦若攻周而不得前有勝魏
之勞後有攻周之敗又必不攻魏今君禁之而秦未與
魏講也【講和也一曰戰】而【曽一作攻劉作而】全趙令其止必不敢不
聽是君却秦而定周也秦去周必復攻魏魏不能支
【支猶拒也】必因君而講則君重矣【君謂李兊也】若魏不講而疾
支之是君存周而戰秦魏也重亦盡在趙
秦令樗里疾以車百乗入周周君迎之以卒甚敬【疾秦
公子名也其里有大樗樹因號樗里子也百人爲卒甚敬敬樗里疾也】楚王怒讓周以
其重秦客【楚王懷王也一曰頃襄王之子懷王之孫也怒周敬重秦客故責讓之也】游騰
【續後語游勝】謂楚王曰【游騰周臣也】昔智伯欲伐厹由【智伯晉卿智襄】",待标注,"{""行款"":""半页20行，行30字""}",,
20,20.jpg,20.jpg,一期,一期,"節不通其使【節符信也】是公以弊髙都得完周也何不與
也【弊破也】公中曰善不徴甲與粟於周而與髙都楚卒
不拔雍氏而去
周君之秦謂周最曰【謂有人謂周最姓名不見也最周公子也】不如譽秦
王之孝也因以應爲太后養地【原周邑也太后秦昭王母也】秦王
太后必喜是公有秦也交善周君必以爲公功【公周最也】
交惡勸周君入秦者必有罪矣
蘇厲謂周君曰敗韓魏殺犀武【犀武魏將】攻趙取藺離石
祁者皆白起【白起秦將也殺犀武於伊闕蘭石本屬西河祁本屬太原也】是攻用
兵又有天命也【是實也攻巧玄也白起用兵又有天命之助也】今攻鿄鿄必
破破則周危君不若止之謂白起曰楚有養由基者
善射【養姓由基名楚善射人也】去柳葉者百步而射之百發百中
左右皆曰善有一人過曰善射可敎射也矣【集劉錢無也字】
養由基曰人皆【劉錢下有曰字】善子乃曰可敎射子何不代
我射之也客曰我不能敎子支左屈右【支左屈右善射法也】夫
射柳葉者百發百中而不巳【巳錢劉作以】善息少焉氣力
倦弓撥矢鉤一發不中前功盡矣今公破韓魏殺犀
武而北攻趙取藺離石祁者公也公之功甚多今公
又以秦兵出塞過【曽一作週集劉作過】兩周踐韓而以攻鿄一
攻而不得前功盡滅【滅没也】公不若稱病不出也
楚兵在山南【在周之山南也】吾得將爲楚王屬怒於周【吾得楚將
也吾當爲五楚五將者也】或謂周君曰不如令太子將軍正迎吾","節不通其使【節符信也】是公以弊髙都得完周也何不與
也【弊破也】公中曰善不徴甲與粟於周而與髙都楚卒
不拔雍氏而去
周君之秦謂周最曰【謂有人謂周最姓名不見也最周公子也】不如譽秦
王之孝也因以應爲太后養地【原周邑也太后秦昭王母也】秦王
太后必喜是公有秦也交善周君必以爲公功【公周最也】
交惡勸周君入秦者必有罪矣
蘇厲謂周君曰敗韓魏殺犀武【犀武魏將】攻趙取藺離石
祁者皆白起【白起秦將也殺犀武於伊闕蘭石本屬西河祁本屬太原也】是攻用
兵又有天命也【是實也攻巧玄也白起用兵又有天命之助也】今攻鿄鿄必
破破則周危君不若止之謂白起曰楚有養由基者
善射【養姓由基名楚善射人也】去柳葉者百步而射之百發百中
左右皆曰善有一人過曰善射可敎射也矣【集劉錢無也字】
養由基曰人皆【劉錢下有曰字】善子乃曰可敎射子何不代
我射之也客曰我不能敎子支左屈右【支左屈右善射法也】夫
射柳葉者百發百中而不巳【巳錢劉作以】善息少焉氣力
倦弓撥矢鉤一發不中前功盡矣今公破韓魏殺犀
武而北攻趙取藺離石祁者公也公之功甚多今公
又以秦兵出塞過【曽一作週集劉作過】兩周踐韓而以攻鿄一
攻而不得前功盡滅【滅没也】公不若稱病不出也
楚兵在山南【在周之山南也】吾得將爲楚王屬怒於周【吾得楚將
也吾當爲五楚五將者也】或謂周君曰不如令太子將軍正迎吾",待标注,"{""行款"":""半页20行，行26字""}",,
21,21.jpg,21.jpg,一期,一期,"不謂周君曰臣之秦秦周之交必惡主君之臣又秦
重而欲相者且惡臣於秦而臣爲不能使矣臣願免
而行君因相之彼得相不惡周於秦矣君重秦故使
相往行而免且輕秦也公必不免公言是而行交善
於秦【爲秦所善】且公之成事也交惡於秦不善於公且誅
矣
戰國䇿卷第二
戰國䇿卷第三
秦一髙誘注
衛鞅亡魏入秦【衛鞅衛公子叔痤之子也痤仕魏相惠王痤病惠王視之曰若疾不諱誰
可與爲國者痤曰臣庶子鞅可也王不聽又曰王若不能用請殺之無令他國得用也鞅由是亡奔秦秦
孝公封之於商曰商鞅衛公之後孫也或曰公孫鞅也】孝公以爲相封之於商
號曰商君商君治秦法令至行【至猶大也】公平無私罰不
諱強大【諱白辟也詩云仲山甫不辟強禦不侮鰥寡此其一隅也】賞不私親近【似猶
曲也】法及太子【太子卒爲惠王】黥劓其傅【太子犯法刑之不赦故曰法及太子并罪
其傅刻其顙以墨實其中曰黥截其臯曰劓也】朞年之後道不拾遺【遺物在道不敢
拾也】民不妄取【民非其物不敢取也】兵革大強【革猶甲也】諸侯畏懼然
刻深寡恩【刻急也寡少也深重也言少恩仁也】特以強服之耳孝公行","不謂周君曰臣之秦秦周之交必惡主君之臣又秦
重而欲相者且惡臣於秦而臣爲不能使矣臣願免
而行君因相之彼得相不惡周於秦矣君重秦故使
相往行而免且輕秦也公必不免公言是而行交善
於秦【爲秦所善】且公之成事也交惡於秦不善於公且誅
矣
戰國䇿卷第二
戰國䇿卷第三
秦一髙誘注
衛鞅亡魏入秦【衛鞅衛公子叔痤之子也痤仕魏相惠王痤病惠王視之曰若疾不諱誰
可與爲國者痤曰臣庶子鞅可也王不聽又曰王若不能用請殺之無令他國得用也鞅由是亡奔秦秦
孝公封之於商曰商鞅衛公之後孫也或曰公孫鞅也】孝公以爲相封之於商
號曰商君商君治秦法令至行【至猶大也】公平無私罰不
諱強大【諱白辟也詩云仲山甫不辟強禦不侮鰥寡此其一隅也】賞不私親近【似猶
曲也】法及太子【太子卒爲惠王】黥劓其傅【太子犯法刑之不赦故曰法及太子并罪
其傅刻其顙以墨實其中曰黥截其臯曰劓也】朞年之後道不拾遺【遺物在道不敢
拾也】民不妄取【民非其物不敢取也】兵革大強【革猶甲也】諸侯畏懼然
刻深寡恩【刻急也寡少也深重也言少恩仁也】特以強服之耳孝公行",待标注,"{""行款"":""半页10行，行35字""}",,
22,22.jpg,22.jpg,一期,一期,"也知大夫命龜三者以士喪禮涖卜爲事命龜三有即席西面命龜云不述命明大夫有述命故知大夫命龜三也
注大事卜小事筮正義曰此大事者謂小事之中為大事非周禮大貞大封及八事之等故得用卜而已或云大
事卜者㧾兼大貞大封及八事等雖卜筮並用揲皆用卜故云大事卜但大事則先筮後卜卜筮俱有若小事筮徒
有筮而無卜也卜筮不過三王肅云禮以三爲成也上旬中旬下旬三卜筮不吉則不舉也鄭意不過三者謂
一卜不吉而凶又卜以至於三三若不吉則止若筮亦然也故魯有四卜之譏崔靈恩云謂不過三用若大事龜筮
並用者先用三王筮次用三王龜始是一也三如是乃爲三也若初始之時三筮三龜皆凶則止或遊多從少或從
多逆少如此者皆至於三也單卜單筮其法唯一用而已不吉則擇遠日不至於三也前以用三王之龜筮者有逆
有従故至三也此唯用一故不至三也案崔解亦有三王龜筮也注魯四十郊春秋譏之正義曰卜郊之事或
三或四或五襄七年夏四月三十郊不從乃免牲僖三十一年及襄十一年夏四月四十郊不從成十年夏四月五
上郊不從三傳之説參差不同若左氏之說魯郊常祀不須上可郊與否但卜牲與日唯周之三月爲之不可在四
月雖三卜亦爲非禮故僖三十一年左傳云禮不卜常祀是常祀不卜也襄七年左傳云啓蟄而郊郊而後耕今既
耕而卜郊冝其不從也是用周之三月不可至四月也若公羊之義所云卜者皆爲卜日故僖三十一年公羊傳云
三卜禮也四卜非禮也又成十七年公羊傳云郊用正月上辛何休云魯郊博卜三正三王之郊一用夏正又定十
五年禮三卜之運也何休云運轉也已卜春三正不吉復轉上夏三月周五月得一吉故五月郊如休之意魯郊轉
卜三正假令春正月卜不吉又卜殷正殷正不吉則用夏正郊不若此三正之內有凶不從則得上夏三月但滿三
吉日則得爲郊此公羊及何休之意也穀梁之説春秋上者皆卜日也哀元年穀梁傳云郊自正月至三月郊之時","也知大夫命龜三者以士喪禮涖卜爲事命龜三有即席西面命龜云不述命明大夫有述命故知大夫命龜三也
注大事卜小事筮正義曰此大事者謂小事之中為大事非周禮大貞大封及八事之等故得用卜而已或云大
事卜者㧾兼大貞大封及八事等雖卜筮並用揲皆用卜故云大事卜但大事則先筮後卜卜筮俱有若小事筮徒
有筮而無卜也卜筮不過三王肅云禮以三爲成也上旬中旬下旬三卜筮不吉則不舉也鄭意不過三者謂
一卜不吉而凶又卜以至於三三若不吉則止若筮亦然也故魯有四卜之譏崔靈恩云謂不過三用若大事龜筮
並用者先用三王筮次用三王龜始是一也三如是乃爲三也若初始之時三筮三龜皆凶則止或遊多從少或從
多逆少如此者皆至於三也單卜單筮其法唯一用而已不吉則擇遠日不至於三也前以用三王之龜筮者有逆
有従故至三也此唯用一故不至三也案崔解亦有三王龜筮也注魯四十郊春秋譏之正義曰卜郊之事或
三或四或五襄七年夏四月三十郊不從乃免牲僖三十一年及襄十一年夏四月四十郊不從成十年夏四月五
上郊不從三傳之説參差不同若左氏之說魯郊常祀不須上可郊與否但卜牲與日唯周之三月爲之不可在四
月雖三卜亦爲非禮故僖三十一年左傳云禮不卜常祀是常祀不卜也襄七年左傳云啓蟄而郊郊而後耕今既
耕而卜郊冝其不從也是用周之三月不可至四月也若公羊之義所云卜者皆爲卜日故僖三十一年公羊傳云
三卜禮也四卜非禮也又成十七年公羊傳云郊用正月上辛何休云魯郊博卜三正三王之郊一用夏正又定十
五年禮三卜之運也何休云運轉也已卜春三正不吉復轉上夏三月周五月得一吉故五月郊如休之意魯郊轉
卜三正假令春正月卜不吉又卜殷正殷正不吉則用夏正郊不若此三正之內有凶不從則得上夏三月但滿三
吉日則得爲郊此公羊及何休之意也穀梁之説春秋上者皆卜日也哀元年穀梁傳云郊自正月至三月郊之時",待标注,"{""行款"":""半页8行，行44字""}",,
23,23.jpg,23.jpg,一期,一期,"者說文云猶獸名獲屬與亦是獸名象屬此二獸皆進退多疑人多疑惑者似之故謂之猶與故曰疑而筮之則
弗非也者引舊語以結之卜筮所以定是非也若有疑而筮之則人無非之也不言卜者從可知也日而行事則
必踐之者踐善也言得吉而行事必善也王云卜得可行之日必履而行之踐履也弗非無非之者也】君
車將駕則僕執策立於馬前【監駕且爲馬行】已駕
僕展軫【展軫具視】效駕【白已駕】奮衣由右上取貳綏
【奮振去塵也貳副也】跪乗【未敢立敬也】執策分轡驅之五步而
立【調試之】君出就車則僕幷轡授綏【車上僕所主】左
右攘辟【謂羣臣陪位侍駕者攘卻也或者攘古讓字】車驅而騶至于
大門君撫僕之手而顧命車右就車門閭
溝渠必步【車右勇力之士備制非常者君行則陪乗君式則下步行】凡僕人之
若僕者降等則撫僕之手不然則自下拘之
【撫小止之謙也自下拘之中僕手下取之也僕與己同爵則不受】客車不入大門【#也】
婦人不立乗【異於男子】犬馬不上於堂【非摰幣也】故
君子式黃髪【敬老也發句言故明此衆篇雜辭也】下卿位【尊賢也卿位卿之朝
位也君出過之而上車入未至而下車】入國不馳【愛人也馳善蘭人也】入里必","者說文云猶獸名獲屬與亦是獸名象屬此二獸皆進退多疑人多疑惑者似之故謂之猶與故曰疑而筮之則
弗非也者引舊語以結之卜筮所以定是非也若有疑而筮之則人無非之也不言卜者從可知也日而行事則
必踐之者踐善也言得吉而行事必善也王云卜得可行之日必履而行之踐履也弗非無非之者也】君
車將駕則僕執策立於馬前【監駕且爲馬行】已駕
僕展軫【展軫具視】效駕【白已駕】奮衣由右上取貳綏
【奮振去塵也貳副也】跪乗【未敢立敬也】執策分轡驅之五步而
立【調試之】君出就車則僕幷轡授綏【車上僕所主】左
右攘辟【謂羣臣陪位侍駕者攘卻也或者攘古讓字】車驅而騶至于
大門君撫僕之手而顧命車右就車門閭
溝渠必步【車右勇力之士備制非常者君行則陪乗君式則下步行】凡僕人之
若僕者降等則撫僕之手不然則自下拘之
【撫小止之謙也自下拘之中僕手下取之也僕與己同爵則不受】客車不入大門【#也】
婦人不立乗【異於男子】犬馬不上於堂【非摰幣也】故
君子式黃髪【敬老也發句言故明此衆篇雜辭也】下卿位【尊賢也卿位卿之朝
位也君出過之而上車入未至而下車】入國不馳【愛人也馳善蘭人也】入里必",待标注,"{""行款"":""半页9行，行43字""}",,
24,24.jpg,24.jpg,一期,一期,"式【不誣十室】君命召雖賤人大夫士必自御之【御當
爲訝訝迎也君雖使賤人來必自出迎之尊君命也春秋傳曰跛者御跛者眇者御眇者皆訝也世人亂之】介
者不拜爲其拜而蓌拜【蓌則失容節蓌猶詐也】祥車曠
左【空神位也祥車葬之乗車】乗君之乗車不敢曠左左必式
【君存惡空其位】僕御婦人則進左手後右手【逺嫌】御國
君則進右手後左手而俯【敬也】國君不乗竒
車【出入必正也竒車獵衣之屬】車上不廣欬【爲若自矜廣猶弘也】不
妄指【為惑衆】立視五舊【立乎視也巂猶規也謂輪轉之度巂或爲案】式
視馬尾【小俛】顧不過轂【爲掩在後】國中以策彗䘏勿
驅塵不出軌【入國不馳彗竹帚䘏勿搔摩也】國君下齊牛式宗
廟大夫士下公門式路馬乗路馬必朝服載
鞭策不敢授綏左必式步路馬必中道以
足蹙路馬芻有誅齒路馬有誅【皆廣敬也路馬君之馬載
鞭策不敢執也齒欲年也誅罰也疏正義曰此以下揔明乗車顧式僕御謹敬之事各隨文解之君車
將駕者謂為君僕御之禮君車所乗之車也將駕謂始欲駕行時也則僕執策立於馬前者僕即御車者也古
者僕用好人爲之故孔子曰吾執御矣人云子適衛冉有僕及周禮諸僕皆用大夫士也棗馬杖也別有人牽馬","式【不誣十室】君命召雖賤人大夫士必自御之【御當
爲訝訝迎也君雖使賤人來必自出迎之尊君命也春秋傳曰跛者御跛者眇者御眇者皆訝也世人亂之】介
者不拜爲其拜而蓌拜【蓌則失容節蓌猶詐也】祥車曠
左【空神位也祥車葬之乗車】乗君之乗車不敢曠左左必式
【君存惡空其位】僕御婦人則進左手後右手【逺嫌】御國
君則進右手後左手而俯【敬也】國君不乗竒
車【出入必正也竒車獵衣之屬】車上不廣欬【爲若自矜廣猶弘也】不
妄指【為惑衆】立視五舊【立乎視也巂猶規也謂輪轉之度巂或爲案】式
視馬尾【小俛】顧不過轂【爲掩在後】國中以策彗䘏勿
驅塵不出軌【入國不馳彗竹帚䘏勿搔摩也】國君下齊牛式宗
廟大夫士下公門式路馬乗路馬必朝服載
鞭策不敢授綏左必式步路馬必中道以
足蹙路馬芻有誅齒路馬有誅【皆廣敬也路馬君之馬載
鞭策不敢執也齒欲年也誅罰也疏正義曰此以下揔明乗車顧式僕御謹敬之事各隨文解之君車
將駕者謂為君僕御之禮君車所乗之車也將駕謂始欲駕行時也則僕執策立於馬前者僕即御車者也古
者僕用好人爲之故孔子曰吾執御矣人云子適衛冉有僕及周禮諸僕皆用大夫士也棗馬杖也別有人牽馬",待标注,"{""行款"":""半页7行，行43字""}",,
25,25.jpg,25.jpg,一期,一期,"令駐車故君抑止僕手也而顧命車右就車者顧迥也鄭箋詩云迥首曰顧也車右勇力之士也就車謂君
勇力士令上車也車行則有三人君在左僕人中央勇力在右也初在門內未顧勇士勇士故從趨在車後令車行
既至大門方出履險阻恐有非常故迴頭命車右上車也門閭溝渠必步者是車右勇士之禮也門閭謂凡所過門
閭處也溝廣深四尺者渠亦溝也步謂下車也勇士雖即上車車若至門閭溝渠而勇士必下車所以然者一則君
子不誣十室過門閭必式君式則臣當下也二則溝渠是險阻恐有傾覆故勇士亦須下扶持之也而僕不下者車
行由僕僕下則車無御故不下也凡僕人之禮必授人綏凡僕人謂爲一切僕非但爲君僕時也車上既僕爲
主故爲人僕必授綏與所升之人也若僕者降等則受者謂士與大夫大夫與卿御也若御者卑降則主人不須
謙故受取綏也不然則否者不然謂僕者敵體雖御其主人宜謙不受其綏也若僕者降等則撫僕人之手者僕
者雖畢而受其綏不謙猶當撫止僕手若不聽自授然後乃受也不然則自下拘之者不然不降等者既敵不受
而僕者必授則主人當卻手從僕手下自拘取之注撫小至不受正義曰由從也此時主人初欲上而僕在車
上轉身嚮主人以授綏主人不就僕手外取之而以手從僕手下進拘取僕手裏上邊示不用僕授也僕與己同爵
則不受謂不降等者客車不入大門案公食大夫禮云賓之乗車在大門外西方注云賔車不入門廣敬也與
此同覲禮云偏駕不入王門謂同姓金路異姓家路之等舍之於賔館謂不得入玉門又云墨車龍斾以朝墨車得
入大門但不得入廟門耳婦人不立乗者立倚也婦人質弱不倚乗與男子也男子倚乗而婦人坐乗所以異也
#入馬不上於堂者賔主相見之禮也犬馬將爲禮而賤不牽上堂也犬則執紲馬則執鞠以呈之耳非贄幣故也
贄謂羔鴈錦玉之屬乃上堂也犬馬用充庭寳而已非物聽之贄幣故不上堂也故君子式黃髪此以下明雜","令駐車故君抑止僕手也而顧命車右就車者顧迥也鄭箋詩云迥首曰顧也車右勇力之士也就車謂君
勇力士令上車也車行則有三人君在左僕人中央勇力在右也初在門內未顧勇士勇士故從趨在車後令車行
既至大門方出履險阻恐有非常故迴頭命車右上車也門閭溝渠必步者是車右勇士之禮也門閭謂凡所過門
閭處也溝廣深四尺者渠亦溝也步謂下車也勇士雖即上車車若至門閭溝渠而勇士必下車所以然者一則君
子不誣十室過門閭必式君式則臣當下也二則溝渠是險阻恐有傾覆故勇士亦須下扶持之也而僕不下者車
行由僕僕下則車無御故不下也凡僕人之禮必授人綏凡僕人謂爲一切僕非但爲君僕時也車上既僕爲
主故爲人僕必授綏與所升之人也若僕者降等則受者謂士與大夫大夫與卿御也若御者卑降則主人不須
謙故受取綏也不然則否者不然謂僕者敵體雖御其主人宜謙不受其綏也若僕者降等則撫僕人之手者僕
者雖畢而受其綏不謙猶當撫止僕手若不聽自授然後乃受也不然則自下拘之者不然不降等者既敵不受
而僕者必授則主人當卻手從僕手下自拘取之注撫小至不受正義曰由從也此時主人初欲上而僕在車
上轉身嚮主人以授綏主人不就僕手外取之而以手從僕手下進拘取僕手裏上邊示不用僕授也僕與己同爵
則不受謂不降等者客車不入大門案公食大夫禮云賓之乗車在大門外西方注云賔車不入門廣敬也與
此同覲禮云偏駕不入王門謂同姓金路異姓家路之等舍之於賔館謂不得入玉門又云墨車龍斾以朝墨車得
入大門但不得入廟門耳婦人不立乗者立倚也婦人質弱不倚乗與男子也男子倚乗而婦人坐乗所以異也
#入馬不上於堂者賔主相見之禮也犬馬將爲禮而賤不牽上堂也犬則執紲馬則執鞠以呈之耳非贄幣故也
贄謂羔鴈錦玉之屬乃上堂也犬馬用充庭寳而已非物聽之贄幣故不上堂也故君子式黃髪此以下明雜",待标注,"{""行款"":""半页16行，行44字""}",,
26,26.jpg,26.jpg,一期,一期,"儀不足似許也虛作矯蓌則失容節是蓌猶詐也祥車曠左此以下又明僕御之禮祥猶吉也吉車謂平生時
所乗也死葬時因爲魂車鬼神尚吉故葬魂乗吉車也曠空也車上貴左故僕在右空左以擬神也注法空神位也
祥車葬之乗車知葬之乗車者以其大小二祥生人所乗之車無空左之法空左唯據葬時魂車故知也乗
君之乗車乘車謂君之次路也王者五路玉象木金革各一路王自乗一所餘四路皆從行臣若乗此車不敢空
左故典路云凡會同軍旅弔于四方以路從鄭云王出於事無常王乗一路典路以其餘路從行亦以華國又戎右
職云會同充車鄭云會同王雖乘金路猶以革路行充之者謂居左也曲禮曰乗君之乗車不敢曠左若曠左則似祥
車近於凶時故乗者自居左也左必式者雖處左而不敢自安故怕馮式云乗車則君皆在左若兵戎革路則君在
中央御者居左故成二年韓厥代御居中杜云自非元帥御者皆在中將在左以此而言則元帥及君宜在中也又
詩云左旋右抽鄭箋云左左人謂御者右車右也中軍謂將也兵車之法將居鼓下故御者在左君存惡空其位也
太僕云王出入則自左馭而前驅注云前驅如今道引也道而居左自馭不參乘辟王也亦有車右焉僕御婦人
則進左手正義曰僕在中央婦人在左僕御之時進左手持轡所以爾者形微相背也後右手者若進右手則
近相嚮相嚮則生嫌故後右手遠嫌也御國君則進右手後左手者禮以相嚮爲敬故進右手非男女無所嫌也
而俯者既御不得怕式故但俯俛而爲敬也井兩御也國君不乗竒車國君出入宜正不可乗竒邪不正之車
盧氏云不如御者之車也注出入至之屬正義曰隱義曰獵車之形今之鉤車是也衣車如鼈而長也漢桓帝
之時禁臣下乗之車上不廣欬廣弘大也欬聲欬也車已高若在上而聲大欬似自驕矜又驚衆也不妄指
#妄虛也在車上高若無事忽虛以手指麾於四方並爲#衆也立視五巂者車上依禮巂規也車輪一周爲一","儀不足似許也虛作矯蓌則失容節是蓌猶詐也祥車曠左此以下又明僕御之禮祥猶吉也吉車謂平生時
所乗也死葬時因爲魂車鬼神尚吉故葬魂乗吉車也曠空也車上貴左故僕在右空左以擬神也注法空神位也
祥車葬之乗車知葬之乗車者以其大小二祥生人所乗之車無空左之法空左唯據葬時魂車故知也乗
君之乗車乘車謂君之次路也王者五路玉象木金革各一路王自乗一所餘四路皆從行臣若乗此車不敢空
左故典路云凡會同軍旅弔于四方以路從鄭云王出於事無常王乗一路典路以其餘路從行亦以華國又戎右
職云會同充車鄭云會同王雖乘金路猶以革路行充之者謂居左也曲禮曰乗君之乗車不敢曠左若曠左則似祥
車近於凶時故乗者自居左也左必式者雖處左而不敢自安故怕馮式云乗車則君皆在左若兵戎革路則君在
中央御者居左故成二年韓厥代御居中杜云自非元帥御者皆在中將在左以此而言則元帥及君宜在中也又
詩云左旋右抽鄭箋云左左人謂御者右車右也中軍謂將也兵車之法將居鼓下故御者在左君存惡空其位也
太僕云王出入則自左馭而前驅注云前驅如今道引也道而居左自馭不參乘辟王也亦有車右焉僕御婦人
則進左手正義曰僕在中央婦人在左僕御之時進左手持轡所以爾者形微相背也後右手者若進右手則
近相嚮相嚮則生嫌故後右手遠嫌也御國君則進右手後左手者禮以相嚮爲敬故進右手非男女無所嫌也
而俯者既御不得怕式故但俯俛而爲敬也井兩御也國君不乗竒車國君出入宜正不可乗竒邪不正之車
盧氏云不如御者之車也注出入至之屬正義曰隱義曰獵車之形今之鉤車是也衣車如鼈而長也漢桓帝
之時禁臣下乗之車上不廣欬廣弘大也欬聲欬也車已高若在上而聲大欬似自驕矜又驚衆也不妄指
#妄虛也在車上高若無事忽虛以手指麾於四方並爲#衆也立視五巂者車上依禮巂規也車輪一周爲一",待标注,"{""行款"":""半页16行，行44字""}",,
27,27.jpg,27.jpg,一期,一期,"李善上文選注表
臣善言竊以道光九野縟景緯以照臨德載八埏麗山
川以錯峙垂象之文斯著含章之義聿宣協人靈以取
則基化成而自遠故羲繩之前飛髙天之浩唱媧簧之
後掞叢雲之奧詞步驟分途星躔殊建球鍾愈暢舞詠
方滋楚國詞人御蘭芬於絶代漢朝才子綜鞶帨於遙
年虛玄流正始之音氣質馳建安之體長離北度騰雅
詠於圭隂化龍東騖煽風流於江左爰逮有梁宏材彌
劭昭明太子業膺守器譽貞問寢居肅成而講藝開博
望以招賢搴中葉之詞林酌前修之筆海周巡緜嶠品","李善上文選注表
臣善言竊以道光九野縟景緯以照臨德載八埏麗山
川以錯峙垂象之文斯著含章之義聿宣協人靈以取
則基化成而自遠故羲繩之前飛髙天之浩唱媧簧之
後掞叢雲之奧詞步驟分途星躔殊建球鍾愈暢舞詠
方滋楚國詞人御蘭芬於絶代漢朝才子綜鞶帨於遙
年虛玄流正始之音氣質馳建安之體長離北度騰雅
詠於圭隂化龍東騖煽風流於江左爰逮有梁宏材彌
劭昭明太子業膺守器譽貞問寢居肅成而講藝開博
望以招賢搴中葉之詞林酌前修之筆海周巡緜嶠品",待标注,"{""行款"":""半页9行，行21字""}",,
28,28.jpg,28.jpg,一期,一期,"【曰爰有寒泉范子計然曰玉英出藍田是之自出謂玉出自藍田之中也】於後則髙陵平原據渭踞【據
涇瀆【憚】漫【漫半】靡迤作鎭於近【良曰踞倚也大阜曰陵廣平曰原湮謂二水名瀆漫靡迤寬長貌言此原
陵爲國之近鎭善曰爾雅曰大阜曰陵又曰髙平曰原毛萇詩傳曰據依也大戴禮曰獨坐不踞然踞却倚也綜曰澶漫靡迤陵原之形爲近鎭也善
曰子虛賦曰登降迤靡案衍澶漫】其逺則有九嵕甘泉涸【涸】陰冱【乎故】寒日北至而
含凍此焉清暑【良曰涸堅冱閉也日北夏至時也九嵕甘泉之地寒氣堅閉至此時猶含凍焉可以消肅其暑氣綜曰九嵕甘
泉其處常陰寒日比至謂夏至時猶冱凍而有凍帝或避暑於甘泉宮故云清暑善曰左氏傳申豐曰涸陰冱寒冱胡故切漢書曰夏至于東井北近機故曰盛夏含凍裂地】爾乃廣伐沃野厥田上上寖爲地之奧區
神阜【銑曰地下平曰衍沃地也厥其上上第一也寔實奧美也神者美言之澤畔曰皐善曰鄭玄周禮注下平曰衍漢書曰秦地沃野千里尚
書雍州曰厥田惟上上綜曰神皐接神之聲善曰漢書自古以雍州積高神明之隩故立畤郊上帝諸神祠皆聚之廣雅曰皐局也謂神明之界局也】
昔者大帝悅秦繆【目】公而覲之饗以鈞天廣樂帝有醉焉","【曰爰有寒泉范子計然曰玉英出藍田是之自出謂玉出自藍田之中也】於後則髙陵平原據渭踞【據
涇瀆【憚】漫【漫半】靡迤作鎭於近【良曰踞倚也大阜曰陵廣平曰原湮謂二水名瀆漫靡迤寬長貌言此原
陵爲國之近鎭善曰爾雅曰大阜曰陵又曰髙平曰原毛萇詩傳曰據依也大戴禮曰獨坐不踞然踞却倚也綜曰澶漫靡迤陵原之形爲近鎭也善
曰子虛賦曰登降迤靡案衍澶漫】其逺則有九嵕甘泉涸【涸】陰冱【乎故】寒日北至而
含凍此焉清暑【良曰涸堅冱閉也日北夏至時也九嵕甘泉之地寒氣堅閉至此時猶含凍焉可以消肅其暑氣綜曰九嵕甘
泉其處常陰寒日比至謂夏至時猶冱凍而有凍帝或避暑於甘泉宮故云清暑善曰左氏傳申豐曰涸陰冱寒冱胡故切漢書曰夏至于東井北近機故曰盛夏含凍裂地】爾乃廣伐沃野厥田上上寖爲地之奧區
神阜【銑曰地下平曰衍沃地也厥其上上第一也寔實奧美也神者美言之澤畔曰皐善曰鄭玄周禮注下平曰衍漢書曰秦地沃野千里尚
書雍州曰厥田惟上上綜曰神皐接神之聲善曰漢書自古以雍州積高神明之隩故立畤郊上帝諸神祠皆聚之廣雅曰皐局也謂神明之界局也】
昔者大帝悅秦繆【目】公而覲之饗以鈞天廣樂帝有醉焉",待标注,"{""行款"":""半页4行，行83字""}",,
29,29.jpg,29.jpg,一期,一期,"竈也以青飾之丹墀階也以丹漆塗之綜曰墄限也謂階齒也天子殿髙九尺階九齒各爲九級其側階各中分左右左右有齒右則滂沱平之今輦車得上
善曰西都賦曰左墄右平也漢書曰赤壁青瑣音義曰以青畫戶邊鏤中王逸楚辭注曰文如連瑣漢官典職曰丹漆地故稱丹墀】刋層平
堂設砌厓隒【宜檢反向曰刋削也層累堂髙也厓隒邊限也謂削累其階今乎髙設砌以爲邊限綜曰刋削也善曰郭璞山海經注
曰層重也宋衷太玄經注曰堂髙也切與砌古字通說文曰隒厓也和檢切】坻【墀】崿鱗峋【詢】棧【仕眼】齴【眼】巉【助奄】嶮【宜檢反向曰皆殿階髙峻之貌綜曰殿基之形勢也善曰廣雅曰坻除也文字集略曰崿崖也埤蒼曰峋音荀嶮魚儉切鱗峋無涯也棧嶮皆髙
峻貌】襄岸夷塗脩路峻嶮【向曰裏髙也岸殿階也峻外也嶮危也言殿階之上途路甚平而長然升者謂之危綜曰裏謂
髙也夷平也峻升也險危也】重門襲固姦宄是防仰福帝居陽曜隂蔵【翰曰
襲亦重也謂設重門以防寇賊福同也謂宮殿皆同天帝所居陽曜隂蔵陽曰也言光色可以曜曰深邃可以藏隂綜曰姦邪也竊寳曰宄善曰周易曰重
門擊柝以待暴客淮南子曰閨門重襲以避姦賊郭璞爾雅注曰襲重也孔安國尚書傳曰寇賊在外曰姦在內曰宄綜曰帝居謂太微宮五帝所居福猶同
也太微宮陽時則見隂時則藏言今長安宮上與之同法矣】浜鐘萬鈞猛虡【巨】趪趪【黃】負筍","竈也以青飾之丹墀階也以丹漆塗之綜曰墄限也謂階齒也天子殿髙九尺階九齒各爲九級其側階各中分左右左右有齒右則滂沱平之今輦車得上
善曰西都賦曰左墄右平也漢書曰赤壁青瑣音義曰以青畫戶邊鏤中王逸楚辭注曰文如連瑣漢官典職曰丹漆地故稱丹墀】刋層平
堂設砌厓隒【宜檢反向曰刋削也層累堂髙也厓隒邊限也謂削累其階今乎髙設砌以爲邊限綜曰刋削也善曰郭璞山海經注
曰層重也宋衷太玄經注曰堂髙也切與砌古字通說文曰隒厓也和檢切】坻【墀】崿鱗峋【詢】棧【仕眼】齴【眼】巉【助奄】嶮【宜檢反向曰皆殿階髙峻之貌綜曰殿基之形勢也善曰廣雅曰坻除也文字集略曰崿崖也埤蒼曰峋音荀嶮魚儉切鱗峋無涯也棧嶮皆髙
峻貌】襄岸夷塗脩路峻嶮【向曰裏髙也岸殿階也峻外也嶮危也言殿階之上途路甚平而長然升者謂之危綜曰裏謂
髙也夷平也峻升也險危也】重門襲固姦宄是防仰福帝居陽曜隂蔵【翰曰
襲亦重也謂設重門以防寇賊福同也謂宮殿皆同天帝所居陽曜隂蔵陽曰也言光色可以曜曰深邃可以藏隂綜曰姦邪也竊寳曰宄善曰周易曰重
門擊柝以待暴客淮南子曰閨門重襲以避姦賊郭璞爾雅注曰襲重也孔安國尚書傳曰寇賊在外曰姦在內曰宄綜曰帝居謂太微宮五帝所居福猶同
也太微宮陽時則見隂時則藏言今長安宮上與之同法矣】浜鐘萬鈞猛虡【巨】趪趪【黃】負筍",待标注,"{""行款"":""半页8行，行60字""}",,
30,30.jpg,30.jpg,一期,一期,"書舊儀云髙三十丈望見長安城訬髙也竦立也峙住也善曰訬音眇綜曰徑度也倍尋曰常莖特也擢獨出貌也辯華敷大也刻陗升髙也善曰瓣音班】翔鷃【昆】仰而弗逮況青鳥與黃雀伏櫺【零】檻而俯聽聞
雷霆之相激【向曰翔飛也鶤大鳥逮及也青鳥黃雀小鳥也言臺髙大鳥之飛尚不及況小鳥乎俯下也謂伏於櫺檻下聞雷霆
之聲綜曰鶤大鳥青鳥黃雀皆小鳥翔髙飛也善曰穆天子傳曰鶤雞飛八百里郭璞曰鶤即鵾雞也鵾與鶤同左氏傳曰青鳥氏司啓者也杜預曰青鳥
鶬鶊也戰國策莊辛曰黃雀俯啄百粒綜曰伏猶慿也櫺臺上蘭也頫低頭也蒼頡篇曰霆霹靂也言臺之髙於上低頭聽雷聲乃在下善曰頫古字音府
栢梁既災越巫陳方建章是經用厭【於冉】火祥營宇之制
事兼未央【翰曰武帝時栢梁宮遭火越巫今帝起建章宮以厭火祥其宮宇制度兼未央宮之大也善曰漢書曰栢梁災越俗有火災
復起居必以大用勝服之於是作建章宮漢武故事曰以香栢爲之香聞數十里綜曰兼猶倍也所以順巫言也善曰漢書曰劉向上疏曰項籍燔其宮室
營宇】圜闕竦以造【去】天若雙碣【竭】之相望鳳騫【軒】翥【之預】於甍
【萌】摽成遡【素】風而欲翔【翰曰造至也言闕上竦若至天如碣石之山相望矣遡向也謂作金鳳置於棟上皆猶向","書舊儀云髙三十丈望見長安城訬髙也竦立也峙住也善曰訬音眇綜曰徑度也倍尋曰常莖特也擢獨出貌也辯華敷大也刻陗升髙也善曰瓣音班】翔鷃【昆】仰而弗逮況青鳥與黃雀伏櫺【零】檻而俯聽聞
雷霆之相激【向曰翔飛也鶤大鳥逮及也青鳥黃雀小鳥也言臺髙大鳥之飛尚不及況小鳥乎俯下也謂伏於櫺檻下聞雷霆
之聲綜曰鶤大鳥青鳥黃雀皆小鳥翔髙飛也善曰穆天子傳曰鶤雞飛八百里郭璞曰鶤即鵾雞也鵾與鶤同左氏傳曰青鳥氏司啓者也杜預曰青鳥
鶬鶊也戰國策莊辛曰黃雀俯啄百粒綜曰伏猶慿也櫺臺上蘭也頫低頭也蒼頡篇曰霆霹靂也言臺之髙於上低頭聽雷聲乃在下善曰頫古字音府
栢梁既災越巫陳方建章是經用厭【於冉】火祥營宇之制
事兼未央【翰曰武帝時栢梁宮遭火越巫今帝起建章宮以厭火祥其宮宇制度兼未央宮之大也善曰漢書曰栢梁災越俗有火災
復起居必以大用勝服之於是作建章宮漢武故事曰以香栢爲之香聞數十里綜曰兼猶倍也所以順巫言也善曰漢書曰劉向上疏曰項籍燔其宮室
營宇】圜闕竦以造【去】天若雙碣【竭】之相望鳳騫【軒】翥【之預】於甍
【萌】摽成遡【素】風而欲翔【翰曰造至也言闕上竦若至天如碣石之山相望矣遡向也謂作金鳳置於棟上皆猶向",待标注,"{""行款"":""半页7行，行59字""}",,
31,31.jpg,31.jpg,一期,一期,開隔也言隔一門自有一庭門戶【戶萬言多也綜曰謂闥道如雲氣相延蔓也】善曰許慎淮南子注曰廊屋也説文曰廡堂下周屋也蒼頡篇曰開垣也胡旦切說文曰詭遽也西都賦曰張千門而立萬戸】重閨幽闇轉相逾延【移賤】望叫【善本作窱】窹徒以徑廷【他頂眇】不知其所返【方萬反濟曰閨閻互相通而深逺入者眇然而迷不知還路綜曰宮中之門小者曰閨言互相周通】皆迷惑不識還道也【善曰廷他定切】既乃珍臺蹇產以極壯隆道邐倚其【向曰珍臺臺名在城東蹇產髙大貌隆道閎道也言此閣綺以正東【道西入宮邐倚長逺之貌自宮言之故言正東綜曰蹇產形貌也堦閣道也邐倚一髙一下一屈一直也乃從建章館踰西城東入於正宮中也】善曰甘泉賦曰珍臺閑館西都賦曰凌壇道而超西墉壇都巨切邐力氏切】似閬風之遐坂橫西洫而絶金墉城尉不弛【紙】拼【他詩】而內外潛通【濟曰閬風崐崘山也金墉城也言珍臺之髙閎道之長有似閬風之山也橫越也謂越洫過城也城尉官名也弛廢也柝擊木以守更也言城尉不廢守更而閎道之中潛行以通內外綜曰閬風崐崘山名也洫城池也墉謂城也絶度也言閎道似此山之長逺橫越西洫而度金城也西方稱之曰金【善曰東方朔十洲記崐崘其北角曰閬風之崑洫已見上文綜曰弛廢也潛嘿也言城門校尉不廢擊柝之備內外已自嘿通也】善曰鄭玄周,開隔也言隔一門自有一庭門戶【戶萬言多也綜曰謂闥道如雲氣相延蔓也】善曰許慎淮南子注曰廊屋也説文曰廡堂下周屋也蒼頡篇曰開垣也胡旦切說文曰詭遽也西都賦曰張千門而立萬戸】重閨幽闇轉相逾延【移賤】望叫【善本作窱】窹徒以徑廷【他頂眇】不知其所返【方萬反濟曰閨閻互相通而深逺入者眇然而迷不知還路綜曰宮中之門小者曰閨言互相周通】皆迷惑不識還道也【善曰廷他定切】既乃珍臺蹇產以極壯隆道邐倚其【向曰珍臺臺名在城東蹇產髙大貌隆道閎道也言此閣綺以正東【道西入宮邐倚長逺之貌自宮言之故言正東綜曰蹇產形貌也堦閣道也邐倚一髙一下一屈一直也乃從建章館踰西城東入於正宮中也】善曰甘泉賦曰珍臺閑館西都賦曰凌壇道而超西墉壇都巨切邐力氏切】似閬風之遐坂橫西洫而絶金墉城尉不弛【紙】拼【他詩】而內外潛通【濟曰閬風崐崘山也金墉城也言珍臺之髙閎道之長有似閬風之山也橫越也謂越洫過城也城尉官名也弛廢也柝擊木以守更也言城尉不廢守更而閎道之中潛行以通內外綜曰閬風崐崘山名也洫城池也墉謂城也絶度也言閎道似此山之長逺橫越西洫而度金城也西方稱之曰金【善曰東方朔十洲記崐崘其北角曰閬風之崑洫已見上文綜曰弛廢也潛嘿也言城門校尉不廢擊柝之備內外已自嘿通也】善曰鄭玄周,待标注,"{""行款"":""半页1行，行501字""}",,
32,32.jpg,32.jpg,一期,一期,"傷寒手足欲脫疼痛方八首
傷寒虛羸方四首
傷寒不得眠方四首
傷寒小便不利方九首
傷寒下痢及膿血黃赤方二十六首
傷寒蠆瘡方一十首
傷寒隂陽易方八首
傷寒勞復食復方二十五首
傷寒狐惑病方四首
傷寒中風方九首【目億等按傷寒論傷寒中風自是兩疾今云傷寒中風非】
病源中風傷寒之狀太陽中風陽浮隂弱陽浮者熱自發隂弱者
汗自出濇濇惡寒淅淅惡風翕翕發熱鼻鳴乾嘔此其候也
太陽中風以火劫發其汗邪風被火熱氣氣流溢失其正常度兩陽
相熏灼其身即發黃陽盛則欲衂【女六反】隂虛小便難隂陽俱虛竭身
體則枯燥但頭汗出劑頸而還腹滿微喘口乾咽爛或不大便又則
誠語【荒語也本作譫】甚者至噦手足躁擾循衣摸牀小便利者其人可療
陽明中風口苦而咽乾腹滿微喘發熱惡寒脈浮緊若下之則
腹滿小便難
陽明病若能食爲中風不能食爲中寒
少陽中風兩耳無所聞目赤胷中滿而煩者不可吐下吐下之
則悸【其季反】而驚
太隂中風四肢煩疼其脈陽微隂澀而長者爲欲愈
少隂中風其脈陽微隂浮者爲欲愈
厥隂中風其脈微浮者爲欲愈不浮爲未愈仲景傷寒論同並
出第七卷中","傷寒手足欲脫疼痛方八首
傷寒虛羸方四首
傷寒不得眠方四首
傷寒小便不利方九首
傷寒下痢及膿血黃赤方二十六首
傷寒蠆瘡方一十首
傷寒隂陽易方八首
傷寒勞復食復方二十五首
傷寒狐惑病方四首
傷寒中風方九首【目億等按傷寒論傷寒中風自是兩疾今云傷寒中風非】
病源中風傷寒之狀太陽中風陽浮隂弱陽浮者熱自發隂弱者
汗自出濇濇惡寒淅淅惡風翕翕發熱鼻鳴乾嘔此其候也
太陽中風以火劫發其汗邪風被火熱氣氣流溢失其正常度兩陽
相熏灼其身即發黃陽盛則欲衂【女六反】隂虛小便難隂陽俱虛竭身
體則枯燥但頭汗出劑頸而還腹滿微喘口乾咽爛或不大便又則
誠語【荒語也本作譫】甚者至噦手足躁擾循衣摸牀小便利者其人可療
陽明中風口苦而咽乾腹滿微喘發熱惡寒脈浮緊若下之則
腹滿小便難
陽明病若能食爲中風不能食爲中寒
少陽中風兩耳無所聞目赤胷中滿而煩者不可吐下吐下之
則悸【其季反】而驚
太隂中風四肢煩疼其脈陽微隂澀而長者爲欲愈
少隂中風其脈陽微隂浮者爲欲愈
厥隂中風其脈微浮者爲欲愈不浮爲未愈仲景傷寒論同並
出第七卷中",待标注,"{""行款"":""半页6行，行24字""}",,
33,33.jpg,33.jpg,一期,一期,"仲景傷寒論桂枝湯療太陽中風陽浮隂弱陽浮者熱自發隂
弱者汗自出嗇嗇惡寒淅淅惡風翕翕發熱鼻鳴乾嘔方
桂心芍藥生薑【各三兩】甘草【二兩炙】
大棗【十二枚擘】
右五物切薑擘棗次切餘藥以水七升煮棗令爛去滓乃內
諸藥水少者益之煮令微微沸得三升去滓服一升日三小
兒以意減之初一服便得汗出者後服小小闊其間如不得
汗者小小促之令其藥勢相及汗出自護如服六物青散法
若病重者宜夜服特須避風若服一劑晬時不解病證不變
者當更服之至有不肯汗出服二三劑乃愈服此藥食頃亦
當飲熱粥以助藥力若初得病甚便以火發汗火氣太過汗
出不解煩躁不得寐因此陽加龍骨牡蠣各三兩減桂心生
薑各一兩不用芍藥若虛勞裏急腹中痛者取前桂枝湯二
外加膠飴【音夷錫也】一升適寒溫分再服若得大汗出者只用桂
枝二兩發汗後重發汗亡陽諴語其脈反和者不死發汗
已解半日所重發煩其脈浮數可復發汗冝桂枝湯方在
上出第二卷中千金胡洽集驗文仲備急范汪同忌海藻
生葱菘菜等物
又療傷寒頭疼腰痛身體骨節疼發熱惡風汗不出而喘麻黃
湯方
麻黃【三兩去節】桂心【二兩】甘草【炙一兩】杏人【七十枚去皮兩人尖碎】
右四味切以水九升煮麻黃減二升去上沫內諸藥煮取二
升半去滓服八合覆取微汗不須歠粥餘如桂枝法將息忌
海藻菘菜生葱【臣億等按張仲景傷寒論麻黃湯惟主傷寒不主中風若中風但可服前桂枝湯】
又療太陽病項背強几几反汗不出惡風者屬葛根湯方
葛根【四兩】麻黃【四兩去節】甘草【二兩炙】芍藥","仲景傷寒論桂枝湯療太陽中風陽浮隂弱陽浮者熱自發隂
弱者汗自出嗇嗇惡寒淅淅惡風翕翕發熱鼻鳴乾嘔方
桂心芍藥生薑【各三兩】甘草【二兩炙】
大棗【十二枚擘】
右五物切薑擘棗次切餘藥以水七升煮棗令爛去滓乃內
諸藥水少者益之煮令微微沸得三升去滓服一升日三小
兒以意減之初一服便得汗出者後服小小闊其間如不得
汗者小小促之令其藥勢相及汗出自護如服六物青散法
若病重者宜夜服特須避風若服一劑晬時不解病證不變
者當更服之至有不肯汗出服二三劑乃愈服此藥食頃亦
當飲熱粥以助藥力若初得病甚便以火發汗火氣太過汗
出不解煩躁不得寐因此陽加龍骨牡蠣各三兩減桂心生
薑各一兩不用芍藥若虛勞裏急腹中痛者取前桂枝湯二
外加膠飴【音夷錫也】一升適寒溫分再服若得大汗出者只用桂
枝二兩發汗後重發汗亡陽諴語其脈反和者不死發汗
已解半日所重發煩其脈浮數可復發汗冝桂枝湯方在
上出第二卷中千金胡洽集驗文仲備急范汪同忌海藻
生葱菘菜等物
又療傷寒頭疼腰痛身體骨節疼發熱惡風汗不出而喘麻黃
湯方
麻黃【三兩去節】桂心【二兩】甘草【炙一兩】杏人【七十枚去皮兩人尖碎】
右四味切以水九升煮麻黃減二升去上沫內諸藥煮取二
升半去滓服八合覆取微汗不須歠粥餘如桂枝法將息忌
海藻菘菜生葱【臣億等按張仲景傷寒論麻黃湯惟主傷寒不主中風若中風但可服前桂枝湯】
又療太陽病項背強几几反汗不出惡風者屬葛根湯方
葛根【四兩】麻黃【四兩去節】甘草【二兩炙】芍藥",待标注,"{""行款"":""半页12行，行23字""}",,
34,34.jpg,34.jpg,一期,一期,"之熱氣乗虛而痞【音被結也】結不散也按之痛其脈寸口浮關上反
自沈是也脈大不可下下之則死脈浮而大下之爲逆若陽脈
浮關上細小沈緊而飲食如故時小便利者名爲藏結藏結病
舌上白胎滑者爲難療不往來寒熱其人反靜舌上不胎者不
可攻之出第七卷中
張仲景傷寒論問曰病有結胷有藏結其狀如何荅曰按之痛
寸脈浮關脈沈名結胷也問曰何謂藏結答曰如結胷狀飲食
如故時時下利寸口脈浮關上小細而沈緊名藏結舌上白胎
滑者爲難治藏結無陽證不往來寒熱其人反靜舌上胎滑者
不可攻也病發於陽而反下之熱入因作結胷病發於隂而反
下之【一作汗之】因作痞也所以成結胷者以下之太早故也
結胷證悉具煩躁者亦死
結胷證其脈浮大者不可下也下之則死
夫結胷病項亦強如柔痓【音熾惡也】狀下之則和宜大陷胷丸方
蜀大黃【半斤】葶藶子【半升熬】杏人【半升去皮尖熬令赤黑色】
芒消【半升】
右四味擣篩二味杏人合芒消研如泥和散合和丸如彈子
大每服一丸用甘遂末一錢匕白蜜一兩水二井同煮取一
升溫頓服之一宿乃自下如不下更服取下爲效金翼同
又太陽病脈浮動數浮則爲風數則爲熱動則爲痛數則爲虛
頭痛發熱微盜汗出而反惡寒表未解也醫反下之動數變遲
膈內拒痛【一云頭痛即眩】胃中空虛客熱動膈短氣煩躁心內懊【於告反】
憹【音農】陽氣內陷心下因堅則爲結胷大陷胷湯主之
若不結胷但頭汗出餘處無汗劑頸而還小便不利身必發黃
大陷胷湯方
蜀大黃【六兩破】甘遂末【匕錢匕】芒消【一升】","之熱氣乗虛而痞【音被結也】結不散也按之痛其脈寸口浮關上反
自沈是也脈大不可下下之則死脈浮而大下之爲逆若陽脈
浮關上細小沈緊而飲食如故時小便利者名爲藏結藏結病
舌上白胎滑者爲難療不往來寒熱其人反靜舌上不胎者不
可攻之出第七卷中
張仲景傷寒論問曰病有結胷有藏結其狀如何荅曰按之痛
寸脈浮關脈沈名結胷也問曰何謂藏結答曰如結胷狀飲食
如故時時下利寸口脈浮關上小細而沈緊名藏結舌上白胎
滑者爲難治藏結無陽證不往來寒熱其人反靜舌上胎滑者
不可攻也病發於陽而反下之熱入因作結胷病發於隂而反
下之【一作汗之】因作痞也所以成結胷者以下之太早故也
結胷證悉具煩躁者亦死
結胷證其脈浮大者不可下也下之則死
夫結胷病項亦強如柔痓【音熾惡也】狀下之則和宜大陷胷丸方
蜀大黃【半斤】葶藶子【半升熬】杏人【半升去皮尖熬令赤黑色】
芒消【半升】
右四味擣篩二味杏人合芒消研如泥和散合和丸如彈子
大每服一丸用甘遂末一錢匕白蜜一兩水二井同煮取一
升溫頓服之一宿乃自下如不下更服取下爲效金翼同
又太陽病脈浮動數浮則爲風數則爲熱動則爲痛數則爲虛
頭痛發熱微盜汗出而反惡寒表未解也醫反下之動數變遲
膈內拒痛【一云頭痛即眩】胃中空虛客熱動膈短氣煩躁心內懊【於告反】
憹【音農】陽氣內陷心下因堅則爲結胷大陷胷湯主之
若不結胷但頭汗出餘處無汗劑頸而還小便不利身必發黃
大陷胷湯方
蜀大黃【六兩破】甘遂末【匕錢匕】芒消【一升】",待标注,"{""行款"":""半页11行，行24字""}",,
35,35.jpg,35.jpg,一期,一期,"右三味以水六升先煑大黃取二升去滓內芒消煑一兩沸
內甘遂末溫服一升得快利止後服千金翼同
又傷寒六七日結胷熱實脉沈緊心下痛按之石堅大陷胷湯
主之方依前法
又傷寒十餘日熱結在裏復往來寒熱者與大柴胡湯
但結胷無大熱者此水結在胷脅也但頭微汗出者大陷胷湯
主之方依前法
大柴胡湯方
柴胡【半斤】枳實【四枚炙】生薑【五兩】黃芩【三兩】
芍藥【三兩】半夏【半升洗】大棗【十二枚擘】
右七味切以水二斗二升煑取六升去滓更煎取三升溫服
一升日三服一方加大黃二兩若不加大黃恐不名爲大柴
胡湯忌羊肉餳千金翼古今録驗同","右三味以水六升先煑大黃取二升去滓內芒消煑一兩沸
內甘遂末溫服一升得快利止後服千金翼同
又傷寒六七日結胷熱實脉沈緊心下痛按之石堅大陷胷湯
主之方依前法
又傷寒十餘日熱結在裏復往來寒熱者與大柴胡湯
但結胷無大熱者此水結在胷脅也但頭微汗出者大陷胷湯
主之方依前法
大柴胡湯方
柴胡【半斤】枳實【四枚炙】生薑【五兩】黃芩【三兩】
芍藥【三兩】半夏【半升洗】大棗【十二枚擘】
右七味切以水二斗二升煑取六升去滓更煎取三升溫服
一升日三服一方加大黃二兩若不加大黃恐不名爲大柴
胡湯忌羊肉餳千金翼古今録驗同",待标注,"{""行款"":""半页10行，行23字""}",,
36,36.jpg,36.jpg,一期,一期,"右三味切以水六升煮栝樓實取三分去滓內諸藥煮取二
升去滓溫分三服忌羊肉鯉豬肉千金翼同
又病在太陽應以汗解之反以冷水潠之若灌之其熱卻不得
去彌更益煩皮上粟起意欲飲水而反不渴者服文蛤散若不
差者與五苓散用前篇方
又寒實結肻無熱證者與三物小陷胷陽方如前法白散亦可服
文蛤散方
文蛤【五兩】
右一味擣篩爲散以沸湯和一方寸匕服之湯用五合千金
翼同
又白散方
桔梗【三分】貝母【三分】巴豆【一分去心及皮熬今黑赤別研如脂】
右三味擣篩更於臼內擣之以白飲和服強人半錢匕羸人
減之病在膈上則吐在膈下則利利不止飲冷粥一柸止並
出第四卷中千金翼同忌豬肉蘆笋等
傷寒嘔噦方一十四首
病源傷寒病後胃氣不和此由初受病時毒熱氣盛多服冷藥
瀉下及飲冷水病折以後熱勢既退冷氣乃動故使心下堅牢
噫噦食臭腹內雷鳴而泄利此由脾胃氣虛冷故也出第卷中
仲景傷寒論療嘔噦心下悸痞鞕不能食小半夏湯方
半夏【一升洗】生薑【八兩去皮】
右二味切以水七升煮取一升半去滓分再服忌羊肉餳
又療嘔噦心下痞鞕者以膈間有水頭眩悸半夏加茯苓湯方
半夏【一升洗】生薑【八兩去皮】茯苓【三兩】
右三味切以水七升煑取一升半去滓溫分再服忌羊肉餳
酢等物","右三味切以水六升煮栝樓實取三分去滓內諸藥煮取二
升去滓溫分三服忌羊肉鯉豬肉千金翼同
又病在太陽應以汗解之反以冷水潠之若灌之其熱卻不得
去彌更益煩皮上粟起意欲飲水而反不渴者服文蛤散若不
差者與五苓散用前篇方
又寒實結肻無熱證者與三物小陷胷陽方如前法白散亦可服
文蛤散方
文蛤【五兩】
右一味擣篩爲散以沸湯和一方寸匕服之湯用五合千金
翼同
又白散方
桔梗【三分】貝母【三分】巴豆【一分去心及皮熬今黑赤別研如脂】
右三味擣篩更於臼內擣之以白飲和服強人半錢匕羸人
減之病在膈上則吐在膈下則利利不止飲冷粥一柸止並
出第四卷中千金翼同忌豬肉蘆笋等
傷寒嘔噦方一十四首
病源傷寒病後胃氣不和此由初受病時毒熱氣盛多服冷藥
瀉下及飲冷水病折以後熱勢既退冷氣乃動故使心下堅牢
噫噦食臭腹內雷鳴而泄利此由脾胃氣虛冷故也出第卷中
仲景傷寒論療嘔噦心下悸痞鞕不能食小半夏湯方
半夏【一升洗】生薑【八兩去皮】
右二味切以水七升煮取一升半去滓分再服忌羊肉餳
又療嘔噦心下痞鞕者以膈間有水頭眩悸半夏加茯苓湯方
半夏【一升洗】生薑【八兩去皮】茯苓【三兩】
右三味切以水七升煑取一升半去滓溫分再服忌羊肉餳
酢等物",待标注,"{""行款"":""半页10行，行24字""}",,
37,37.jpg,37.jpg,一期,一期,"杜工部集記
翰林學士兵部郎中知制誥史館修撰太原王洙撰
杜甫字子美襄陽人徙河南鞏縣曽祖依藝鞏令祖
審言膳部貟外郎父閑奉天令甫少不羈天寳十三
年獻三賦召試文章授河南尉辭不行改右衛率府
胄曹天寳末以家避亂鄜州獨轉陷賊中至德二載
竄歸鳳翔謁肅宗授左拾遺詔許至鄜迎家明年收
京扈從還長安房琯罷相甫上䟽論琯有才不宜廢
免肅宗怒貶琯邠州刺史出甫爲華州司功屬關輔
亂棄官之秦州又居成州同谷自採梠","杜工部集記
翰林學士兵部郎中知制誥史館修撰太原王洙撰
杜甫字子美襄陽人徙河南鞏縣曽祖依藝鞏令祖
審言膳部貟外郎父閑奉天令甫少不羈天寳十三
年獻三賦召試文章授河南尉辭不行改右衛率府
胄曹天寳末以家避亂鄜州獨轉陷賊中至德二載
竄歸鳳翔謁肅宗授左拾遺詔許至鄜迎家明年收
京扈從還長安房琯罷相甫上䟽論琯有才不宜廢
免肅宗怒貶琯邠州刺史出甫爲華州司功屬關輔
亂棄官之秦州又居成州同谷自採梠",待标注,"{""行款"":""半页9行，行20字""}",,
38,38.jpg,38.jpg,一期,一期,"不給遂入蜀卜居成都浣花里復適東川乆之召補
京兆府功曹以道阻不赴欲如荊楚上元二年間嚴
武鎭成都自閬州挈家往依焉武歸朝廷甫浮遊左蜀
諸郡往來非一武再鎭兩川秦爲節度叅謀檢校
工部貟外郎賜緋永泰元年夏武卒郭英乂代武崔
旰殺英乂楊子琳栢正節舉兵攻盱蜀中大亂甫逃
至梓州亂定歸成都無所依乃泛江遊嘉戎次雲安
移居夔州大厯三年春下峽至荊南又次公安入湖南
泝㳂湘流遊衡山寓居耒陽嘗至嶽廟阻暴水旬日
不得食耒陽聶令知之自具舟迎還五年夏一夕
","不給遂入蜀卜居成都浣花里復適東川乆之召補
京兆府功曹以道阻不赴欲如荊楚上元二年間嚴
武鎭成都自閬州挈家往依焉武歸朝廷甫浮遊左蜀
諸郡往來非一武再鎭兩川秦爲節度叅謀檢校
工部貟外郎賜緋永泰元年夏武卒郭英乂代武崔
旰殺英乂楊子琳栢正節舉兵攻盱蜀中大亂甫逃
至梓州亂定歸成都無所依乃泛江遊嘉戎次雲安
移居夔州大厯三年春下峽至荊南又次公安入湖南
泝㳂湘流遊衡山寓居耒陽嘗至嶽廟阻暴水旬日
不得食耒陽聶令知之自具舟迎還五年夏一夕
",待标注,"{""行款"":""半页10行，行20字""}",,
39,39.jpg,39.jpg,一期,一期,"新亭結構罷隱見清湖隂跡藉臺觀舊氣寘海岳
深圓荷想自昔遺堞感至今芳宴此時具哀絲千古心
主稱壽尊客筵秩宴北林不阻蓬蓽興得兼梁甫吟
玄都壇歌寄元逸人
故人昔隱東蒙峯已佩含景蒼精龍故人今居子午
谷獨在隂崖結茅屋屋前太古玄都壇青石漠漠常
風寒子規夜啼山竹裂王母晝下雲旗翻知君此計
試長往芝草琅玕日應長鐵鏁髙垂不可攀致身福
地何蕭爽
今夕行
今夕何夕嵗云徂更長燭明不可孤咸陽客舎一事無
相與博塞爲歡娛馮凌大叫呼五百袒跣不肯成梟盧
英雄有時亦如此邂逅豈即非良圖君莫笑劉毅
從來布衣願家無儋石輸百萬
貧交行
翻手作雲覆手雨紛紛輕薄何須數君不見管鮑貧
時交此道今人弃如土
兵車行【古樂府云不聞耶娘哭子聲但聞黃河流水一濺濺】
車轔轔馬蕭蕭行人弓箭前各在腰耶娘妻子走相送
塵埃不見咸陽橋牽衣頓足欄道哭哭聲直上千雲","新亭結構罷隱見清湖隂跡藉臺觀舊氣寘海岳
深圓荷想自昔遺堞感至今芳宴此時具哀絲千古心
主稱壽尊客筵秩宴北林不阻蓬蓽興得兼梁甫吟
玄都壇歌寄元逸人
故人昔隱東蒙峯已佩含景蒼精龍故人今居子午
谷獨在隂崖結茅屋屋前太古玄都壇青石漠漠常
風寒子規夜啼山竹裂王母晝下雲旗翻知君此計
試長往芝草琅玕日應長鐵鏁髙垂不可攀致身福
地何蕭爽
今夕行
今夕何夕嵗云徂更長燭明不可孤咸陽客舎一事無
相與博塞爲歡娛馮凌大叫呼五百袒跣不肯成梟盧
英雄有時亦如此邂逅豈即非良圖君莫笑劉毅
從來布衣願家無儋石輸百萬
貧交行
翻手作雲覆手雨紛紛輕薄何須數君不見管鮑貧
時交此道今人弃如土
兵車行【古樂府云不聞耶娘哭子聲但聞黃河流水一濺濺】
車轔轔馬蕭蕭行人弓箭前各在腰耶娘妻子走相送
塵埃不見咸陽橋牽衣頓足欄道哭哭聲直上千雲",待标注,"{""行款"":""半页8行，行20字""}",,
40,40.jpg,40.jpg,一期,一期,"霄道傍過者問行人行人但云黙行頻或從十五北防河
便至四十西營田去時里正與裹頭歸來頭白還戍
邊邊亭流血成海水武皇開邊意未已君不聞漢家
山東二百州千村萬落生荆把縱有健婦把鋤犂
禾生隴畒無東西況復秦兵耐苦戰被驅不異犬
與雞長者雖有問役夫敢申恨且如今年冬未休關
西卒【一云役夫心益憤如今縱得休爲瓏西卒】縣官急索租租稅從何出信知
生男惡反是生女好生女猶是嫁比鄰生男埋沒隨
百草君不見青海頭古來白骨無人收新鬼煩寃
舊鬼哭天隂雨濕聲啾啾
髙都護驄馬行
安西都護胡青驄聲價欻然來向東此馬臨陣乆無
敵與人心成大功功成惠養隨所致飄飄逺自流沙
至雄姿未受伏櫪恩猛氣猶思戰場利腕促蹄髙如
踣鐵交河幾蹴曽冰裂五花散作雲滿身萬里方看
汗流血長安壯兒不敢騎走過掣電傾城知青絲絡
頭爲君老何由却出橫門道
天育驃騎歌
吾聞天子之馬走千里今之畫圗無乃是是何意態雄
且傑駿尾蕭梢朔風起毛爲緑縹兩耳黃眼有紫","霄道傍過者問行人行人但云黙行頻或從十五北防河
便至四十西營田去時里正與裹頭歸來頭白還戍
邊邊亭流血成海水武皇開邊意未已君不聞漢家
山東二百州千村萬落生荆把縱有健婦把鋤犂
禾生隴畒無東西況復秦兵耐苦戰被驅不異犬
與雞長者雖有問役夫敢申恨且如今年冬未休關
西卒【一云役夫心益憤如今縱得休爲瓏西卒】縣官急索租租稅從何出信知
生男惡反是生女好生女猶是嫁比鄰生男埋沒隨
百草君不見青海頭古來白骨無人收新鬼煩寃
舊鬼哭天隂雨濕聲啾啾
髙都護驄馬行
安西都護胡青驄聲價欻然來向東此馬臨陣乆無
敵與人心成大功功成惠養隨所致飄飄逺自流沙
至雄姿未受伏櫪恩猛氣猶思戰場利腕促蹄髙如
踣鐵交河幾蹴曽冰裂五花散作雲滿身萬里方看
汗流血長安壯兒不敢騎走過掣電傾城知青絲絡
頭爲君老何由却出橫門道
天育驃騎歌
吾聞天子之馬走千里今之畫圗無乃是是何意態雄
且傑駿尾蕭梢朔風起毛爲緑縹兩耳黃眼有紫",待标注,"{""行款"":""半页8行，行20字""}",,
41,41.jpg,41.jpg,一期,一期,"遠猷動靜以聞會張天錫陷沒於是罷兵散而獸
卒遷都督江荊梁益寜交廣七州王州之一成雍
州之京兆司州之河東軍士領獲南蛮校尉荊州
刺史持莭將軍侍中如故又以其子嗣爲江州刺
史沖將之鎮帝餞於西堂賜錢五十萬又以酒又
百四十石牛五十頭犒賜文武謝安送至溧州沖
既到江陵時符堅疆蹙沖欲移阻江南乃上䟽曰
自中興以耒荊州尤鎮隨宜廻轉臣亡兄溫以石
季充死今略申原因江陵路便即而鎮之事與時
遷勢無常定且兵者詭道示之以弱今宜全重江
南輕戌江北南平孱陵縣界地名上明田土膏良
可以資業軍人在呉時築鄉城以上四十餘里比
枕大江西接三峽若狂俊送死則舊郢以地堅壁
不戰接會齊江路不云逺乗其疲墯撲剪爲易臣
可存閒外輙隨宜契分於是移鎮上明使冦軍將
軍劉波守江陵誌議叅軍楊亮守江夏詔於荊州
水旱飢荒又沖新移草創歲運米三十方斛以供
軍資湏年豐乃止堅遣其將符融冦樊鄧石越冦
魯陽姚長冦南鄉韋鍾冦魏興所在陷沒沖遣江
夏相劉奭南中郎將宋序擊之而奭畏懦不進序","遠猷動靜以聞會張天錫陷沒於是罷兵散而獸
卒遷都督江荊梁益寜交廣七州王州之一成雍
州之京兆司州之河東軍士領獲南蛮校尉荊州
刺史持莭將軍侍中如故又以其子嗣爲江州刺
史沖將之鎮帝餞於西堂賜錢五十萬又以酒又
百四十石牛五十頭犒賜文武謝安送至溧州沖
既到江陵時符堅疆蹙沖欲移阻江南乃上䟽曰
自中興以耒荊州尤鎮隨宜廻轉臣亡兄溫以石
季充死今略申原因江陵路便即而鎮之事與時
遷勢無常定且兵者詭道示之以弱今宜全重江
南輕戌江北南平孱陵縣界地名上明田土膏良
可以資業軍人在呉時築鄉城以上四十餘里比
枕大江西接三峽若狂俊送死則舊郢以地堅壁
不戰接會齊江路不云逺乗其疲墯撲剪爲易臣
可存閒外輙隨宜契分於是移鎮上明使冦軍將
軍劉波守江陵誌議叅軍楊亮守江夏詔於荊州
水旱飢荒又沖新移草創歲運米三十方斛以供
軍資湏年豐乃止堅遣其將符融冦樊鄧石越冦
魯陽姚長冦南鄉韋鍾冦魏興所在陷沒沖遣江
夏相劉奭南中郎將宋序擊之而奭畏懦不進序",待标注,"{""行款"":""半页20行，行19字""}",,
42,42.jpg,42.jpg,一期,一期,"自以徳望不逮謝安故委之內相而四方鎮扞以
爲已任又與朱序款密俄而序沒於賊沖深用愧
惋既而符堅盡國內侵沖深以根本爲慮乃遣精
銳三千來赴京都謝安謂三千人不足以爲損益
而欲外示閑暇開軍在近固不聽報云朝廷處分
以定兵革無闕西藩宜以爲防時安已遣凡子玄
及栢伊等諸軍沖謂不足以爲廢興召佐吏對之
歎曰謝安乃有廟堂之量不閑將略令大敵垂至
方遊談不暇雖遣諸不經事少年衆又寡弱天下
事可知吾其左衽矣俄而聞堅破大勲克舉又知
朱序因以得還沖本疾病加以慙恥發病而卒時
年五十七贈太尉本官如故謚曰宣穆賻錢五十
萬布五百匹沖性儉素而謙虛愛士嘗浴後其妻
送以新衣沖天怒促令持去其妻復送之而謂曰
衣不經新何緣得故沖笑而服之命處士南陽劉
驎之爲長史驎之不屈親往迎之禮之甚厚又辟
處士長沙鄧粲爲別駕備禮盡恭粲感其好賢乃起
應命初郄鑒庾亮庾翼臨終皆有表樹置親戚唯
沖獨與謝安書云妙靈靈寳尙小亡兄寄託不終
以此爲恨言不及私論者益嘉之及喪下江陵士","自以徳望不逮謝安故委之內相而四方鎮扞以
爲已任又與朱序款密俄而序沒於賊沖深用愧
惋既而符堅盡國內侵沖深以根本爲慮乃遣精
銳三千來赴京都謝安謂三千人不足以爲損益
而欲外示閑暇開軍在近固不聽報云朝廷處分
以定兵革無闕西藩宜以爲防時安已遣凡子玄
及栢伊等諸軍沖謂不足以爲廢興召佐吏對之
歎曰謝安乃有廟堂之量不閑將略令大敵垂至
方遊談不暇雖遣諸不經事少年衆又寡弱天下
事可知吾其左衽矣俄而聞堅破大勲克舉又知
朱序因以得還沖本疾病加以慙恥發病而卒時
年五十七贈太尉本官如故謚曰宣穆賻錢五十
萬布五百匹沖性儉素而謙虛愛士嘗浴後其妻
送以新衣沖天怒促令持去其妻復送之而謂曰
衣不經新何緣得故沖笑而服之命處士南陽劉
驎之爲長史驎之不屈親往迎之禮之甚厚又辟
處士長沙鄧粲爲別駕備禮盡恭粲感其好賢乃起
應命初郄鑒庾亮庾翼臨終皆有表樹置親戚唯
沖獨與謝安書云妙靈靈寳尙小亡兄寄託不終
以此爲恨言不及私論者益嘉之及喪下江陵士",待标注,"{""行款"":""半页10行，行19字""}",,
43,43.jpg,43.jpg,一期,一期,"濟請言之湛因剖折玄理微妙有竒越皆濟所未
聞也濟才氣抗邁於湛略無子姪之敬既聞其言
不覺慄然心形俱肅遂留連彌日累夜自視缺然
乃歎曰家有名士三十年而不知濟之罪也既而
辭去湛送至門濟有従馬絶難乗濟問湛曰叔頗
好騎不湛曰亦好之因騎此馬姿容既妙廻策如
縈善騎者無必過之又濟所乗馬甚愛之湛曰此
馬雖快然力薄不甚苦行近見督郵馬當勝但芻
秣不至耳濟試養之而與己馬雲湛又曰此馬任
重方知之平路無以別也於是當蟻封內試之濟
馬果躓而督郵馬如常濟益歎異還白其父曰濟
始得一叔乃濟以上人也武帝亦以湛爲癖每見
濟輙調之曰卿家癡叔死未濟常無以荅及是帝
又問如初濟曰臣叔殊不癡因稱其美帝曰誰比
濟曰山濤以下魏舒以上時人謂湛上方山濤不
足下比魏舒有餘湛聞曰欲處我於季孟之間乎
湛少仕歴秦王文學太子洗馬尚書郎太子中庶
子出爲汝南內史元康五年卒年四十七子承嗣
承字安期清虛寡欲無所脩尚言理辯物但明其
摘要而不飾文辭有識者服其約而能通弱冠如","濟請言之湛因剖折玄理微妙有竒越皆濟所未
聞也濟才氣抗邁於湛略無子姪之敬既聞其言
不覺慄然心形俱肅遂留連彌日累夜自視缺然
乃歎曰家有名士三十年而不知濟之罪也既而
辭去湛送至門濟有従馬絶難乗濟問湛曰叔頗
好騎不湛曰亦好之因騎此馬姿容既妙廻策如
縈善騎者無必過之又濟所乗馬甚愛之湛曰此
馬雖快然力薄不甚苦行近見督郵馬當勝但芻
秣不至耳濟試養之而與己馬雲湛又曰此馬任
重方知之平路無以別也於是當蟻封內試之濟
馬果躓而督郵馬如常濟益歎異還白其父曰濟
始得一叔乃濟以上人也武帝亦以湛爲癖每見
濟輙調之曰卿家癡叔死未濟常無以荅及是帝
又問如初濟曰臣叔殊不癡因稱其美帝曰誰比
濟曰山濤以下魏舒以上時人謂湛上方山濤不
足下比魏舒有餘湛聞曰欲處我於季孟之間乎
湛少仕歴秦王文學太子洗馬尚書郎太子中庶
子出爲汝南內史元康五年卒年四十七子承嗣
承字安期清虛寡欲無所脩尚言理辯物但明其
摘要而不飾文辭有識者服其約而能通弱冠如",待标注,"{""行款"":""半页20行，行19字""}",,
44,44.jpg,44.jpg,一期,一期,"名太尉王衍雅貴異之比南陽樂廣焉永寧初爲
骠騎參軍值天下將亂乃避難南下遷司空從事
中郎豫迎大駕賜爵監田縣侯遷尚書郎不就東
海王越鎮許以爲記室參軍雅相知重初其子毗
曰夫學之所益者淺體之所安者深閑習禮度不
如式瞻儀形諷味遺言不若親承音旨王參軍人
倫之表汝其師之在府數年見朝政漸替辭以母
老求出越不許乆之遷東海太守政尚清靜不爲
細察小吏有盜池中魚者綱紀惟之承曰文王之
囿與衆共之池魚復何足惜邪有犯夜者爲吏所
拘承問其故答云從師受書不覺日暮承曰鞭撻
𡩋越以立威名非政化之本使吏送令歸家其從
容寛恕若此尋去官東渡江是時道路梗澁人懷
危懼承每遇艱險處之夷然雖家人近習不見其
憂喜之色既至下邳登山北望歎曰人言愁我始
欲愁矣及至建鄴爲元帝鎮東府從事中郎甚見
優禮承少有重譽而推誠接物盡弘恕之理故衆
咸親愛焉渡江名臣王導衞玠周顗庾亮之徒皆
出其下爲中興第一年四十六卒朝野痛惜之自
昶至承世有髙名論者以爲祖不及孫孫不如父","名太尉王衍雅貴異之比南陽樂廣焉永寧初爲
骠騎參軍值天下將亂乃避難南下遷司空從事
中郎豫迎大駕賜爵監田縣侯遷尚書郎不就東
海王越鎮許以爲記室參軍雅相知重初其子毗
曰夫學之所益者淺體之所安者深閑習禮度不
如式瞻儀形諷味遺言不若親承音旨王參軍人
倫之表汝其師之在府數年見朝政漸替辭以母
老求出越不許乆之遷東海太守政尚清靜不爲
細察小吏有盜池中魚者綱紀惟之承曰文王之
囿與衆共之池魚復何足惜邪有犯夜者爲吏所
拘承問其故答云從師受書不覺日暮承曰鞭撻
𡩋越以立威名非政化之本使吏送令歸家其從
容寛恕若此尋去官東渡江是時道路梗澁人懷
危懼承每遇艱險處之夷然雖家人近習不見其
憂喜之色既至下邳登山北望歎曰人言愁我始
欲愁矣及至建鄴爲元帝鎮東府從事中郎甚見
優禮承少有重譽而推誠接物盡弘恕之理故衆
咸親愛焉渡江名臣王導衞玠周顗庾亮之徒皆
出其下爲中興第一年四十六卒朝野痛惜之自
昶至承世有髙名論者以爲祖不及孫孫不如父",待标注,"{""行款"":""半页20行，行19字""}",,
45,45.jpg,45.jpg,一期,一期,"子述嗣
述字懐祖少孤事母以孝聞安貧守約不求聞達
性沉靜每坐客馳辨異端競起而述處之恬如也
少襲父爵年三十尚未知名人或謂之癡同徒王
導以門地辟爲中兵屬既見無他言惟問以在東
米價述但張目不答導曰王掾不癡人何言癡也
嘗見導每發言一坐莫不替述正色曰人非堯
舜何得每事盡善導改容謝謂庾亮曰懐祖清
貞簡貴不減祖父但曠淡微不及耳康帝爲驃騎
將軍召補功曹出爲宛陵令太尉司空頻辟又除
尚書吏部郎並不征虜長史時庾翼鎮
武昌以累有妖怪府欲移鎮避之述與
冰牋曰竊聞安西欲移鎮楽鄉不審此爲筭邪將
是情邪若謂爲筭則彼公武昌千有餘里數萬之
衆造創移徙方當興立城壁公私勞擾若信要害
之地所宜進據猶當計移徙之煩權二者輕重況
此非今日之要邪方今彊胡陸梁當槒力養銳而
無故遷動自取非筭又江州當沂流數千供繼軍
府力役増倍疲曳道路且武昌實是江東鎮戍之
中非但扞禦上流而已急緩赴告駿奔不難若移","子述嗣
述字懐祖少孤事母以孝聞安貧守約不求聞達
性沉靜每坐客馳辨異端競起而述處之恬如也
少襲父爵年三十尚未知名人或謂之癡同徒王
導以門地辟爲中兵屬既見無他言惟問以在東
米價述但張目不答導曰王掾不癡人何言癡也
嘗見導每發言一坐莫不替述正色曰人非堯
舜何得每事盡善導改容謝謂庾亮曰懐祖清
貞簡貴不減祖父但曠淡微不及耳康帝爲驃騎
將軍召補功曹出爲宛陵令太尉司空頻辟又除
尚書吏部郎並不征虜長史時庾翼鎮
武昌以累有妖怪府欲移鎮避之述與
冰牋曰竊聞安西欲移鎮楽鄉不審此爲筭邪將
是情邪若謂爲筭則彼公武昌千有餘里數萬之
衆造創移徙方當興立城壁公私勞擾若信要害
之地所宜進據猶當計移徙之煩權二者輕重況
此非今日之要邪方今彊胡陸梁當槒力養銳而
無故遷動自取非筭又江州當沂流數千供繼軍
府力役増倍疲曳道路且武昌實是江東鎮戍之
中非但扞禦上流而已急緩赴告駿奔不難若移",待标注,"{""行款"":""半页19行，行19字""}",,
46,46.jpg,46.jpg,一期,一期,"西流注于海其中多育沛【未詳】佩之無瘕疾【瘕蟲病也】
又東三百里曰堂【一作常】庭之山多棪木【棪別名連其子似柰而赤可食音剡】
多白猿【今猿似猕猴而大臂脣長便捷色有黒有黃鳴其聲哀】多水玉【水玉今水精也相如
上林賦曰水玉磊砢赤松子所服見列仙傳】多黃金
又東三百八十里曰援翼之山其中多怪獸水多怪魚【凡言
怪者皆謂皃狀佤竒不常也尸子曰徐偃王好怪沒渾水而得怪魚入深山而得怪獸者多列於庭】多白
玉多蝮虫【蝮虫色如綬文鼻上有針大者百餘斤一名反臯虫古虺字】多怪蛇多怪
木不可以上
又東三百七十里曰栢陽之山【音紐】其陽多赤金【銅也】其隂多
白金【銀也見爾雅山南爲陽山北爲隂】有獸焉其狀如馬而白首其文","西流注于海其中多育沛【未詳】佩之無瘕疾【瘕蟲病也】
又東三百里曰堂【一作常】庭之山多棪木【棪別名連其子似柰而赤可食音剡】
多白猿【今猿似猕猴而大臂脣長便捷色有黒有黃鳴其聲哀】多水玉【水玉今水精也相如
上林賦曰水玉磊砢赤松子所服見列仙傳】多黃金
又東三百八十里曰援翼之山其中多怪獸水多怪魚【凡言
怪者皆謂皃狀佤竒不常也尸子曰徐偃王好怪沒渾水而得怪魚入深山而得怪獸者多列於庭】多白
玉多蝮虫【蝮虫色如綬文鼻上有針大者百餘斤一名反臯虫古虺字】多怪蛇多怪
木不可以上
又東三百七十里曰栢陽之山【音紐】其陽多赤金【銅也】其隂多
白金【銀也見爾雅山南爲陽山北爲隂】有獸焉其狀如馬而白首其文",待标注,"{""行款"":""半页9行，行34字""}",,
47,47.jpg,47.jpg,一期,一期,"其狀如魚而人面其音如鴛鴦食之不疥【一作疾】
又東三百五十里曰箕尾之山其尾踆于東海多沙石【踆古
蹲字言臨海上音存】汸水出焉【音芳】而南流注于淯【音育】其中多白玉
凡䧿山之首自招揺之山以至箕尾之山凡十山二千
九百五十里其神狀皆鳥身而龍首其祠之禮毛【言擇牲取
其毛色也周官曰用其陽祀用騂牲之毛】用一璋玉瘞【半圭爲璋瘞埋也】糈用稌米【糈祀
神之米名先呂反今江東音所一音壻徐稌稻也他覩反糈或作疏非也】一璧稻米白菅爲
席【菅茅屬也音間】南次二經之首曰柜山【音矩】西臨流黃北望諸毗東望長
右【皆山名】英水出焉西南流注于赤水其中多白玉【尸子曰水名","其狀如魚而人面其音如鴛鴦食之不疥【一作疾】
又東三百五十里曰箕尾之山其尾踆于東海多沙石【踆古
蹲字言臨海上音存】汸水出焉【音芳】而南流注于淯【音育】其中多白玉
凡䧿山之首自招揺之山以至箕尾之山凡十山二千
九百五十里其神狀皆鳥身而龍首其祠之禮毛【言擇牲取
其毛色也周官曰用其陽祀用騂牲之毛】用一璋玉瘞【半圭爲璋瘞埋也】糈用稌米【糈祀
神之米名先呂反今江東音所一音壻徐稌稻也他覩反糈或作疏非也】一璧稻米白菅爲
席【菅茅屬也音間】南次二經之首曰柜山【音矩】西臨流黃北望諸毗東望長
右【皆山名】英水出焉西南流注于赤水其中多白玉【尸子曰水名",待标注,"{""行款"":""半页7行，行38字""}",,
48,48.jpg,48.jpg,一期,一期,"方折者有玉貟折者有珠】多丹粟【細丹砂如栗也】有獸焉其狀如豚有距其
音如狗吠其名曰狸力見則其縣多土功有鳥焉其狀
如鴟而人手【其脚如人手鴟音處脂】其音如痺【未詳】其名曰鴸【音株】其
鳴自號也見則其縣多放士【放放逐或作效也】
東南四百五十里曰長右之山無草木多水有獸焉其
狀如禺而四耳其名長右【以山出比獸因以名之】其音如吟【如人呻吟
聲】見則其郡縣大水
又東三百四十里曰堯光之山其陽多玉其隂多金有獸
焉其狀如人而彘鬢穴居而冬蟄其名曰猾褎【滑懷兩音】其
音如斲水【如人斫木聲】見則縣有大繇【謂作役也或曰其縣乱】","方折者有玉貟折者有珠】多丹粟【細丹砂如栗也】有獸焉其狀如豚有距其
音如狗吠其名曰狸力見則其縣多土功有鳥焉其狀
如鴟而人手【其脚如人手鴟音處脂】其音如痺【未詳】其名曰鴸【音株】其
鳴自號也見則其縣多放士【放放逐或作效也】
東南四百五十里曰長右之山無草木多水有獸焉其
狀如禺而四耳其名長右【以山出比獸因以名之】其音如吟【如人呻吟
聲】見則其郡縣大水
又東三百四十里曰堯光之山其陽多玉其隂多金有獸
焉其狀如人而彘鬢穴居而冬蟄其名曰猾褎【滑懷兩音】其
音如斲水【如人斫木聲】見則縣有大繇【謂作役也或曰其縣乱】",待标注,"{""行款"":""半页9行，行33字""}",,
49,49.jpg,49.jpg,一期,一期,"又東五百里曰咸隂之山無草木無水
又東四百里曰洵【一作旬】山其陽多金其隂多玉有獸焉其
狀如羊而無口不可殺也【禀氣自然】其名曰䍺【音還或音患】洵水
出焉【音詢】而南流注于關之澤【音遏】其中多茈蠃【紫色螺也】
又東四百里曰虖乃之山其上多梓枏【梓山樕也枏大木葉似桑今作楠音
南爾雅以爲柟】其下多荆杞【杞荀杞也子赤】滂水出焉【音滂沱之滂】而東流注
于海
又東五百里曰區吳之山無草木多砂石鹿水出焉而南
流注于滂水
又東五百里曰鹿吳之山上無草木多金石澤更之水出","又東五百里曰咸隂之山無草木無水
又東四百里曰洵【一作旬】山其陽多金其隂多玉有獸焉其
狀如羊而無口不可殺也【禀氣自然】其名曰䍺【音還或音患】洵水
出焉【音詢】而南流注于關之澤【音遏】其中多茈蠃【紫色螺也】
又東四百里曰虖乃之山其上多梓枏【梓山樕也枏大木葉似桑今作楠音
南爾雅以爲柟】其下多荆杞【杞荀杞也子赤】滂水出焉【音滂沱之滂】而東流注
于海
又東五百里曰區吳之山無草木多砂石鹿水出焉而南
流注于滂水
又東五百里曰鹿吳之山上無草木多金石澤更之水出",待标注,"{""行款"":""半页7行，行29字""}",,
50,50.jpg,50.jpg,一期,一期,"【豬頭痺脚脚似象有三蹄大腹黑色三角一在頂上一在額上一在鼻上在鼻上者小而不墮食角也好噉#
口中常灑血沫亦似水牛青色一角重三千斤】多象【象獸之最大者長鼻大者牙長一弋性妬不畜滛子
有鳥焉其狀如鵁【鵁似鳧而小腳近尾音骹箭之骹】而白首三足【或作手】
人面其名曰瞿如【音劬】其鳴自號也泿水出焉【音銀】而南流
注于海其中有虎蛟【蛟似#四足龍屬】其狀魚身而蛇尾其音
如鴛鴦食者不腫可以已痔
又東五百里曰丹穴之山其上多金玉丹水出焉而南流
注于渤海【渤海海岸曲崎頭也】有鳥焉其狀如雞五采而文名曰
鳳皇首文曰德翼文曰義訾文曰禮膺文曰仁腹文曰
信是鳥也飲食自然自歌自舞見則天下安寧【漢時鳳鳥數出】","【豬頭痺脚脚似象有三蹄大腹黑色三角一在頂上一在額上一在鼻上在鼻上者小而不墮食角也好噉#
口中常灑血沫亦似水牛青色一角重三千斤】多象【象獸之最大者長鼻大者牙長一弋性妬不畜滛子
有鳥焉其狀如鵁【鵁似鳧而小腳近尾音骹箭之骹】而白首三足【或作手】
人面其名曰瞿如【音劬】其鳴自號也泿水出焉【音銀】而南流
注于海其中有虎蛟【蛟似#四足龍屬】其狀魚身而蛇尾其音
如鴛鴦食者不腫可以已痔
又東五百里曰丹穴之山其上多金玉丹水出焉而南流
注于渤海【渤海海岸曲崎頭也】有鳥焉其狀如雞五采而文名曰
鳳皇首文曰德翼文曰義訾文曰禮膺文曰仁腹文曰
信是鳥也飲食自然自歌自舞見則天下安寧【漢時鳳鳥數出】",待标注,"{""行款"":""半页9行，行27字""}",,
51,51.jpg,51.jpg,一期,一期,"年【禮部郎官掌尚書牋奏公永貞元年自禮部貟外郎貶邵州刺史再貶永州司馬元
和十年召至京師三月出爲柳州刺史至是元和十三年爲十四年故云】聖恩寛
宥命守遐壤【栁州】懐印曳紱【紱綬也】有社有人【論語
有民人焉有社稷焉】臣宗元誠感荷頓首頓首伏惟
睿聖文武皇帝陛下天造神斷克清大憝【書康
誥曰元惡大憝註大惡之人爲人所大惡此指元濟】金皷一動【左傳金皷以聲
氣也】萬方畢臣太平之功中興之徳推校千古
無所與讓臣伏自忖度【忖度字見孟子○度徒各切】有方
剛之力【詩旅力方剛】不得備戎行【音杭】致死命況今
巳無事思報國恩【一作恩德】獨惟文章伏見周宣
王時稱中興其道彰大于後罕及然徴於詩
大小雅其選徒出狩則車攻吉日【小雅】命官分
土則嵩髙韓奕烝人【大雅烝民作烝人避唐諱也】南征北
伐則六月采芑【小雅】平淮夷則江漢常武【大雅】鏗
鍧炳耀【鏗鍧鍾鼓聲○鏗丘耕切鍧呼宏切】盪人耳目【○盪上聲又他
浪切動也】故宣王之形容與其輔佐由今望之若
神人然此無他以雅故也臣伏見陛下自即
位以來平夏州【永貞元年八月乙巳憲宗即位其年冬夏綏銀節度留後","年【禮部郎官掌尚書牋奏公永貞元年自禮部貟外郎貶邵州刺史再貶永州司馬元
和十年召至京師三月出爲柳州刺史至是元和十三年爲十四年故云】聖恩寛
宥命守遐壤【栁州】懐印曳紱【紱綬也】有社有人【論語
有民人焉有社稷焉】臣宗元誠感荷頓首頓首伏惟
睿聖文武皇帝陛下天造神斷克清大憝【書康
誥曰元惡大憝註大惡之人爲人所大惡此指元濟】金皷一動【左傳金皷以聲
氣也】萬方畢臣太平之功中興之徳推校千古
無所與讓臣伏自忖度【忖度字見孟子○度徒各切】有方
剛之力【詩旅力方剛】不得備戎行【音杭】致死命況今
巳無事思報國恩【一作恩德】獨惟文章伏見周宣
王時稱中興其道彰大于後罕及然徴於詩
大小雅其選徒出狩則車攻吉日【小雅】命官分
土則嵩髙韓奕烝人【大雅烝民作烝人避唐諱也】南征北
伐則六月采芑【小雅】平淮夷則江漢常武【大雅】鏗
鍧炳耀【鏗鍧鍾鼓聲○鏗丘耕切鍧呼宏切】盪人耳目【○盪上聲又他
浪切動也】故宣王之形容與其輔佐由今望之若
神人然此無他以雅故也臣伏見陛下自即
位以來平夏州【永貞元年八月乙巳憲宗即位其年冬夏綏銀節度留後",待标注,"{""行款"":""半页9行，行24字""}",,
52,52.jpg,52.jpg,一期,一期,"成擒矣愬從之遂克蔡州】載闢載袚【音弗謂袚除不祥也】丞相是臨
施其武刑【○施者豕解也】論我德心【度以蔡卒爲牙兵或諌曰蔡人
反側者尚多不可不備度曰吾爲彰義軍節度使元惡既擒蔡人則吾人也又何疑焉蔡人
人聞之感泣】其危既安有長如林【○長陟丈切如一作有】曾
是讙譊【莊子奚以夫譊譊爲乎○讙譊音歡譊女交切】化爲謳吟皇
曰來歸汝復相予爵之成國【一作公于有晉以下文觀之意
若重禎左傳襄公十四年成國不過半天子之事成國謂公侯之國一作于有晉國又作
于有晉昨】胙以夏虛【虛與墟同說文大丘度入朝策勲進金紫光祿大夫弘文
館大學士上柱國晉國公戸三千復知政事晉地即夏之所都左傳昔武王克商分唐叔
命以唐誥而封於夏墟註夏墟大夏今太原晉陽也胙報也】度拜稽首天
子聖神度拜稽首皇祐下人淮夷既平震是
朔南宜廟宜郊以告德音歸牛休馬【歸馬于華山之
陽放牛于桃林之野示天下弗服牛一作刃】豐稼于野我武惟皇
永保無疆
皇武十有一章章八句
方城命愬守也卒入蔡得其大醜以平淮右
【左氏楚國方城以爲城方城山名在唐州元和十一年十二月
以李愬爲唐鄧隋節度使與元濟戰數有功十二年十月愬自","成擒矣愬從之遂克蔡州】載闢載袚【音弗謂袚除不祥也】丞相是臨
施其武刑【○施者豕解也】論我德心【度以蔡卒爲牙兵或諌曰蔡人
反側者尚多不可不備度曰吾爲彰義軍節度使元惡既擒蔡人則吾人也又何疑焉蔡人
人聞之感泣】其危既安有長如林【○長陟丈切如一作有】曾
是讙譊【莊子奚以夫譊譊爲乎○讙譊音歡譊女交切】化爲謳吟皇
曰來歸汝復相予爵之成國【一作公于有晉以下文觀之意
若重禎左傳襄公十四年成國不過半天子之事成國謂公侯之國一作于有晉國又作
于有晉昨】胙以夏虛【虛與墟同說文大丘度入朝策勲進金紫光祿大夫弘文
館大學士上柱國晉國公戸三千復知政事晉地即夏之所都左傳昔武王克商分唐叔
命以唐誥而封於夏墟註夏墟大夏今太原晉陽也胙報也】度拜稽首天
子聖神度拜稽首皇祐下人淮夷既平震是
朔南宜廟宜郊以告德音歸牛休馬【歸馬于華山之
陽放牛于桃林之野示天下弗服牛一作刃】豐稼于野我武惟皇
永保無疆
皇武十有一章章八句
方城命愬守也卒入蔡得其大醜以平淮右
【左氏楚國方城以爲城方城山名在唐州元和十一年十二月
以李愬爲唐鄧隋節度使與元濟戰數有功十二年十月愬自",待标注,"{""行款"":""半页7行，行29字""}",,
53,53.jpg,53.jpg,一期,一期,"史用誠生擒祐以歸釋不殺用其策戰比有功偵博稚問也選偵諜不敢東窺○偵丑盈
丑正二切】維彼攸宅乃發乃守其恃爰獲我功我
多隂諜厥圖【諜間諜周禮三曰邦諜○諜達協切】以究爾訛雨
雪洋洋【○雨去聲】大風來加【十月愬軍出攻蔡夜至張柴村風雪旌旗
裂人馬凍死者相望】于燠其寒于邇其遐汝隂之茫【汝隂
地名蔡州之境】懸瓠之峨【懸瓠蔡州城取其形似愬傳曰愬入蔡州取吳元濟
道分輕兵斷橋以絕洄曲道又以兵絕朗山道行七十里夜半至懸瓠城雪甚城旁有鵝
鶩池愬令擊之以亂軍聲賊恃吳房朗山戌無知者○瓠音護】是震是拔大
殱厥家【○殱將廉切】狡虜既縻輸于國都示之市
人即社行誅【愬至懸瓠城壬申攻牙城毀其外門癸酉毀其南門元濟於城
上請罪梯而下櫨送京師十一月以元濟獻廟社斬于獨柳之下一本作以誅】乃諭
乃止蔡有厚喜完其室家仰父俯子【劉夢得嘉話拾
遺言栁八駁平淮西碑云左餐右粥何如平淮夷稚仰父俯子又云韓碑兼有帽子使我
爲之便說用兵討叛】汝水沄沄【音云水流轉之兒】既清而瀰【瀰渺
水貌瀰一作夷】蔡人行歌我步逶遲【○逶於危切潘曰詩作倭周道
倭遲註云歴逺貌】蔡人歌矣蔡風和矣【風韓作人】孰纇蔡
初【○纇盧對切一作類】胡甈爾居【○甈牛列切又五計切不安貌周禮牧人
毀事用厖故書毀為甈釋音丘例切揚子剛則甈音五計切今此謂杌隉不安字當作臲","史用誠生擒祐以歸釋不殺用其策戰比有功偵博稚問也選偵諜不敢東窺○偵丑盈
丑正二切】維彼攸宅乃發乃守其恃爰獲我功我
多隂諜厥圖【諜間諜周禮三曰邦諜○諜達協切】以究爾訛雨
雪洋洋【○雨去聲】大風來加【十月愬軍出攻蔡夜至張柴村風雪旌旗
裂人馬凍死者相望】于燠其寒于邇其遐汝隂之茫【汝隂
地名蔡州之境】懸瓠之峨【懸瓠蔡州城取其形似愬傳曰愬入蔡州取吳元濟
道分輕兵斷橋以絕洄曲道又以兵絕朗山道行七十里夜半至懸瓠城雪甚城旁有鵝
鶩池愬令擊之以亂軍聲賊恃吳房朗山戌無知者○瓠音護】是震是拔大
殱厥家【○殱將廉切】狡虜既縻輸于國都示之市
人即社行誅【愬至懸瓠城壬申攻牙城毀其外門癸酉毀其南門元濟於城
上請罪梯而下櫨送京師十一月以元濟獻廟社斬于獨柳之下一本作以誅】乃諭
乃止蔡有厚喜完其室家仰父俯子【劉夢得嘉話拾
遺言栁八駁平淮西碑云左餐右粥何如平淮夷稚仰父俯子又云韓碑兼有帽子使我
爲之便說用兵討叛】汝水沄沄【音云水流轉之兒】既清而瀰【瀰渺
水貌瀰一作夷】蔡人行歌我步逶遲【○逶於危切潘曰詩作倭周道
倭遲註云歴逺貌】蔡人歌矣蔡風和矣【風韓作人】孰纇蔡
初【○纇盧對切一作類】胡甈爾居【○甈牛列切又五計切不安貌周禮牧人
毀事用厖故書毀為甈釋音丘例切揚子剛則甈音五計切今此謂杌隉不安字當作臲",待标注,"{""行款"":""半页8行，行34字""}",,
54,54.jpg,54.jpg,一期,一期,"音五結切不安也書作杌隍也式慕以康爲愿有餘是究是
咨皇德既舒皇曰咨愬裕乃父功【裕大也】昔我
文祖惟西平是庸【愬父晟事徳宗平朱泚之亂功居多封西平王庸用
也】內誨于家外刑于邦【刑典刑也】孰是蔡人而不
率從蔡人率止惟西平有子西平有子惟我
有臣疇允大邦【漢書疇其爵邑疇等也蔡平以愬檢校尚書左僕射襄州
剌史充山南東道節度襄鄧隋唐復郢均房等州觀察使一本允作亢字】俾惠我
人于廟告功以顧萬方
方城十章章八句
唐鐃歌皷吹曲十二篇【幷序一本序在篇末鐃如
鈴無舌有秉又曰鐃小鉦也軍法卒長執鐃古今註漢樂有黃
門皷吹天子所以宴群臣短簫鐃歌皷吹之一章爾亦以錫有
功說文音律管壎之樂也月令令樂正入學習吹註秋冬重吹
○鐃女交切吹尺僞切】
負罪臣宗元【一無負罪二字】言臣幸以罪居永州【元和
元年十一月公貶永州司馬】受食府廪竊活性命得視息
無治事時恐懼小閒【音閑】又盜取古書文句聊
以自娛【元俱切】伏惟漢魏以來代有鐃歌皷吹","音五結切不安也書作杌隍也式慕以康爲愿有餘是究是
咨皇德既舒皇曰咨愬裕乃父功【裕大也】昔我
文祖惟西平是庸【愬父晟事徳宗平朱泚之亂功居多封西平王庸用
也】內誨于家外刑于邦【刑典刑也】孰是蔡人而不
率從蔡人率止惟西平有子西平有子惟我
有臣疇允大邦【漢書疇其爵邑疇等也蔡平以愬檢校尚書左僕射襄州
剌史充山南東道節度襄鄧隋唐復郢均房等州觀察使一本允作亢字】俾惠我
人于廟告功以顧萬方
方城十章章八句
唐鐃歌皷吹曲十二篇【幷序一本序在篇末鐃如
鈴無舌有秉又曰鐃小鉦也軍法卒長執鐃古今註漢樂有黃
門皷吹天子所以宴群臣短簫鐃歌皷吹之一章爾亦以錫有
功說文音律管壎之樂也月令令樂正入學習吹註秋冬重吹
○鐃女交切吹尺僞切】
負罪臣宗元【一無負罪二字】言臣幸以罪居永州【元和
元年十一月公貶永州司馬】受食府廪竊活性命得視息
無治事時恐懼小閒【音閑】又盜取古書文句聊
以自娛【元俱切】伏惟漢魏以來代有鐃歌皷吹",待标注,"{""行款"":""半页8行，行24字""}",,
55,55.jpg,55.jpg,一期,一期,"南遊江淮天下盜起太宗在晉陽隂有安天下之志義寧元年
晉陽宮監裴寂晉陽令劉文靜與太宗協謀遂起義兵於晉陽
八月髙祖克長安武徳元年受隋禪即位焉】
晉陽武奮義威煬之渝【煬暴也渝一作淪淪喪也言煬帝失徳以
亡其國○煬音漾】徳焉歸氓畢屠【言民皆屠戮也】綏者誰皇
烈烈專天機號以仁揚其旗日之昇九土晞
【九土九州晞一作熙】訴田圻【一作斥田圻○圻音沂圻恥格切說文裂也】
洪輝有其二【論語三分天下有其二以服事殷】翼餘隋斮梟
驁【斮說文云斬也梟驁惡鳥以喻叛臣前漢郊祀志古天子春祠皇帝用一梟破鏡梟
鳥名食母破鏡獸名食父皇帝欲絕其類使百吏祠皆用之破鏡如貙而虎眼漢五月五
日作梟羹以賜百官驁不祥鳥也白身赤口似鴈所集國亡○斮側略切梟古堯切驁五
高切】連熊螭【螭說文如龍而黃一說無角曰螭○螭丑知切】枯以肉勍
者羸【勍左傳勍敵之人彊也○勍渠京切羸倫爲切】后土蕩【蕩平也】玄
穹彌合之育莽然施【莽莊子適莽蒼者○莽母黨莫補二切又莫郎
切】惟徳輔【惟徳是輔】慶無期
右晉陽武二十六句【句三字】
唐既受命李密自敗來歸以開黎陽
斥東土爲獸之窮第二【李密遼東襄平人隋末楊","南遊江淮天下盜起太宗在晉陽隂有安天下之志義寧元年
晉陽宮監裴寂晉陽令劉文靜與太宗協謀遂起義兵於晉陽
八月髙祖克長安武徳元年受隋禪即位焉】
晉陽武奮義威煬之渝【煬暴也渝一作淪淪喪也言煬帝失徳以
亡其國○煬音漾】徳焉歸氓畢屠【言民皆屠戮也】綏者誰皇
烈烈專天機號以仁揚其旗日之昇九土晞
【九土九州晞一作熙】訴田圻【一作斥田圻○圻音沂圻恥格切說文裂也】
洪輝有其二【論語三分天下有其二以服事殷】翼餘隋斮梟
驁【斮說文云斬也梟驁惡鳥以喻叛臣前漢郊祀志古天子春祠皇帝用一梟破鏡梟
鳥名食母破鏡獸名食父皇帝欲絕其類使百吏祠皆用之破鏡如貙而虎眼漢五月五
日作梟羹以賜百官驁不祥鳥也白身赤口似鴈所集國亡○斮側略切梟古堯切驁五
高切】連熊螭【螭說文如龍而黃一說無角曰螭○螭丑知切】枯以肉勍
者羸【勍左傳勍敵之人彊也○勍渠京切羸倫爲切】后土蕩【蕩平也】玄
穹彌合之育莽然施【莽莊子適莽蒼者○莽母黨莫補二切又莫郎
切】惟徳輔【惟徳是輔】慶無期
右晉陽武二十六句【句三字】
唐既受命李密自敗來歸以開黎陽
斥東土爲獸之窮第二【李密遼東襄平人隋末楊",待标注,"{""行款"":""半页6行，行34字""}",,
56,56.jpg,56.jpg,一期,一期,"枉矣
郭玉診手文摯見心
范曄後漢書郭玉者廣漢雒人也和帝時
爲太醫丞多有效應帝竒之仍試令嬖臣
美手腕者與女手雜處帷中使玉各診一
手問所疾苦玉曰左隂右陽脉有男女狀
若異人臣疑其故帝歎息稱善
列子龍叔謂文摯曰子之術微矣吾有疾
子能已之乎文摯乃命龍叔背明而立文
摯曰自後向明而望之既而曰嘻吾見子
之心矣方寸之地虛矣幾聖人也子心六
孔流通一孔不達今以聖智爲疾者或由
此乎文摯者春秋時宋國之良醫也
王遂煉石安期置金
史記王遂少習經方爲齊王侍醫然性孱
弱常多微疾遂自煉五石服之淳于意診
之告曰中熱不溲者可服石石之藥精悍
公服之不得溲亟勿服當發癰疽遂曰扁","枉矣
郭玉診手文摯見心
范曄後漢書郭玉者廣漢雒人也和帝時
爲太醫丞多有效應帝竒之仍試令嬖臣
美手腕者與女手雜處帷中使玉各診一
手問所疾苦玉曰左隂右陽脉有男女狀
若異人臣疑其故帝歎息稱善
列子龍叔謂文摯曰子之術微矣吾有疾
子能已之乎文摯乃命龍叔背明而立文
摯曰自後向明而望之既而曰嘻吾見子
之心矣方寸之地虛矣幾聖人也子心六
孔流通一孔不達今以聖智爲疾者或由
此乎文摯者春秋時宋國之良醫也
王遂煉石安期置金
史記王遂少習經方爲齊王侍醫然性孱
弱常多微疾遂自煉五石服之淳于意診
之告曰中熱不溲者可服石石之藥精悍
公服之不得溲亟勿服當發癰疽遂曰扁",待标注,"{""行款"":""半页15行，行16字""}",,
57,57.jpg,57.jpg,一期,一期,"【神也】以此視病盡見五藏癥結特以診脈爲
名耳
竘醫腫背仰愈軟脚
尸子有竘醫鉅者秦之良醫也莫知其姓
張子之背腫命竘治之謂醫竘曰背非吾
背也任子制焉治之遂愈鉅誠善治疾也
張子委制焉夫身與國亦猶此必有所委
制然後治
千金序仰道人嶺表僧也雖以聦慧入道
長以醫術關懐因晉朝南移衣纓士族
不襲水土皆患軟脚之疾染者無不斃
踣而此僧獨能療之天下知名焉
史脫治疸趙泉療瘧
晉書史脫性器沉毅志行敦簡善診
候明消息多辨論以醫術精博拜太醫校
尉治黃疸病最爲高手
晉書趙泉性好醫方拯救無倦善療衆
疾於瘧尤工甚爲當時所歎伏焉","【神也】以此視病盡見五藏癥結特以診脈爲
名耳
竘醫腫背仰愈軟脚
尸子有竘醫鉅者秦之良醫也莫知其姓
張子之背腫命竘治之謂醫竘曰背非吾
背也任子制焉治之遂愈鉅誠善治疾也
張子委制焉夫身與國亦猶此必有所委
制然後治
千金序仰道人嶺表僧也雖以聦慧入道
長以醫術關懐因晉朝南移衣纓士族
不襲水土皆患軟脚之疾染者無不斃
踣而此僧獨能療之天下知名焉
史脫治疸趙泉療瘧
晉書史脫性器沉毅志行敦簡善診
候明消息多辨論以醫術精博拜太醫校
尉治黃疸病最爲高手
晉書趙泉性好醫方拯救無倦善療衆
疾於瘧尤工甚爲當時所歎伏焉",待标注,"{""行款"":""半页13行，行16字""}",,
58,58.jpg,58.jpg,一期,一期,"鳳綱不老能嗣延年
神仙傳鳳綱者漁陽人也常採百草花以
水漬封泥之自正月始盡九月末止埋之
百日煎丸之卒死者以藥內口中皆立活
綱長服此藥至數百歲不老後入地肺山
中仙去
何首烏傳昔何首烏者順州南河縣人祖
名能嗣父名延秀能嗣常慕道術隨師
在山因醉夜臥山野忽見藤二株相去三
尺餘苗蔓相交乆而方解解了又交驚訝
其異至旦遂掘其根歸問諸人無識者後
有山老忽來示之答曰子既無嗣其藤乃
異此恐神仙之藥何不服之遂杵爲末空
心酒服一錢服數月似強健因此常服又
加二錢服之舊疾皆痊髮烏容少數年之
內即有子名延秀秀生首烏首烏之名因
此而得生數子年百餘嵗髮黒何首烏長
筋肉益精髓壯氣駐顔黒髮延年","鳳綱不老能嗣延年
神仙傳鳳綱者漁陽人也常採百草花以
水漬封泥之自正月始盡九月末止埋之
百日煎丸之卒死者以藥內口中皆立活
綱長服此藥至數百歲不老後入地肺山
中仙去
何首烏傳昔何首烏者順州南河縣人祖
名能嗣父名延秀能嗣常慕道術隨師
在山因醉夜臥山野忽見藤二株相去三
尺餘苗蔓相交乆而方解解了又交驚訝
其異至旦遂掘其根歸問諸人無識者後
有山老忽來示之答曰子既無嗣其藤乃
異此恐神仙之藥何不服之遂杵爲末空
心酒服一錢服數月似強健因此常服又
加二錢服之舊疾皆痊髮烏容少數年之
內即有子名延秀秀生首烏首烏之名因
此而得生數子年百餘嵗髮黒何首烏長
筋肉益精髓壯氣駐顔黒髮延年",待标注,"{""行款"":""半页16行，行16字""}",,
59,59.jpg,59.jpg,一期,一期,"之飛亦爲蠱在周易女惑男風落山謂之
蠱皆同物也趙孟曰良醫也厚其禮而
歸之
張苗烝桃伯宗移樹
晉書張苗雅好醫術善消息診處陳廩丘
得病連服藥發汗汗不出衆醫皆云發汗
不出者死自思可烝之如中風法令溫氣
於外迎之必得汗也復以問苗云曽有人
疲極汗出臥簟中冷得病苦增寒諸醫與
散四日凢八過發汗汗不出苗乃燒地布
桃葉於上烝之即得大汗便於被下傅粉
身極燥乃起即愈廩丘如其言果差
名醫録薛伯宗善以禁法治療時公孫泰
患發背伯宗與移於樹上
僧垣通洽裴頠稽古
北史姚僧垣字法衛吳興武康人也父菩
提梁髙平今嘗嬰疾歴年乃留心醫藥梁
武帝召與討論方術言多會意由是頗禮","之飛亦爲蠱在周易女惑男風落山謂之
蠱皆同物也趙孟曰良醫也厚其禮而
歸之
張苗烝桃伯宗移樹
晉書張苗雅好醫術善消息診處陳廩丘
得病連服藥發汗汗不出衆醫皆云發汗
不出者死自思可烝之如中風法令溫氣
於外迎之必得汗也復以問苗云曽有人
疲極汗出臥簟中冷得病苦增寒諸醫與
散四日凢八過發汗汗不出苗乃燒地布
桃葉於上烝之即得大汗便於被下傅粉
身極燥乃起即愈廩丘如其言果差
名醫録薛伯宗善以禁法治療時公孫泰
患發背伯宗與移於樹上
僧垣通洽裴頠稽古
北史姚僧垣字法衛吳興武康人也父菩
提梁髙平今嘗嬰疾歴年乃留心醫藥梁
武帝召與討論方術言多會意由是頗禮",待标注,"{""行款"":""半页15行，行16字""}",,
60,60.jpg,60.jpg,一期,一期,"在骨髓雖司命無奈之何今在骨髓臣是
以無請也後五日桓侯體病使人召扁鵲
扁鵲已逃去桓侯遂死
左傳成公十年晉侯夢太厲被髪及地搏
膺而踊曰殺余孫不義余得請於帝矣公
覺召桑田巫巫言如夢曰不食新矣求醫
於秦秦伯使毆酉緩爲之未至公夢疾爲
二豎子曰彼良醫也懼傷我焉逃之其一
曰居肓之上膏之下若我何醫至曰疾不
可爲也在肓之上膏之下攻之不可達之
不及藥不至焉不可爲也公曰良醫也厚
爲之禮而歸之
梁新薑汁趙鄂梨漿
北夢瑣言唐崔鉉鎮渚宮有富商舶居
中夜暴亡迨曉氣猶未絶隣房有武陵醫
工梁新聞之乃與診視曰此乃食毒也尋常
嗜食何物僕夫曰好食竹雞每年不下數百
隻近買竹雞併將充饌梁新曰竹雞喫牛","在骨髓雖司命無奈之何今在骨髓臣是
以無請也後五日桓侯體病使人召扁鵲
扁鵲已逃去桓侯遂死
左傳成公十年晉侯夢太厲被髪及地搏
膺而踊曰殺余孫不義余得請於帝矣公
覺召桑田巫巫言如夢曰不食新矣求醫
於秦秦伯使毆酉緩爲之未至公夢疾爲
二豎子曰彼良醫也懼傷我焉逃之其一
曰居肓之上膏之下若我何醫至曰疾不
可爲也在肓之上膏之下攻之不可達之
不及藥不至焉不可爲也公曰良醫也厚
爲之禮而歸之
梁新薑汁趙鄂梨漿
北夢瑣言唐崔鉉鎮渚宮有富商舶居
中夜暴亡迨曉氣猶未絶隣房有武陵醫
工梁新聞之乃與診視曰此乃食毒也尋常
嗜食何物僕夫曰好食竹雞每年不下數百
隻近買竹雞併將充饌梁新曰竹雞喫牛",待标注,"{""行款"":""半页15行，行16字""}",,
61,61.jpg,61.jpg,一期,一期,"分門集註杜工部詩卷第十四
時事上
古詩三十一首
兵車行
【洙曰春秋有兵車之會語不以兵車管仲之刀也王深父云雄武之君喜驅中國之衆以開邊服遠爲烈而不
寤其事乃先王之罪人耳此言蓋號於漢以刺玄宗云○師曰律詩尚於聲律古詩拘於語句以是詞不能達
夫謂之行者連其詞而已如古文而有韻自唐陳子昂一變江左之體而歌行暴于世行者詞之遺無所留
礙如雲行水曲折溶洩不爲聲律語句之所拘但於古詩句法中得增辭語且此行爲唐玄宗所作玄宗承
太宗米斗三錢之後國家豐富侈心一動遂生邊功初用張九齡爲相開元中號爲賢君其後罷九齡用李林
甫楊國忠之徒從事吐蕃訖唐之世吐蕃爲患者玄宗憤開其釁而已】
車轔轔【鄭曰離珍切○洙曰秦國風有車轔轔有馬白頭注轔眾車聲也列女傳衛靈公與夫人夜坐聞車聲轔轔","分門集註杜工部詩卷第十四
時事上
古詩三十一首
兵車行
【洙曰春秋有兵車之會語不以兵車管仲之刀也王深父云雄武之君喜驅中國之衆以開邊服遠爲烈而不
寤其事乃先王之罪人耳此言蓋號於漢以刺玄宗云○師曰律詩尚於聲律古詩拘於語句以是詞不能達
夫謂之行者連其詞而已如古文而有韻自唐陳子昂一變江左之體而歌行暴于世行者詞之遺無所留
礙如雲行水曲折溶洩不爲聲律語句之所拘但於古詩句法中得增辭語且此行爲唐玄宗所作玄宗承
太宗米斗三錢之後國家豐富侈心一動遂生邊功初用張九齡爲相開元中號爲賢君其後罷九齡用李林
甫楊國忠之徒從事吐蕃訖唐之世吐蕃爲患者玄宗憤開其釁而已】
車轔轔【鄭曰離珍切○洙曰秦國風有車轔轔有馬白頭注轔眾車聲也列女傳衛靈公與夫人夜坐聞車聲轔轔",待标注,"{""行款"":""半页7行，行42字""}",,
62,62.jpg,62.jpg,一期,一期,"至關而止夫人曰此遽伯正也王元長曲水詩序陽榖理講義之轍】馬蕭蕭【洙曰車攻詩蕭蕭馬鳴悠悠旌注
言不讙譁】行人弓箭各在腰【蔡伯世曰行人行役之人也】耶孃妻子走相送【彥輔曰杜元注云古樂府云不聞耶娘哭子聲但聞黃河之水流濺濺】塵埃不見咸陽橋
【何覬曰咸陽橋即長安城外橋兵行塵埃坌起故橋為之不見也】牽衣頓足攔道哭【鄭曰楚人
與蒲騷戰兵行父老牽哭于道○修可曰前漢書輿部孫會宗書頌足起舞○彥輔曰魏文帝見挽船士兄弟辭別詩妻子牽衣袂落淚沾懷抱王溫舒頓足嘆後漢書百姓遮道說文曰欄門遮也○師曰頓足者踊於#而為之困頓】哭聲直
上干雲霄【洙曰孔德璋干青霄而直上蜀都賦于青霄青而秀出】道旁過者問行人行
人但云點行頻【師曰點行者漢史謂之更行人以丁籍點照上更換差役玄宗數出兵故頻行之人法頻】
或從十五北防河【師曰防河謂築堤備河水泛決】便至四十西營田【洙曰
防河營田皆役也顏師古曰營田如漢趙充國獻營田之策無事則耕者有事則戰寓兵於農之意】去時里正【洙曰
里正一里之長○高荷日里正即合之保正也】與褁頭【鮑曰蜀亂兵戈不止東川咸用老弱俱戰云又括鄉里少
謂築土爲防河之法頸頸更換差役漢史謂之防河營田皆然也顏師古曰營田者國鹹山谷之人也賈誼過秦論人死萬流血地血流漂梓楊子補註曰王隱晉書荀顗爲青州刺史謂之營田者營成州武皇開邊意未已【洙曰武帝發動寧武將征伐西夷開置邊郡又選云邊郡與武帝將征伐西夷開置邊】君不聞漢家山東二日州【方輿紀要道四蕃志賔巴東東道凡一百十一州】萬落生荊杞【洙曰通與周文帝西魏計州二百二十有一隋文帝爲萬落之萬落二日州爲即即郡百九十唐天寶初改爲郡刺史爲太子大凡即即三百一十有八老子曰之之之後必有四年漢元帝詩堂上注荊杞落落蔚蔚爲山林庭漢以之舊引避置下州郡誤然也言山東即今之河北也按元詩補註曰荊杞山東也言山東之荊杞今之荊杞所謂山東言不得不王是是時揚國忠辠引史記爲淫銷煩易突生事數功於四夷其後反叛山東二百州皆陷于賊無復有玄宗滅不齒悟豈","至關而止夫人曰此遽伯正也王元長曲水詩序陽榖理講義之轍】馬蕭蕭【洙曰車攻詩蕭蕭馬鳴悠悠旌注
言不讙譁】行人弓箭各在腰【蔡伯世曰行人行役之人也】耶孃妻子走相送【彥輔曰杜元注云古樂府云不聞耶娘哭子聲但聞黃河之水流濺濺】塵埃不見咸陽橋
【何覬曰咸陽橋即長安城外橋兵行塵埃坌起故橋為之不見也】牽衣頓足攔道哭【鄭曰楚人
與蒲騷戰兵行父老牽哭于道○修可曰前漢書輿部孫會宗書頌足起舞○彥輔曰魏文帝見挽船士兄弟辭別詩妻子牽衣袂落淚沾懷抱王溫舒頓足嘆後漢書百姓遮道說文曰欄門遮也○師曰頓足者踊於#而為之困頓】哭聲直
上干雲霄【洙曰孔德璋干青霄而直上蜀都賦于青霄青而秀出】道旁過者問行人行
人但云點行頻【師曰點行者漢史謂之更行人以丁籍點照上更換差役玄宗數出兵故頻行之人法頻】
或從十五北防河【師曰防河謂築堤備河水泛決】便至四十西營田【洙曰
防河營田皆役也顏師古曰營田如漢趙充國獻營田之策無事則耕者有事則戰寓兵於農之意】去時里正【洙曰
里正一里之長○高荷日里正即合之保正也】與褁頭【鮑曰蜀亂兵戈不止東川咸用老弱俱戰云又括鄉里少
謂築土爲防河之法頸頸更換差役漢史謂之防河營田皆然也顏師古曰營田者國鹹山谷之人也賈誼過秦論人死萬流血地血流漂梓楊子補註曰王隱晉書荀顗爲青州刺史謂之營田者營成州武皇開邊意未已【洙曰武帝發動寧武將征伐西夷開置邊郡又選云邊郡與武帝將征伐西夷開置邊】君不聞漢家山東二日州【方輿紀要道四蕃志賔巴東東道凡一百十一州】萬落生荊杞【洙曰通與周文帝西魏計州二百二十有一隋文帝爲萬落之萬落二日州爲即即郡百九十唐天寶初改爲郡刺史爲太子大凡即即三百一十有八老子曰之之之後必有四年漢元帝詩堂上注荊杞落落蔚蔚爲山林庭漢以之舊引避置下州郡誤然也言山東即今之河北也按元詩補註曰荊杞山東也言山東之荊杞今之荊杞所謂山東言不得不王是是時揚國忠辠引史記爲淫銷煩易突生事數功於四夷其後反叛山東二百州皆陷于賊無復有玄宗滅不齒悟豈",待标注,"{""行款"":""半页1行，行341字""}",,
63,63.jpg,63.jpg,一期,一期,"潼關吏
【王深父曰安祿山反哥舒翰以潼關擊賊翰敗祿山逐陷長安其後收復長安頗增飾餘險此詩蓋刺非其人
則舉關以棄之得其人雖舊險亦足以持不必衆而持無益也孟子所謂地利不如人和也】
士卒何莫草築城潼關道大城鐵不如小城萬丈餘
【薛曰右按潤州圖經城号鐵瓮城吳孫權所築杜牧潤州詩城髙矗瓮橫強弩文世說曰若湯池鐵城無可攻之勢】借問
潼關吏修關還備胡【洙曰脩關一作築城】要我下馬行【鄭曰要於宵切】
爲我拍山隅連雲刻戰格飛鳥不能踰胡來但自守
豈復憂西都丈人視要處窄狹容單車【蘇曰李方車云井陘之道車不
得方軌騎不得成列】艱難奮長戟千古用一夫【洙曰匈奴賛萬長戟勁弩之械劔閣
銘一人荷戟万夫趂趄蜀都賦一夫守隘萬夫莫向淮南子一人守隘千夫莫向】哀哉桃林戰百萬
化爲魚【洙曰武成牧牛桃林之野注桃林在華山東西京付左有崤函重險桃林之塞陸士衡春言懷桑梓無刀化爲","潼關吏
【王深父曰安祿山反哥舒翰以潼關擊賊翰敗祿山逐陷長安其後收復長安頗增飾餘險此詩蓋刺非其人
則舉關以棄之得其人雖舊險亦足以持不必衆而持無益也孟子所謂地利不如人和也】
士卒何莫草築城潼關道大城鐵不如小城萬丈餘
【薛曰右按潤州圖經城号鐵瓮城吳孫權所築杜牧潤州詩城髙矗瓮橫強弩文世說曰若湯池鐵城無可攻之勢】借問
潼關吏修關還備胡【洙曰脩關一作築城】要我下馬行【鄭曰要於宵切】
爲我拍山隅連雲刻戰格飛鳥不能踰胡來但自守
豈復憂西都丈人視要處窄狹容單車【蘇曰李方車云井陘之道車不
得方軌騎不得成列】艱難奮長戟千古用一夫【洙曰匈奴賛萬長戟勁弩之械劔閣
銘一人荷戟万夫趂趄蜀都賦一夫守隘萬夫莫向淮南子一人守隘千夫莫向】哀哉桃林戰百萬
化爲魚【洙曰武成牧牛桃林之野注桃林在華山東西京付左有崤函重險桃林之塞陸士衡春言懷桑梓無刀化爲",待标注,"{""行款"":""半页7行，行48字""}",,
64,64.jpg,64.jpg,一期,一期,"未去出入無完裙【洙曰一作孫毌禾便出見吏無完裙】老嫗力雖衰【洙曰丈頴
曰幽州及漢中皆謂嫗為媪】請從吏夜歸應急赴河陽役【沈曰河陽東都也】猶
得備晨炊【洙曰史晨炊蓐食○師曰時三節度屯兵於此以禦慶諸兵敗無丁可抽故老嫗請起河陽之役以
供炊爨而已】夜久語聲絶如聞泣幽咽天明登立前途獨與
老翁別
垂老別
【王深父曰軍興之其至於老者亦介胄則又甚於閱左之戍矣】
四郊【洙曰一作方】未寧靜【洙曰曲禮四郊多壘卻大夫之辱也】垂老不得安子
孫陣亡盡【蘇曰衛隆吾宗世業儒值此難亂子孫不慣操弋陣亡皆尽】焉用身獨完投
杖出門去同行爲辛酸幸有牙齒存所悲骨髓【洙曰一作
肉】乾男兒既介胄長揖別上官【洙曰左思詩長揖歸田廬酈食其長揖高祖】老","未去出入無完裙【洙曰一作孫毌禾便出見吏無完裙】老嫗力雖衰【洙曰丈頴
曰幽州及漢中皆謂嫗為媪】請從吏夜歸應急赴河陽役【沈曰河陽東都也】猶
得備晨炊【洙曰史晨炊蓐食○師曰時三節度屯兵於此以禦慶諸兵敗無丁可抽故老嫗請起河陽之役以
供炊爨而已】夜久語聲絶如聞泣幽咽天明登立前途獨與
老翁別
垂老別
【王深父曰軍興之其至於老者亦介胄則又甚於閱左之戍矣】
四郊【洙曰一作方】未寧靜【洙曰曲禮四郊多壘卻大夫之辱也】垂老不得安子
孫陣亡盡【蘇曰衛隆吾宗世業儒值此難亂子孫不慣操弋陣亡皆尽】焉用身獨完投
杖出門去同行爲辛酸幸有牙齒存所悲骨髓【洙曰一作
肉】乾男兒既介胄長揖別上官【洙曰左思詩長揖歸田廬酈食其長揖高祖】老",待标注,"{""行款"":""半页9行，行33字""}",,
65,65.jpg,65.jpg,一期,一期,"我鈎反無食。堯徳曰楚辭曰以直針而爲鈎兮又何魚之能得盖古人所鈎其意不在魚耳若任公之鈎其幾是乎】東去
過郿塢孤城象漢劉【自注十五日至郿縣有董卓城象馬安俗謂之小長安。縯曰董卓築塢
於郿號萬歲塢】誰言董公健【縯曰按卓傳卓議殺立袁紹勃然曰天下健者何必董公】竟復伍
孚讎【李原曰越騎校尉伍孚忿卓凶毒懐佩刀刺之不中左右執孚大言曰恨不得磔裂姦賊於都市】白刃
俄生肘【師曰王允與呂布謀誅卓今李肅以戟刺之衷甲不入卓驚呼布所在曰有詔遂殺卓。次公曰生肘字諸
葛亮所謂變生於肘腋之下言布嘗與卓結爲父子而卒殺卓也。黃魯直曰潘子真詩話補遺曰杜詩當知肘腋事自及樂鏡徒
肘腋是趙滅智伯事】黃金謾似立【師曰卓郿塢中珍藏有金二三万斤銀八九萬斤錦綺積如丘山】平
生聞太白【縯曰太白山在武功縣謾云武功太白去天三百言其髙也乃往郿縣之道。謝無逸曰唐柳宗元太白
山祠堂碑云雍州西南界于梁其山曰太白。洪駒父曰三十六洞天記第十一太白山洞周回五百里毘谷子於此授蘇秦佐國
之術祠廟皆在長安】一見駐行騶鼓角誰能試風雷果致不嵓崖已竒絶冰雪更琱锼【次公曰選賦云木不琱锼】春早憂無麥山","我鈎反無食。堯徳曰楚辭曰以直針而爲鈎兮又何魚之能得盖古人所鈎其意不在魚耳若任公之鈎其幾是乎】東去
過郿塢孤城象漢劉【自注十五日至郿縣有董卓城象馬安俗謂之小長安。縯曰董卓築塢
於郿號萬歲塢】誰言董公健【縯曰按卓傳卓議殺立袁紹勃然曰天下健者何必董公】竟復伍
孚讎【李原曰越騎校尉伍孚忿卓凶毒懐佩刀刺之不中左右執孚大言曰恨不得磔裂姦賊於都市】白刃
俄生肘【師曰王允與呂布謀誅卓今李肅以戟刺之衷甲不入卓驚呼布所在曰有詔遂殺卓。次公曰生肘字諸
葛亮所謂變生於肘腋之下言布嘗與卓結爲父子而卒殺卓也。黃魯直曰潘子真詩話補遺曰杜詩當知肘腋事自及樂鏡徒
肘腋是趙滅智伯事】黃金謾似立【師曰卓郿塢中珍藏有金二三万斤銀八九萬斤錦綺積如丘山】平
生聞太白【縯曰太白山在武功縣謾云武功太白去天三百言其髙也乃往郿縣之道。謝無逸曰唐柳宗元太白
山祠堂碑云雍州西南界于梁其山曰太白。洪駒父曰三十六洞天記第十一太白山洞周回五百里毘谷子於此授蘇秦佐國
之術祠廟皆在長安】一見駐行騶鼓角誰能試風雷果致不嵓崖已竒絶冰雪更琱锼【次公曰選賦云木不琱锼】春早憂無麥山",待标注,"{""行款"":""半页10行，行50字""}",,
66,66.jpg,66.jpg,一期,一期,"与張杲之同至大秦寺早食而別有太平宮道士趙宗有抱琴見送至寺後雁鳴之引乃去又西至延生觀觀後上小山有唐玉真
公主修道之遺跡下山而西行十數里南入黑水谷谷中有潭名仙遊潭上有寺三倚峻峯面清淺樹林深翠怪石不可勝數潭水
以繩繕石数百尺不得其底以瓦礫投之翔揚徐下食頃乃不見其清激如此遂宿於中興寺寺中有玉女洞洞中有飛泉甚甘明
日以泉一鉗歸至郿又明日乃至府。師曰堯聘許由爲九州長由聞恥之洗耳於潁水。十朋曰詳見愛玉女洞中水詩疏注】忽
憶尋蟆培【縯曰唐張又新水記言峽州扇子峽石中突而洩水獨清冷石狀如龜頭俗謂蝦蟆石其水煎茶爲第一
○次公曰昔先生与子由自眉州鄉里舟行趍京師過峽州蝦蟆培皆有詩見南行集○謝幼槃曰黃曽直豐南題名云蝦蟆培從
舟中望之頥頷口吻甚類蝦蟆也尋泉源入洞中石氣清寒流泉出石骨若虬龍吼】方冬脫鹿裘【師曰東漢
虞延傳晏子輔齊鹿裘不完晏子布衣鹿裘以朝公曰夫子之家若此其貧也奚衣之惡也】山川良甚似
水石亦堪儔惟有泉傍飲無人自獻酬【自注昔与子由遊蟆培時
方冬洞中溫溫如二三月○次公曰先生与子由尋蟆培時必同飲其傍今日山川雖似水石雖侔而子由不在焉无人云者乃所以懷之也】","与張杲之同至大秦寺早食而別有太平宮道士趙宗有抱琴見送至寺後雁鳴之引乃去又西至延生觀觀後上小山有唐玉真
公主修道之遺跡下山而西行十數里南入黑水谷谷中有潭名仙遊潭上有寺三倚峻峯面清淺樹林深翠怪石不可勝數潭水
以繩繕石数百尺不得其底以瓦礫投之翔揚徐下食頃乃不見其清激如此遂宿於中興寺寺中有玉女洞洞中有飛泉甚甘明
日以泉一鉗歸至郿又明日乃至府。師曰堯聘許由爲九州長由聞恥之洗耳於潁水。十朋曰詳見愛玉女洞中水詩疏注】忽
憶尋蟆培【縯曰唐張又新水記言峽州扇子峽石中突而洩水獨清冷石狀如龜頭俗謂蝦蟆石其水煎茶爲第一
○次公曰昔先生与子由自眉州鄉里舟行趍京師過峽州蝦蟆培皆有詩見南行集○謝幼槃曰黃曽直豐南題名云蝦蟆培從
舟中望之頥頷口吻甚類蝦蟆也尋泉源入洞中石氣清寒流泉出石骨若虬龍吼】方冬脫鹿裘【師曰東漢
虞延傳晏子輔齊鹿裘不完晏子布衣鹿裘以朝公曰夫子之家若此其貧也奚衣之惡也】山川良甚似
水石亦堪儔惟有泉傍飲無人自獻酬【自注昔与子由遊蟆培時
方冬洞中溫溫如二三月○次公曰先生与子由尋蟆培時必同飲其傍今日山川雖似水石雖侔而子由不在焉无人云者乃所以懷之也】",待标注,"{""行款"":""半页9行，行50字""}",,
67,67.jpg,67.jpg,一期,一期,"太白山下早行至横渠鎮書崇壽院壁【次公
曰此篇并第五卷樓觀篇乃先生長篇叙事之外所專賦也○十朋曰太白山見前詩注】
馬上續殘夢不知朝日昇亂山橫翠幛落月淡孤
燈奔走煩郵吏安閑愧老僧再遊應眷眷聊亦寄
吾曽【次公曰吾曽字謙如韓詩云一蛇兩頭見未曽】
二十六日五更起行至磻溪未明【任曰嘉祐七年先生
在鳳翔作】
夜入磻溪如入峽照山炬火落驚猿山頭孤月耿
猶在石上寒波曉更喧至人舊隱白雲合【次公曰至人舊隱以
言太公也】神物已化遺蹤蛇【次公曰神物言龍蟠溪有龍所以於此地禱兩也】安得
夢隨霹靂驚【縯曰酉陽雜俎李鄘在此都介休百姓送解牒上晉祠字下夜有人叩門云介休王暫借霹靂】","太白山下早行至横渠鎮書崇壽院壁【次公
曰此篇并第五卷樓觀篇乃先生長篇叙事之外所專賦也○十朋曰太白山見前詩注】
馬上續殘夢不知朝日昇亂山橫翠幛落月淡孤
燈奔走煩郵吏安閑愧老僧再遊應眷眷聊亦寄
吾曽【次公曰吾曽字謙如韓詩云一蛇兩頭見未曽】
二十六日五更起行至磻溪未明【任曰嘉祐七年先生
在鳳翔作】
夜入磻溪如入峽照山炬火落驚猿山頭孤月耿
猶在石上寒波曉更喧至人舊隱白雲合【次公曰至人舊隱以
言太公也】神物已化遺蹤蛇【次公曰神物言龍蟠溪有龍所以於此地禱兩也】安得
夢隨霹靂驚【縯曰酉陽雜俎李鄘在此都介休百姓送解牒上晉祠字下夜有人叩門云介休王暫借霹靂】",待标注,"{""行款"":""半页6行，行35字""}",,
68,68.jpg,68.jpg,一期,一期,"僧語不繁歸瓶得冰雪清冷慰文園【縯曰司馬相如爲孝文園令有
消渴之疾也】
山前乳水隔塵凡山上仙風舞檜杉細細龍鱗生
亂石【任曰郭景純遊仙詩闓闔西南來濳波渙鱗起注云兌爲閶闔風水波渙然如魚鱗之起也】團團羊
角轉空巖【縯曰羊角風也莊子摶扶搖羊角而上者九万里○次公曰淮南子言扶搖抮抱羊角而上許慎注云扶
攀也揺動也抱了戾也扶揺如羊角轉如曲縈行而上也抮讀如胗】馮夷窟宅非樑棟【厚曰馮夷弘農
華隂人也服八石得水仙帝錫爲河伯○宋援曰離騷紫具闕𠔃魚鱗宮此馮夷窶宅也】禦冦車輿謝轡
銜【縯曰列子御風而行令然善也○次公曰楚詞惜往日篇無轡銜而自載】丗事漸艱吾欲去永
隨二子脫譏讒【厚曰列子師老商氏幷伯髙子尽二子之道東風而歸○次公曰蓋言丗態可厭欲從馮
夷之水居禦冦之風馭爲可以脫譏讒先生詩案一頃熙寕七年八月望遊風水洞文云丗事漸艱吾欲出意謂行新法之後丗事
日益艱難小人爭進名務讒毀試度思之不可以合又不可以容故欲弃官卜隠居之地也詩集作吾欲出詩案依欲去從詩案】","僧語不繁歸瓶得冰雪清冷慰文園【縯曰司馬相如爲孝文園令有
消渴之疾也】
山前乳水隔塵凡山上仙風舞檜杉細細龍鱗生
亂石【任曰郭景純遊仙詩闓闔西南來濳波渙鱗起注云兌爲閶闔風水波渙然如魚鱗之起也】團團羊
角轉空巖【縯曰羊角風也莊子摶扶搖羊角而上者九万里○次公曰淮南子言扶搖抮抱羊角而上許慎注云扶
攀也揺動也抱了戾也扶揺如羊角轉如曲縈行而上也抮讀如胗】馮夷窟宅非樑棟【厚曰馮夷弘農
華隂人也服八石得水仙帝錫爲河伯○宋援曰離騷紫具闕𠔃魚鱗宮此馮夷窶宅也】禦冦車輿謝轡
銜【縯曰列子御風而行令然善也○次公曰楚詞惜往日篇無轡銜而自載】丗事漸艱吾欲去永
隨二子脫譏讒【厚曰列子師老商氏幷伯髙子尽二子之道東風而歸○次公曰蓋言丗態可厭欲從馮
夷之水居禦冦之風馭爲可以脫譏讒先生詩案一頃熙寕七年八月望遊風水洞文云丗事漸艱吾欲出意謂行新法之後丗事
日益艱難小人爭進名務讒毀試度思之不可以合又不可以容故欲弃官卜隠居之地也詩集作吾欲出詩案依欲去從詩案】",待标注,"{""行款"":""半页9行，行41字""}",,
69,69.jpg,69.jpg,一期,一期,"曰偶耕字即喪沮桀溺耦而耕也】
過淮【任曰按水經注及山海經云淮水出南陽平氏縣桐柏山東過江夏平春縣北又東過新息縣
南期思縣北至厚鹿縣南与汝水合】
朝離新息縣初亂一水碧暮宿淮南村已渡千山
赤麏鼯號古戍霧雨暗破驛回頭梁楚郊水與中
原隔黃州在何許想像雲夣澤【厚曰雲夣澤在安州安陸縣○任曰杜牧之齊
安郡詩云雲夣澤南州蓋齊安即黃州而在雲夣澤之南】吾生如寄耳初不擇所適但
有魚與稻生理已自畢獨喜小兒子少小事安佚
相從艱難中肝肺如鐡石【何人表曰凌日林桃花賦序云宋廣平正資勁質疑其鐵腸石
心不解吐婉辞】便應與晤語何止寄衰疾【自注時家在子由處獨与兒子邁南來】
別黃州【仔曰先生以元豐三年二月至黃居黃居五年至是量移汝州蓋元豐七年八月也】","曰偶耕字即喪沮桀溺耦而耕也】
過淮【任曰按水經注及山海經云淮水出南陽平氏縣桐柏山東過江夏平春縣北又東過新息縣
南期思縣北至厚鹿縣南与汝水合】
朝離新息縣初亂一水碧暮宿淮南村已渡千山
赤麏鼯號古戍霧雨暗破驛回頭梁楚郊水與中
原隔黃州在何許想像雲夣澤【厚曰雲夣澤在安州安陸縣○任曰杜牧之齊
安郡詩云雲夣澤南州蓋齊安即黃州而在雲夣澤之南】吾生如寄耳初不擇所適但
有魚與稻生理已自畢獨喜小兒子少小事安佚
相從艱難中肝肺如鐡石【何人表曰凌日林桃花賦序云宋廣平正資勁質疑其鐵腸石
心不解吐婉辞】便應與晤語何止寄衰疾【自注時家在子由處獨与兒子邁南來】
別黃州【仔曰先生以元豐三年二月至黃居黃居五年至是量移汝州蓋元豐七年八月也】",待标注,"{""行款"":""半页6行，行34字""}",,
70,70.jpg,70.jpg,一期,一期,"【生府不稱夫人】栢未君也賵者何喪事有賵賵者蓋以馬以
乗馬東帛【此道周制也以馬者謂士不備四也禮既夕曰公賵玄鍾束帛兩馬是也乗馬者謂大夫以上備四也禮
大夫以上至天子皆乗四馬所以通四方也天子馬曰龍高七尺以上諸侯曰馬髙六尺以上卿大夫士曰駒髙五尺以上東帛謂玄三緟二
玄三法天鍾三法地因取足以共事○乗馬繩證反注乗馬同緟許云反共音恭】車馬曰賵貨財曰
賻衣被曰襚【此者春秋制也賵猶覆也賻猶助也皆助生送死之禮襚猶遺也遺是助死之禮知生者賵賻知死者贈襚○賻音附襚音遂猶遺唯季反】栢未君則諸侯曷爲來賵之【据非禮】隠
爲栢立故以栢母之喪告于諸侯【經言王者賵赴告王者可知故傳但言諸
侯○隠爲于僞反下注爲井年未注同告古毒反一音古報反】然則何言爾成公意也【尊賁
柏母以赴告天子諸侯彰柏當立得事之宜故善而書仲子所以起其意成其賢】其言來何【据歸含且賵不言來○歸
唅本又作含戶暗反下同】不及事也【出於去來爲不及事時以葬事畢無所復施故云爾去來所以為及事者若已在於
內者】其言惠公仲子何【据歸含且賵不言主名】兼之兼之非禮也","【生府不稱夫人】栢未君也賵者何喪事有賵賵者蓋以馬以
乗馬東帛【此道周制也以馬者謂士不備四也禮既夕曰公賵玄鍾束帛兩馬是也乗馬者謂大夫以上備四也禮
大夫以上至天子皆乗四馬所以通四方也天子馬曰龍高七尺以上諸侯曰馬髙六尺以上卿大夫士曰駒髙五尺以上東帛謂玄三緟二
玄三法天鍾三法地因取足以共事○乗馬繩證反注乗馬同緟許云反共音恭】車馬曰賵貨財曰
賻衣被曰襚【此者春秋制也賵猶覆也賻猶助也皆助生送死之禮襚猶遺也遺是助死之禮知生者賵賻知死者贈襚○賻音附襚音遂猶遺唯季反】栢未君則諸侯曷爲來賵之【据非禮】隠
爲栢立故以栢母之喪告于諸侯【經言王者賵赴告王者可知故傳但言諸
侯○隠爲于僞反下注爲井年未注同告古毒反一音古報反】然則何言爾成公意也【尊賁
柏母以赴告天子諸侯彰柏當立得事之宜故善而書仲子所以起其意成其賢】其言來何【据歸含且賵不言來○歸
唅本又作含戶暗反下同】不及事也【出於去來爲不及事時以葬事畢無所復施故云爾去來所以為及事者若已在於
內者】其言惠公仲子何【据歸含且賵不言主名】兼之兼之非禮也",待标注,"{""行款"":""半页4行，行77字""}",,
71,71.jpg,71.jpg,一期,一期,"或不日或失之前或失之後失之前者朔在前也
【謂二日食己巳日有食之是也此象君行暴急外見畏故日行疾月行遲過朔乃食失正朔於前也】失之後者朔
在後也【謂晦日食莊公十八年三月日有食之是也此象君行懦弱見陵破日行遲月行疾未至朔而食失正朔於後也不言月
食之者其形不可得而觀也故疑言日有食之孔子曰多聞#疑愼言其餘則寡尤不傳天下異者從王內録可知也○懦乃亂反又乃卧反】
○三月庚戌天王崩【平王也】何以不書葬【据書葬桓王】天子
記崩不記葬必其時也【至尊無所屈也】諸侯記卒記葬有
天子存【存在】不得必其時也【設有王后崩當越紼而奔喪不得必其時故恩録之○紼音弗】
曷爲或言崩或言薨天子曰崩【大毀壞之辭】諸侯曰薨【小毀
壞之辭】大夫曰卒【卒猶終也】士曰不祿【不祿無祿也皆所以別尊卑也葬不別者從恩殺略也書
崩者爲天下恩痛王者也記諸侯卒葬者王者亦當加之以恩禮故爲恩録○以別彼列反不同恩殺所界反爲天子僞反下故爲王爲傳所
爲同】○夏四月辛卯尹氏卒尹氏者何天子之大夫也","或不日或失之前或失之後失之前者朔在前也
【謂二日食己巳日有食之是也此象君行暴急外見畏故日行疾月行遲過朔乃食失正朔於前也】失之後者朔
在後也【謂晦日食莊公十八年三月日有食之是也此象君行懦弱見陵破日行遲月行疾未至朔而食失正朔於後也不言月
食之者其形不可得而觀也故疑言日有食之孔子曰多聞#疑愼言其餘則寡尤不傳天下異者從王內録可知也○懦乃亂反又乃卧反】
○三月庚戌天王崩【平王也】何以不書葬【据書葬桓王】天子
記崩不記葬必其時也【至尊無所屈也】諸侯記卒記葬有
天子存【存在】不得必其時也【設有王后崩當越紼而奔喪不得必其時故恩録之○紼音弗】
曷爲或言崩或言薨天子曰崩【大毀壞之辭】諸侯曰薨【小毀
壞之辭】大夫曰卒【卒猶終也】士曰不祿【不祿無祿也皆所以別尊卑也葬不別者從恩殺略也書
崩者爲天下恩痛王者也記諸侯卒葬者王者亦當加之以恩禮故爲恩録○以別彼列反不同恩殺所界反爲天子僞反下故爲王爲傳所
爲同】○夏四月辛卯尹氏卒尹氏者何天子之大夫也",待标注,"{""行款"":""半页6行，行55字""}",,
72,72.jpg,72.jpg,一期,一期,"無所繫也沈子稱子冠氏上者著其爲師也不但言子曰者辟孔子也其不冠子者他師也○冠氏古亂反下同】公薨何以
不地【据莊公薨于路寢】不忍言也【不忍言其僵尸之處○僵居良反處昌慮反】隱何以
無正月【括六年輸平不月】隱將讓乎栢故不有其正月也
【嫌上諸成公意適可見始讓不能見終故復爲終篇去正月明隱終無有國之心但栢疑而弒之公薨王書者爲臣子恩痛之他國自從王者
恩例録也○去起呂反】
春秋公羊卷第一
經傳叄阡壹伯陸拾肆字
注壹萬貳拾肆字
音義貳阡壹伯貳拾字
余氏刋于萬卷堂","無所繫也沈子稱子冠氏上者著其爲師也不但言子曰者辟孔子也其不冠子者他師也○冠氏古亂反下同】公薨何以
不地【据莊公薨于路寢】不忍言也【不忍言其僵尸之處○僵居良反處昌慮反】隱何以
無正月【括六年輸平不月】隱將讓乎栢故不有其正月也
【嫌上諸成公意適可見始讓不能見終故復爲終篇去正月明隱終無有國之心但栢疑而弒之公薨王書者爲臣子恩痛之他國自從王者
恩例録也○去起呂反】
春秋公羊卷第一
經傳叄阡壹伯陸拾肆字
注壹萬貳拾肆字
音義貳阡壹伯貳拾字
余氏刋于萬卷堂",待标注,"{""行款"":""半页10行，行10字""}",,
73,73.jpg,73.jpg,一期,一期,"又作歃所洽反又所甲反】何言乎相命【据盟亦相命不道也】近正也【以不言盟也○近正附近之近
下及注同】此其爲近正奈何古者不盟結言而退【善其近正似於
古而不相背故書以撥爾也○音佩】○六月公會紀侯于盛【○盛音成】○秋七
月壬辰朔日有食之既既者何盡也【光明滅盡也是後楚滅鄧穀上僭稱
王故尤甚也楚滅鄧穀不書者後治夷狄】○公子翬如齊逆女○九月齊侯送
姜氏于讙何以書譏何譏爾諸侯越竟送女非禮
也【以言姜氏也禮送女父母不下堂姑姊妹不出門○讙呼官反】此入國矣何以不稱夫人
【据讙魯地】自我言齊【怨己以及人也】父母之於子雖爲鄰國夫人
猶曰吾姜氏【所以崇父子之親從父母辭不言孟姜言姜氏者從魯辭起魯地】○公會齊侯
于讙夫人姜氏至自齊翬何以不致【据遂以夫人婦姜至自齊致】得
見乎公矣【本所以致夫人者公不親迎有危也翬當并致者翬親地重在翬也上會讙時夫人以得見公得禮失禮在公","又作歃所洽反又所甲反】何言乎相命【据盟亦相命不道也】近正也【以不言盟也○近正附近之近
下及注同】此其爲近正奈何古者不盟結言而退【善其近正似於
古而不相背故書以撥爾也○音佩】○六月公會紀侯于盛【○盛音成】○秋七
月壬辰朔日有食之既既者何盡也【光明滅盡也是後楚滅鄧穀上僭稱
王故尤甚也楚滅鄧穀不書者後治夷狄】○公子翬如齊逆女○九月齊侯送
姜氏于讙何以書譏何譏爾諸侯越竟送女非禮
也【以言姜氏也禮送女父母不下堂姑姊妹不出門○讙呼官反】此入國矣何以不稱夫人
【据讙魯地】自我言齊【怨己以及人也】父母之於子雖爲鄰國夫人
猶曰吾姜氏【所以崇父子之親從父母辭不言孟姜言姜氏者從魯辭起魯地】○公會齊侯
于讙夫人姜氏至自齊翬何以不致【据遂以夫人婦姜至自齊致】得
見乎公矣【本所以致夫人者公不親迎有危也翬當并致者翬親地重在翬也上會讙時夫人以得見公得禮失禮在公",待标注,"{""行款"":""半页10行，行37字""}",,
74,74.jpg,74.jpg,一期,一期,"公衞侯燕人戰齊師宋師衛師燕師敗績曷爲
後日【据鞌之戰先書日○鞌音安】恃外也其恃外奈何得紀侯鄭
伯然後能爲日也【得紀侯鄭伯之助然後乃能結戰日以勝君子不掩人之功不蔽人之善故後日以明之
○勝詩證反蔽必婢反】內不言戰此其言戰何【据公敗宋師于菅菅音古顔反】從外
也【從外諸侯相與戰例】曷爲從外【据戰于宋不從外言敗績】恃外故從外也【明當
歸功於紀鄭故從紀鄭言戰】何以不地【焉有下向】近也惡乎近近乎圍郎
亦近矣郎何以地郎猶可以地也【郎雖近猶尚可言其處今親戰龍門兵攻城池尤危故恥之績功也非義不戰故以功言之不言功者取其積聚師衆有華畢上下次第行伍必出萬死而不奔此故以自敗爲文明當
坐也燕戰稱人敗績稱師者重敗也戰少而敗多言及者明見我者爲主故得汲汲敗勝之文○處昌慮反行戶郎反】○三月
葬衛宣公【背殯用兵而月不危之者衛弱於齊宋不從亦有危故量力不責也○背殯音佩後背殯皆放此】○夏
大水【爲龍門之戰死傷者衆民悲哀之所致○爲于偽反】秋七月○冬十月","公衞侯燕人戰齊師宋師衛師燕師敗績曷爲
後日【据鞌之戰先書日○鞌音安】恃外也其恃外奈何得紀侯鄭
伯然後能爲日也【得紀侯鄭伯之助然後乃能結戰日以勝君子不掩人之功不蔽人之善故後日以明之
○勝詩證反蔽必婢反】內不言戰此其言戰何【据公敗宋師于菅菅音古顔反】從外
也【從外諸侯相與戰例】曷爲從外【据戰于宋不從外言敗績】恃外故從外也【明當
歸功於紀鄭故從紀鄭言戰】何以不地【焉有下向】近也惡乎近近乎圍郎
亦近矣郎何以地郎猶可以地也【郎雖近猶尚可言其處今親戰龍門兵攻城池尤危故恥之績功也非義不戰故以功言之不言功者取其積聚師衆有華畢上下次第行伍必出萬死而不奔此故以自敗爲文明當
坐也燕戰稱人敗績稱師者重敗也戰少而敗多言及者明見我者爲主故得汲汲敗勝之文○處昌慮反行戶郎反】○三月
葬衛宣公【背殯用兵而月不危之者衛弱於齊宋不從亦有危故量力不責也○背殯音佩後背殯皆放此】○夏
大水【爲龍門之戰死傷者衆民悲哀之所致○爲于偽反】秋七月○冬十月",待标注,"{""行款"":""半页1行，行84字""}",,
75,75.jpg,75.jpg,一期,一期,"後山居士集敘
孔子曰有德者必有言有言者不必有
德言之錯綜而奧美者爲文文之鍛鍊
而幼眇者爲詩儒者以學成德以德輔
言末之茂者夲必深委之廣者源必逺
盍即古之名丗之士而觀之哉棘子成
曰君子質而已矣何以文爲雖有見於
一偏於吾孔子之意末大相逺也子貢
以言語列於四科其病之也則宜不曰","後山居士集敘
孔子曰有德者必有言有言者不必有
德言之錯綜而奧美者爲文文之鍛鍊
而幼眇者爲詩儒者以學成德以德輔
言末之茂者夲必深委之廣者源必逺
盍即古之名丗之士而觀之哉棘子成
曰君子質而已矣何以文爲雖有見於
一偏於吾孔子之意末大相逺也子貢
以言語列於四科其病之也則宜不曰",待标注,"{""行款"":""半页4行，行15字""}",,
76,76.jpg,76.jpg,一期,一期,"皮之不存虎豹之文安附哉余猶意其
古之遺言也歟抑亦有爲而言之也歟
彭城後山居士陳無已師道苦節厲志
自其少時蚤以文謁南豐曾舎人曽一
見竒之許其必以文著時人未之知也
元祐中侍從合薦于朝起爲徐州教授
除太學愽士言者謂當官嘗私至宋謁
眉山蘇公改教授潁州紹聖初以進非
科第而罷退居彭城者累年復教授棣
州入祕書省爲正字以卒實建中靖國
元年也未仕貧無以養寄其孥婦氏當
權者或召見之顧非其好不往此豈易
衣食者哉在潁賦六一堂詩有向來一
瓣香敬爲曽南豐之句而太守則蘇公
也其罷而歸彭城家益窮空至累日不
炊妻子慍見而不恤諸經皆有訓傳於
詩禮尤邃爲文至多少不中意則焚之
存者財十一也丗徒喜誦其詩文乃若","皮之不存虎豹之文安附哉余猶意其
古之遺言也歟抑亦有爲而言之也歟
彭城後山居士陳無已師道苦節厲志
自其少時蚤以文謁南豐曾舎人曽一
見竒之許其必以文著時人未之知也
元祐中侍從合薦于朝起爲徐州教授
除太學愽士言者謂當官嘗私至宋謁
眉山蘇公改教授潁州紹聖初以進非
科第而罷退居彭城者累年復教授棣
州入祕書省爲正字以卒實建中靖國
元年也未仕貧無以養寄其孥婦氏當
權者或召見之顧非其好不往此豈易
衣食者哉在潁賦六一堂詩有向來一
瓣香敬爲曽南豐之句而太守則蘇公
也其罷而歸彭城家益窮空至累日不
炊妻子慍見而不恤諸經皆有訓傳於
詩禮尤邃爲文至多少不中意則焚之
存者財十一也丗徒喜誦其詩文乃若",待标注,"{""行款"":""半页9行，行15字""}",,
77,77.jpg,77.jpg,一期,一期,"惠妾無其終一死尚可忍百歳何當窮
天地豈不寛妾身自不容死者如有知
殺身以相從向來歌舞處夜兩鳴寒蛩
南豐先生挽詞二首
早棄人間事真從地下游丘原無起日
江漢有東流身丗從違裏功名取次休
不應湏禮樂始作後程仇
精爽回長夜衣冠出廣庭勲庸留琬琰
形像付丹青道喪餘篇翰人亡更典刑
俟芭才一足白首太玄經
送外舅郭大夫西川提點刑獄
丈人東南來復作西南去連年萬里別
更覺貧賤苦王事有期程親年當喜懼
畏與妻子別已復迫曛莫何者最可憐
兒生未知父盜賊非人情蠻夷正狼顧
功名何用多莫作分外慮萬里早歸來
九折慎馳騖嫁女不離家生男已當戶
曲逆老不俟知人公豈悞","惠妾無其終一死尚可忍百歳何當窮
天地豈不寛妾身自不容死者如有知
殺身以相從向來歌舞處夜兩鳴寒蛩
南豐先生挽詞二首
早棄人間事真從地下游丘原無起日
江漢有東流身丗從違裏功名取次休
不應湏禮樂始作後程仇
精爽回長夜衣冠出廣庭勲庸留琬琰
形像付丹青道喪餘篇翰人亡更典刑
俟芭才一足白首太玄經
送外舅郭大夫西川提點刑獄
丈人東南來復作西南去連年萬里別
更覺貧賤苦王事有期程親年當喜懼
畏與妻子別已復迫曛莫何者最可憐
兒生未知父盜賊非人情蠻夷正狼顧
功名何用多莫作分外慮萬里早歸來
九折慎馳騖嫁女不離家生男已當戶
曲逆老不俟知人公豈悞",待标注,"{""行款"":""半页8行，行15字""}",,
78,78.jpg,78.jpg,一期,一期,"麀麌顧其子燕雀各有隨與子爲夫婦
五年三別離兒女豈不懐母老姝巳笄
父子各從母可喜亦可悲關河萬里道
子去何當歸三嵗不可道白首以爲期
百畒未爲多數口可無飢吞聲不敢盡
欲怨當歸誰
別三子
夫婦死同穴父子貧賤離天下寧有此
昔聞今見之毋前三子後熟視不得追
嗟乎胡不仁使我至於斯有女初束髮
已知生離悲枕我不肯起畏我從此辤
大兒學語言拜揖未勝衣喚耶我欲去
此語那可思小兒襁褓間抱負有母慈
汝哭猶在耳我懐人得知
寄外舅郭大夫二首
巴蜀通歸使妻孥且舊居深知報消息
不忍問何如身健何妨逺情親未肯踈","麀麌顧其子燕雀各有隨與子爲夫婦
五年三別離兒女豈不懐母老姝巳笄
父子各從母可喜亦可悲關河萬里道
子去何當歸三嵗不可道白首以爲期
百畒未爲多數口可無飢吞聲不敢盡
欲怨當歸誰
別三子
夫婦死同穴父子貧賤離天下寧有此
昔聞今見之毋前三子後熟視不得追
嗟乎胡不仁使我至於斯有女初束髮
已知生離悲枕我不肯起畏我從此辤
大兒學語言拜揖未勝衣喚耶我欲去
此語那可思小兒襁褓間抱負有母慈
汝哭猶在耳我懐人得知
寄外舅郭大夫二首
巴蜀通歸使妻孥且舊居深知報消息
不忍問何如身健何妨逺情親未肯踈",待标注,"{""行款"":""半页7行，行15字""}",,
79,79.jpg,79.jpg,一期,一期,"功名欺老病淚盡數行書
丈人魯諸生明刑如臯陶幸寛右顧憂
未惜一身遙西南萬里行可以斷繩橋
慎勿用惠文神母仁如堯
城南寓居二首
游子莫何歸韋杜城南村秋水深可測
挽衣踏行雲道暗失歸處棲鳥故不喧
牛羊閉籬落稚子猶在門
潭潭光明殿稽首西方僊平生修何行
步有黃金蓮我豈昔好徑報以履下穿
洗足坐道場卒卒此何縁
江湖堂
莫愛西湖好㳙㳙去不廻無情是江水
猶解及時來
憶少子
端也早豐下歳晚未可量我老不自食
安得如我長呱呱棄不子退省未始忘
吾母亦念我與爾寧相望","功名欺老病淚盡數行書
丈人魯諸生明刑如臯陶幸寛右顧憂
未惜一身遙西南萬里行可以斷繩橋
慎勿用惠文神母仁如堯
城南寓居二首
游子莫何歸韋杜城南村秋水深可測
挽衣踏行雲道暗失歸處棲鳥故不喧
牛羊閉籬落稚子猶在門
潭潭光明殿稽首西方僊平生修何行
步有黃金蓮我豈昔好徑報以履下穿
洗足坐道場卒卒此何縁
江湖堂
莫愛西湖好㳙㳙去不廻無情是江水
猶解及時來
憶少子
端也早豐下歳晚未可量我老不自食
安得如我長呱呱棄不子退省未始忘
吾母亦念我與爾寧相望",待标注,"{""行款"":""半页7行，行15字""}",,
80,80.jpg,80.jpg,一期,一期,"劉文房文集卷第五
雜著
　　送元判官　　崔中丞宅海紅
　　使還自菱陂驛　送齊郎中典括州
　　過隱空和尚故居
　　 詶屈突陜　　　過蕭尚書見李花
　　 詶李侍御發岳陽見寄
　　送徐郎中歸朝
　　奉使鄂渚至烏江道中作
　　贈元容州　　　送徐大夫之廣州
　　杜別駕彈胡琴　新息道中作
　　王處士別業　　題黃主簿高齋","劉文房文集卷第五
雜著
　　送元判官　　崔中丞宅海紅
　　使還自菱陂驛　送齊郎中典括州
　　過隱空和尚故居
　　 詶屈突陜　　　過蕭尚書見李花
　　 詶李侍御發岳陽見寄
　　送徐郎中歸朝
　　奉使鄂渚至烏江道中作
　　贈元容州　　　送徐大夫之廣州
　　杜別駕彈胡琴　新息道中作
　　王處士別業　　題黃主簿高齋",待标注,"{""行款"":""半页10行，行11字""}",,
81,81.jpg,81.jpg,一期,一期,"奉草長河曲離心共渺然方收漢官俸獨向汶陽田鳥
雀空城在榛蕪舊路遷山東征戰苦幾處有人煙
夏中崔中丞宅見海紅揺落後一花獨
開
何事一花殘閑庭百草闌緑滋經雨發紅艶蘭林看竟
日餘香在過時獨秀難共憐芳意晚秋露未湏溥
清川已再渡疲馬共西還何事行人倦終年流水閑孤
煙出廣澤一鳥響空山愁入雲峯裏蒼蒼閉古關
送齊郎中典括州
星象移河處旌麾獨向東勸耕滄海畔聽訟白雲中樹
色雙溪合猿聲萬里同石門康樂住幾里枉帆通
過隱空和尚故居
自從飛錫去人到沃州稀林下期何在山中春獨歸踏
花尋舊徑映竹掩空扉寥落東峯上猶堪靜者依
詶屈突陜
落葉紛紛滿四隣蕭條環堵絶風塵鄉看秋草歸無路
家對寒山病且貧藜杖懶迎連騎客菊花能醉去官人
憐君計畫誰知者但見蓬蒿空投身
過蕭尚書故居見李花感而成詠
手植巳芳菲心傷故徑微徃年啼鳥至今日主人非滿
地誰堪掃隨風豈復歸空憐舊隂在門客共沾衣
詶李侍御發岳陽見寄","奉草長河曲離心共渺然方收漢官俸獨向汶陽田鳥
雀空城在榛蕪舊路遷山東征戰苦幾處有人煙
夏中崔中丞宅見海紅揺落後一花獨
開
何事一花殘閑庭百草闌緑滋經雨發紅艶蘭林看竟
日餘香在過時獨秀難共憐芳意晚秋露未湏溥
清川已再渡疲馬共西還何事行人倦終年流水閑孤
煙出廣澤一鳥響空山愁入雲峯裏蒼蒼閉古關
送齊郎中典括州
星象移河處旌麾獨向東勸耕滄海畔聽訟白雲中樹
色雙溪合猿聲萬里同石門康樂住幾里枉帆通
過隱空和尚故居
自從飛錫去人到沃州稀林下期何在山中春獨歸踏
花尋舊徑映竹掩空扉寥落東峯上猶堪靜者依
詶屈突陜
落葉紛紛滿四隣蕭條環堵絶風塵鄉看秋草歸無路
家對寒山病且貧藜杖懶迎連騎客菊花能醉去官人
憐君計畫誰知者但見蓬蒿空投身
過蕭尚書故居見李花感而成詠
手植巳芳菲心傷故徑微徃年啼鳥至今日主人非滿
地誰堪掃隨風豈復歸空憐舊隂在門客共沾衣
詶李侍御發岳陽見寄",待标注,"{""行款"":""半页8行，行21字""}",,
82,82.jpg,82.jpg,一期,一期,"深山誰向石橋逢定攀巖上叢生桂欲買雲中若箇峯
憶想東林禪誦處寂寥惟聽舊時鍾
夏口至鸚鵡洲夕望岳陽寄中丞
汀洲無浪復無煙楚客相思亦渺然漠口夕陽斜渡鳥
洞庭秋水逺連天孤城背嶺寒吹角獨步臨江有泊船舩賈
誼上書憂漢室長沙謫去古今憐
送南特進歸行營
聞道軍書至楊鞭不問家虜雲連白草漢月到黃沙行
馬何源飲燒羗隴坻遮翩翩新結束去逐李輕車
湘中紀行十首
雲外嶺【一作雲秋】
山色無定姿如煙復如黛孤峯夕陽後翠積秋天外雲
起遙蔽虧江回頻向背不如今遠近到處猶相對
湘妃廟
荒祠古木暗寂寂此江濆未作湖江雨知焉何處雲苔
痕斷珠履草色帶羅裙莫唱迎仙曲空山不可聞
花石潭
江楓日揺落轉愛寒潭靜水色淡如空山光復相映人
閑流更慢魚戱波難定楚客徃來多偏知鷗鳥性
石圍峯
前山帶秋色獨徃秋江晚疊嶂入雲多孤峯去人逺寅
縁不可到蒼翠空在眼渡口問漁家桃源路深淺
浮石瀨
秋月【一作色】照瀟湘月明聞盪槳石橫晚瀬急水落寒","深山誰向石橋逢定攀巖上叢生桂欲買雲中若箇峯
憶想東林禪誦處寂寥惟聽舊時鍾
夏口至鸚鵡洲夕望岳陽寄中丞
汀洲無浪復無煙楚客相思亦渺然漠口夕陽斜渡鳥
洞庭秋水逺連天孤城背嶺寒吹角獨步臨江有泊船舩賈
誼上書憂漢室長沙謫去古今憐
送南特進歸行營
聞道軍書至楊鞭不問家虜雲連白草漢月到黃沙行
馬何源飲燒羗隴坻遮翩翩新結束去逐李輕車
湘中紀行十首
雲外嶺【一作雲秋】
山色無定姿如煙復如黛孤峯夕陽後翠積秋天外雲
起遙蔽虧江回頻向背不如今遠近到處猶相對
湘妃廟
荒祠古木暗寂寂此江濆未作湖江雨知焉何處雲苔
痕斷珠履草色帶羅裙莫唱迎仙曲空山不可聞
花石潭
江楓日揺落轉愛寒潭靜水色淡如空山光復相映人
閑流更慢魚戱波難定楚客徃來多偏知鷗鳥性
石圍峯
前山帶秋色獨徃秋江晚疊嶂入雲多孤峯去人逺寅
縁不可到蒼翠空在眼渡口問漁家桃源路深淺
浮石瀨
秋月【一作色】照瀟湘月明聞盪槳石橫晚瀬急水落寒",待标注,"{""行款"":""半页8行，行21字""}",,
83,83.jpg,83.jpg,一期,一期,"少廣衆嶺猿嘯重空江人語響清暉朝後暮如待扁#
賞
班竹巖
蒼梧在何處班竹自成林㸃㸃留殘淚枝枝寄此心寒
山響易滿秋水影偏深欲覔樵人路蒙籠不可尋
洞山陽【浮丘公舊隠之處】
舊日仙成處荒林客到稀白雲將大去芳草任人歸空
谷無行徑深山多落暉桃源幾家住誰爲掃荆扉
雲母溪
雲母映溪水溪流知幾春深藏武陵客時過洞庭人白
髮慙皎鏡清光媚奫淪寥寥古松下嵗晚掛頭巾
橫龍渡
空傳古岸下曾見蛟龍去秋水晚沉沉獨疑在何處亂
聲沙上石倒影雲中樹獨見一扁舟樵人往來渡
赤沙湖
茫茫葭菼外一望一沾衣秋水連天闊涔陽何處歸沙
鷗積暮雪川日動寒輝楚客來相問孤舟泊釣磯
送道摽上人歸南岳
悠然倚孤棹卻憶臥中林江草將歸逺湘山獨徃深白
雲留不住渌水去無心衡嶽千峯亂禪房何處尋
送梁侍御巡永州
蕭條江雨暗客散野庭空憂國天涯去思鄉嵗暮同到
時猿未斷田處水應窮莫挈零陵路千峯萬木中
嵗夜喜魏萬成郭廈雪中相尋","少廣衆嶺猿嘯重空江人語響清暉朝後暮如待扁#
賞
班竹巖
蒼梧在何處班竹自成林㸃㸃留殘淚枝枝寄此心寒
山響易滿秋水影偏深欲覔樵人路蒙籠不可尋
洞山陽【浮丘公舊隠之處】
舊日仙成處荒林客到稀白雲將大去芳草任人歸空
谷無行徑深山多落暉桃源幾家住誰爲掃荆扉
雲母溪
雲母映溪水溪流知幾春深藏武陵客時過洞庭人白
髮慙皎鏡清光媚奫淪寥寥古松下嵗晚掛頭巾
橫龍渡
空傳古岸下曾見蛟龍去秋水晚沉沉獨疑在何處亂
聲沙上石倒影雲中樹獨見一扁舟樵人往來渡
赤沙湖
茫茫葭菼外一望一沾衣秋水連天闊涔陽何處歸沙
鷗積暮雪川日動寒輝楚客來相問孤舟泊釣磯
送道摽上人歸南岳
悠然倚孤棹卻憶臥中林江草將歸逺湘山獨徃深白
雲留不住渌水去無心衡嶽千峯亂禪房何處尋
送梁侍御巡永州
蕭條江雨暗客散野庭空憂國天涯去思鄉嵗暮同到
時猿未斷田處水應窮莫挈零陵路千峯萬木中
嵗夜喜魏萬成郭廈雪中相尋",待标注,"{""行款"":""半页8行，行21字""}",,
84,84.jpg,84.jpg,一期,一期,"新年欲變栁舊客共沾衣旅夜猶難盡鄉春又獨歸寒
燈映虛牖暮雪掩閑扉且莫乗舡去平生相訪稀
送蔡侍御赴上都
遲遲立駟馬乆客戀瀟湘明日誰同路新年獨別鄉孤
煙向驛逺積雪去關長秦地看春色南枝不可志
暗日陪辛大夫宴南亭
日晦逢休瀚年光逐宴移早鶯留客醉春日爲人遲萱
草全無葉梅花遍壓枝政閑風景好莫比峴山時
長沙贈南嶽祝融般若禪師
般若公般若公貞鋒何時下祝融歸客卻看飛鳥外禪
房空掩白雲中桂花寥寥開自落流水無心西復東
送獨孤判官赴嶺#
伏波初樹羽待尒靜川鱗海檄看飛鳥天涯問逺人蒼
梧雲裏夕青嶂海中春遥想文身國迎舟拜使君
長沙館中與郭夏對雨
長沙積雨晦深巷絶人幽潤上春衣冷聲連暮角愁雲
橫余楚地樹暗古湖州杳靄江天夕空堂生百憂
陪辛大夫西亭宴觀妓
歌舞連遲日旌旗映早春鶯窺隴西將花對洛陽人醉
罷知何事恩深忘此身任他行雨去歸路裛輕塵
題魏萬成江亭【時為辛大夫所辟】
蕭條方歳晏牢落一空舟才出時人右家貧湘水頭蒼
山隱暮雪白鳥没寒流不是蓮花府冥冥安可求
春過裴虬郊園【時裴不在田以寄之】","新年欲變栁舊客共沾衣旅夜猶難盡鄉春又獨歸寒
燈映虛牖暮雪掩閑扉且莫乗舡去平生相訪稀
送蔡侍御赴上都
遲遲立駟馬乆客戀瀟湘明日誰同路新年獨別鄉孤
煙向驛逺積雪去關長秦地看春色南枝不可志
暗日陪辛大夫宴南亭
日晦逢休瀚年光逐宴移早鶯留客醉春日爲人遲萱
草全無葉梅花遍壓枝政閑風景好莫比峴山時
長沙贈南嶽祝融般若禪師
般若公般若公貞鋒何時下祝融歸客卻看飛鳥外禪
房空掩白雲中桂花寥寥開自落流水無心西復東
送獨孤判官赴嶺#
伏波初樹羽待尒靜川鱗海檄看飛鳥天涯問逺人蒼
梧雲裏夕青嶂海中春遥想文身國迎舟拜使君
長沙館中與郭夏對雨
長沙積雨晦深巷絶人幽潤上春衣冷聲連暮角愁雲
橫余楚地樹暗古湖州杳靄江天夕空堂生百憂
陪辛大夫西亭宴觀妓
歌舞連遲日旌旗映早春鶯窺隴西將花對洛陽人醉
罷知何事恩深忘此身任他行雨去歸路裛輕塵
題魏萬成江亭【時為辛大夫所辟】
蕭條方歳晏牢落一空舟才出時人右家貧湘水頭蒼
山隱暮雪白鳥没寒流不是蓮花府冥冥安可求
春過裴虬郊園【時裴不在田以寄之】",待标注,"{""行款"":""半页9行，行21字""}",,
85,85.jpg,85.jpg,一期,一期,"孟東野文集目録
孟郊字東野
第一卷
樂府上
列女操灞上輕薄行
長安羇旅行長安道
送逺吟古薄命妾
古離別古樂府雜怨二首
靜女吟歸信吟
山老吟游子吟
猛將吟傷哉吟","孟東野文集目録
孟郊字東野
第一卷
樂府上
列女操灞上輕薄行
長安羇旅行長安道
送逺吟古薄命妾
古離別古樂府雜怨二首
靜女吟歸信吟
山老吟游子吟
猛將吟傷哉吟",待标注,"{""行款"":""半页4行，行6字""}",,
86,86.jpg,86.jpg,一期,一期,"種木須擇地惡士變木根結交若夫人中道生謗言君
子芳桂性春榮冬更繁【一作春濃寒更繁】小人槿花心朝在夕
不存莫躡冬冰堅中有潛浪飜唯當金石交可與賢達論
怨別
一別一迴孝志士白髮早在富易爲客居貧難自好況
憂損性靈服藥亦枯槁秋風遊子衣落日行逺道君問
去何之【一作去住蹤】賤身難【一作寧】自保
百憂
萱草女兒花不解壯士憂壯士心是劒爲君射斗牛朝
思除國讎【一作讎】暮思除國讎計盡山何盡意窮草木籌
智士日千慮愚夫唯四愁何必在波濤然後驚【一作生】沉
浮伯倫心不醉四皓迹難留出處各有時衆議徒啾啾
路病
病客無主人艱哉求卧難飛光赤道路內火焦肺肝欲
飲井泉竭欲醫囊用單稚頽能幾日壯志忽已殘人子
不言苦歸書但云【一作言】安愁環在我腸宛轉終無端
衰松
近世交道衰青松落頽色人心忌孤直木性隨改易既
催栖日幹未展擎天力終是君子材還思君子識
遣興
絃身五條音【一作五音調】松直百尺心貞絃含古風直松凌
高岑浮聲與狂葩胡爲欲相侵
退居【一作退老】
退身何所食敗力不能閑種稻耕白水負薪斫青山眾","種木須擇地惡士變木根結交若夫人中道生謗言君
子芳桂性春榮冬更繁【一作春濃寒更繁】小人槿花心朝在夕
不存莫躡冬冰堅中有潛浪飜唯當金石交可與賢達論
怨別
一別一迴孝志士白髮早在富易爲客居貧難自好況
憂損性靈服藥亦枯槁秋風遊子衣落日行逺道君問
去何之【一作去住蹤】賤身難【一作寧】自保
百憂
萱草女兒花不解壯士憂壯士心是劒爲君射斗牛朝
思除國讎【一作讎】暮思除國讎計盡山何盡意窮草木籌
智士日千慮愚夫唯四愁何必在波濤然後驚【一作生】沉
浮伯倫心不醉四皓迹難留出處各有時衆議徒啾啾
路病
病客無主人艱哉求卧難飛光赤道路內火焦肺肝欲
飲井泉竭欲醫囊用單稚頽能幾日壯志忽已殘人子
不言苦歸書但云【一作言】安愁環在我腸宛轉終無端
衰松
近世交道衰青松落頽色人心忌孤直木性隨改易既
催栖日幹未展擎天力終是君子材還思君子識
遣興
絃身五條音【一作五音調】松直百尺心貞絃含古風直松凌
高岑浮聲與狂葩胡爲欲相侵
退居【一作退老】
退身何所食敗力不能閑種稻耕白水負薪斫青山眾",待标注,"{""行款"":""半页8行，行21字""}",,
87,87.jpg,87.jpg,一期,一期,"聽喜巴唱獨醒愁楚顔日暮靜歸時幽幽扣松關
臥病
貧病誠可羞故床無新裘【一作貧病對客羞數整藍縷喪】春色燒肌膚
時飱苦咽喉倦寢意蒙昧強言聲幽柔承顔自俛仰有
淚不敢流黙黙寸心中朝愁續暮愁
隠士
本末一相返漂浮不還真山野多餒士市井無飢人虎
豹忌當道麋鹿知蔵身奈何貧競昔日與慙害親顔貌
嵗嵗改利心朝朝新敦知富生禍取富不取貧寳玉忌
出璞出璞先爲塵松栢忌出山出山先爲薪君子隠石
壁道書爲我鄰寢興思其義澹泊味始珍陶公自放歸
尚平去有依草木擇地生禽鳥順性飛青青與冥冥所
保各不違
獨愁【一作獨怨】
前日遠別離昨日生白髮欲知萬里情曉臥半牀月常
恐百蟲鳴使我芳草歇
春日有感
雨滴草芽出一日長一日風吹栁線垂一枝連一枝獨
有愁人顔經春如等閑且持酒滿盃狂歌狂笑來
將見故人
佳人季夏中及此百餘日無日不相思明鏡改形質寜
知仲冬時忽有相逢期振衣起躑躅赬鯉躍天池
傷時【七言】
常聞貧賤士之常草木富者莫相突男兒得路即榮名","聽喜巴唱獨醒愁楚顔日暮靜歸時幽幽扣松關
臥病
貧病誠可羞故床無新裘【一作貧病對客羞數整藍縷喪】春色燒肌膚
時飱苦咽喉倦寢意蒙昧強言聲幽柔承顔自俛仰有
淚不敢流黙黙寸心中朝愁續暮愁
隠士
本末一相返漂浮不還真山野多餒士市井無飢人虎
豹忌當道麋鹿知蔵身奈何貧競昔日與慙害親顔貌
嵗嵗改利心朝朝新敦知富生禍取富不取貧寳玉忌
出璞出璞先爲塵松栢忌出山出山先爲薪君子隠石
壁道書爲我鄰寢興思其義澹泊味始珍陶公自放歸
尚平去有依草木擇地生禽鳥順性飛青青與冥冥所
保各不違
獨愁【一作獨怨】
前日遠別離昨日生白髮欲知萬里情曉臥半牀月常
恐百蟲鳴使我芳草歇
春日有感
雨滴草芽出一日長一日風吹栁線垂一枝連一枝獨
有愁人顔經春如等閑且持酒滿盃狂歌狂笑來
將見故人
佳人季夏中及此百餘日無日不相思明鏡改形質寜
知仲冬時忽有相逢期振衣起躑躅赬鯉躍天池
傷時【七言】
常聞貧賤士之常草木富者莫相突男兒得路即榮名",待标注,"{""行款"":""半页8行，行21字""}",,
88,88.jpg,88.jpg,一期,一期,"聞砧
杜鵑聲不哀斷猿啼不切月下誰家砧一聲腸一絶杵
聲不爲客客聞髮自白杵聲不爲衣欲令遊子歸
遊子
萱草生堂堦遊子行天涯慈親倚堂門不見萱草花
自歎
愁與髮相形一愁白數莖有髮能幾多禁愁日日生古
若不致兵天下無戰爭古若不置名道路無欹傾太行
聳巍峩是天産不平黃河奔濁浪是天生不清四蹄日
日多雙輪日日成二物不在天安能免營營
求友
北風臨大海堅氷臨河面下有大波瀾對之無由見求","聞砧
杜鵑聲不哀斷猿啼不切月下誰家砧一聲腸一絶杵
聲不爲客客聞髮自白杵聲不爲衣欲令遊子歸
遊子
萱草生堂堦遊子行天涯慈親倚堂門不見萱草花
自歎
愁與髮相形一愁白數莖有髮能幾多禁愁日日生古
若不致兵天下無戰爭古若不置名道路無欹傾太行
聳巍峩是天産不平黃河奔濁浪是天生不清四蹄日
日多雙輪日日成二物不在天安能免營營
求友
北風臨大海堅氷臨河面下有大波瀾對之無由見求",待标注,"{""行款"":""半页8行，行21字""}",,
89,89.jpg,89.jpg,一期,一期,"友須在良得良終相善求友若非良非良中道變欲知
求友心先把黃金鍊
投所知二首
苦心知苦節不容一毛髮鍊金索堅貞洗玉求明潔自
慙所業微功用如鳩拙何殊嫫母顔對彼寒塘月君子
古人心道出古人轍盡美因可揚片善亦不遏朝向公
卿說暮向公卿說誰謂黃鍾管化爲君子舌
清嶰竹二說變嶰谷三說四說時寒花坼寒木曗曗家道
路燦燦我衣服豈直煇友朋亦用慰骨肉一暖荷疋素一飽
荷外粟而況大恩恩此身報得足且將食蘖勞酬之作【金別】
病客吟
主人夜呻吟皆入妻子心逺客【一作客子】盡呻吟徒爲蟲鳥
音妻子手中病愁思不復深僮僕手中病憂危獨難任
丈夫久漂泊神氣自然沉況於滯疾中何人免嗟歌大
海亦有涯高山亦有岑沉【一作舟】憂獨無極塵淚乎盈襟
感懐
孟冬隂氣交兩河正屯兵煙塵相馳突烽火日夜驚大
行險阻高輓粟輸運營柰何操弧者不使束帛傾猶聞
漢北兒怙亂無縱橫擅揺干戈柄呼叫豺狼聲白日臨
爾軀胡爲喪丹誠豈無感激士以致天下平登髙望寒
原黃雲鬱峥嶸坐馳悲風暮歎息空沾纓
離思
不寐亦不語片月秋稍舉孤鴻憶霜群獨鶴叫雲侶怨
彼浮花心飄飄無定所髙張係繂帆遠過悔根渚迴織","友須在良得良終相善求友若非良非良中道變欲知
求友心先把黃金鍊
投所知二首
苦心知苦節不容一毛髮鍊金索堅貞洗玉求明潔自
慙所業微功用如鳩拙何殊嫫母顔對彼寒塘月君子
古人心道出古人轍盡美因可揚片善亦不遏朝向公
卿說暮向公卿說誰謂黃鍾管化爲君子舌
清嶰竹二說變嶰谷三說四說時寒花坼寒木曗曗家道
路燦燦我衣服豈直煇友朋亦用慰骨肉一暖荷疋素一飽
荷外粟而況大恩恩此身報得足且將食蘖勞酬之作【金別】
病客吟
主人夜呻吟皆入妻子心逺客【一作客子】盡呻吟徒爲蟲鳥
音妻子手中病愁思不復深僮僕手中病憂危獨難任
丈夫久漂泊神氣自然沉況於滯疾中何人免嗟歌大
海亦有涯高山亦有岑沉【一作舟】憂獨無極塵淚乎盈襟
感懐
孟冬隂氣交兩河正屯兵煙塵相馳突烽火日夜驚大
行險阻高輓粟輸運營柰何操弧者不使束帛傾猶聞
漢北兒怙亂無縱橫擅揺干戈柄呼叫豺狼聲白日臨
爾軀胡爲喪丹誠豈無感激士以致天下平登髙望寒
原黃雲鬱峥嶸坐馳悲風暮歎息空沾纓
離思
不寐亦不語片月秋稍舉孤鴻憶霜群獨鶴叫雲侶怨
彼浮花心飄飄無定所髙張係繂帆遠過悔根渚迴織",待标注,"{""行款"":""半页10行，行21字""}",,
90,90.jpg,90.jpg,一期,一期,"民病肩背瞀重鼽嚏血便注下收氣廻後寒氣復則寒
雨暴至民病陰厥且格陽反上行頭腦戶痛延及囟頂
發熱口瘡甚則心痛初之氣始於甲子年大寒日已初
終於乙丑年春分日卯初凡六十日八十七刻半主位
太角木客氣厥陰木中見金運風清同化上奉太陰而
行春令時令至此地氣遷寒廻去春氣正風廻來生布
萬物以榮民氣條舒風溼相薄雨廻後民病血溢筋絡
拘強關節不利身重筋痿宜治厥陰之客以辛補之以
酸寫之以甘緩之食齡穀以全真氣食稻以保其精雖
有風化莫能爲邪二之氣自春分日卯正至小滿日丑
正凡六十日有竒主位少徵火客氣少陰火中見金運
歲金不及與少徵同又遇火當其位君火之氣務以德
化故大火正物承化民廼和其病溫厲大至逺近咸若
濕蒸相薄雨廻時降法當治少陰之客以鹹補之以甘
寫之以酸收之食齡穀以全其真食豆以保其精雖有
火化莫能爲邪三之氣自小滿日寅初至大暑日子初
凡六十日有竒主位少徵火客氣太陰土中見金運天
政布雨廻時降寒廻隨之民病身重胕腵胸腹滿宜治
太陰之客以甘補之以苦寫之以甘緩之食齡穀以全
其真食麻以保其精雖有溼邪莫能爲害四之氣自大","民病肩背瞀重鼽嚏血便注下收氣廻後寒氣復則寒
雨暴至民病陰厥且格陽反上行頭腦戶痛延及囟頂
發熱口瘡甚則心痛初之氣始於甲子年大寒日已初
終於乙丑年春分日卯初凡六十日八十七刻半主位
太角木客氣厥陰木中見金運風清同化上奉太陰而
行春令時令至此地氣遷寒廻去春氣正風廻來生布
萬物以榮民氣條舒風溼相薄雨廻後民病血溢筋絡
拘強關節不利身重筋痿宜治厥陰之客以辛補之以
酸寫之以甘緩之食齡穀以全真氣食稻以保其精雖
有風化莫能爲邪二之氣自春分日卯正至小滿日丑
正凡六十日有竒主位少徵火客氣少陰火中見金運
歲金不及與少徵同又遇火當其位君火之氣務以德
化故大火正物承化民廼和其病溫厲大至逺近咸若
濕蒸相薄雨廻時降法當治少陰之客以鹹補之以甘
寫之以酸收之食齡穀以全其真食豆以保其精雖有
火化莫能爲邪三之氣自小滿日寅初至大暑日子初
凡六十日有竒主位少徵火客氣太陰土中見金運天
政布雨廻時降寒廻隨之民病身重胕腵胸腹滿宜治
太陰之客以甘補之以苦寫之以甘緩之食齡穀以全
其真食麻以保其精雖有溼邪莫能爲害四之氣自大",待标注,"{""行款"":""半页10行，行21字""}",,
91,91.jpg,91.jpg,一期,一期,"暑日子正至秋分日戌正凡六十日有奇主位太宮土
客氣少陽火中見金運地氣始騰天氣否隔寒風曉暮
蒸蒸相薄草木凝煙民病腠理熱血暴濫瘧心腹滿熱
臚脹甚則胕腫宜治少陽之客以鹹補之以甘寫之以
鹹更之食玄穀以全其真食豆以保其精雖有火邪莫
能爲害五之氣自秋分日亥初至小雪日酉初凡六十
日有竒主位少商金客氣陽明金中見金運金居金位
與歲運同歲之司氣也是爲素化金氣至此秋氣治正
慘令已行寒露下霜廼旱降草木黃落寒氣及體民病
皮腠君子所居宜以周密其法宜治陽明之客以酸補
之以辛寫之以苦泄之食玄穀以全其真食黍以保其
精雖有司氣之涼莫能爲邪是氣也藥食無犯司氣之
凉終之氣自小雪日酉正至大寒日未正凡六十日有
竒主位太羽水客氣太陽水中見金運水居水位與金
相得以行順化冬令廼正故寒大舉濕大化霜廼積陰
廼凝水堅水陽光不治民感於寒則病關節禁固腰脽
痛寒濕持於氣交而爲疾也其法宜治太陽之客以苦
補之以鹹寫之以苦堅之以辛潤之食玄穀以全其真
食稷以保其精雖有寒化莫能爲邪是歲氣之勝復各
候其至若太陰氣勝厥陰必復之太陽氣勝太陰必復","暑日子正至秋分日戌正凡六十日有奇主位太宮土
客氣少陽火中見金運地氣始騰天氣否隔寒風曉暮
蒸蒸相薄草木凝煙民病腠理熱血暴濫瘧心腹滿熱
臚脹甚則胕腫宜治少陽之客以鹹補之以甘寫之以
鹹更之食玄穀以全其真食豆以保其精雖有火邪莫
能爲害五之氣自秋分日亥初至小雪日酉初凡六十
日有竒主位少商金客氣陽明金中見金運金居金位
與歲運同歲之司氣也是爲素化金氣至此秋氣治正
慘令已行寒露下霜廼旱降草木黃落寒氣及體民病
皮腠君子所居宜以周密其法宜治陽明之客以酸補
之以辛寫之以苦泄之食玄穀以全其真食黍以保其
精雖有司氣之涼莫能爲邪是氣也藥食無犯司氣之
凉終之氣自小雪日酉正至大寒日未正凡六十日有
竒主位太羽水客氣太陽水中見金運水居水位與金
相得以行順化冬令廼正故寒大舉濕大化霜廼積陰
廼凝水堅水陽光不治民感於寒則病關節禁固腰脽
痛寒濕持於氣交而爲疾也其法宜治太陽之客以苦
補之以鹹寫之以苦堅之以辛潤之食玄穀以全其真
食稷以保其精雖有寒化莫能爲邪是歲氣之勝復各
候其至若太陰氣勝厥陰必復之太陽氣勝太陰必復",待标注,"{""行款"":""半页10行，行21字""}",,
92,92.jpg,92.jpg,一期,一期,"起歲宜以鹹寒調上以辛溫調下以鹹溫調中滲之泄
之漬之發之觀氣寒溫以調其過運異風熱少用寒化
食宜同法歲半之前相火主之相火之氣其化從本若
火滛所勝則溫氣流行金政不平民病頭痛發熱惡寒
而瘧熱上皮膚痛色變黃赤傳而爲水身面胕腫腹滿
仰息泄注赤白瘡瘍焱唾血煩心胸中熱甚則鼽衂病
本于肺診在手天府之脈其法平以鹹冷佐以苦甘以
酸收之以苦發之以酸復之歲半之後厥陰主之厥陰
之氣不從標本而從乎少陽之中氣當其時風從火化
二氣得中其化和也若風滛乎內地氣不明平野昧草
廼早秀民病灑灑振寒善伸數欠心痛肢滿兩脇裏急
飲食不下膈咽不通食則嘔腹脹善噫得後與氣則快
然如衰身體皆重其法宜治以辛涼佐以苦以甘緩之
以辛散之氣交之中水運統之太過之水紀日流衍寒
氣流行邪害心火民病身熱煩心躁悸陰厥上下中寒
譫妄心痛寒氣早至止應辰星甚則腹大脛腫喘欬寢
汗出憎風大雨至埃霧朦鬱齊土化也診在手神門之
脈其法調以鹹溫初之氣自乙丑年大寒日申初至是
歲春分日午初凡六十日八十七刻半主位太角木客
氣少陰火中見水運木火相加以奉司天少陽而行春","起歲宜以鹹寒調上以辛溫調下以鹹溫調中滲之泄
之漬之發之觀氣寒溫以調其過運異風熱少用寒化
食宜同法歲半之前相火主之相火之氣其化從本若
火滛所勝則溫氣流行金政不平民病頭痛發熱惡寒
而瘧熱上皮膚痛色變黃赤傳而爲水身面胕腫腹滿
仰息泄注赤白瘡瘍焱唾血煩心胸中熱甚則鼽衂病
本于肺診在手天府之脈其法平以鹹冷佐以苦甘以
酸收之以苦發之以酸復之歲半之後厥陰主之厥陰
之氣不從標本而從乎少陽之中氣當其時風從火化
二氣得中其化和也若風滛乎內地氣不明平野昧草
廼早秀民病灑灑振寒善伸數欠心痛肢滿兩脇裏急
飲食不下膈咽不通食則嘔腹脹善噫得後與氣則快
然如衰身體皆重其法宜治以辛涼佐以苦以甘緩之
以辛散之氣交之中水運統之太過之水紀日流衍寒
氣流行邪害心火民病身熱煩心躁悸陰厥上下中寒
譫妄心痛寒氣早至止應辰星甚則腹大脛腫喘欬寢
汗出憎風大雨至埃霧朦鬱齊土化也診在手神門之
脈其法調以鹹溫初之氣自乙丑年大寒日申初至是
歲春分日午初凡六十日八十七刻半主位太角木客
氣少陰火中見水運木火相加以奉司天少陽而行春",待标注,"{""行款"":""半页10行，行21字""}",,
93,93.jpg,93.jpg,一期,一期,"令地氣遷風勝廼搖寒廼去候廼大溫草木早榮寒來
不殺溫病廼起其病氣怫於上血溢目赤欬逆頭痛血
傷脇滿膚腠中瘡其法宜治少陰之客以鹹補之以日
寫之以酸收之歲穀宜丹間穀宜豆二之氣自春分日
午正至小滿日辰正凡六十日有竒主位少徵火客氣
太陰土中見水運火土相加上見少陽火反鬱白埃四
起雲趨雨府風不勝濕雨廼零民廼康其病熱鬱於上
欬逆嘔吐瘡發於中胸嗌不利頭痛身熱昏憒膿瘡其
法宜治太陰之客以甘補之以苦寫之以甘緩之歲穀
宜丹間穀宜麻三之氣自小滿日巳初至大暑日卯初
凡六十日有竒主位少徵火客氣少陽火中見水運火
居火位夏氣廼正天政布炎暑至少陽臨上雨廼涯民
病熱中聾瞑血溢膿瘡欬嘔鼽衂嚏欠喉痺目赤善暴
死其法宜治少陽之客以鹹補之以甘寫之以鹹耎之
歲穀宜丹間穀宜豆四之氣自大暑日卯正至秋分日
丑正凡六十日有竒主位大宮土客氣陽明金中見水
運土金水相得以行秋令秋氣正涼廼至炎暑間化白
露降民氣和平其病滿身重宜治陽明之客以酸補之
以羊寫之以苦泄之歲穀宜蒼間穀宜黍五之氣自秋
分日寅初至小雪日子初凡六十日有竒主位少商金","令地氣遷風勝廼搖寒廼去候廼大溫草木早榮寒來
不殺溫病廼起其病氣怫於上血溢目赤欬逆頭痛血
傷脇滿膚腠中瘡其法宜治少陰之客以鹹補之以日
寫之以酸收之歲穀宜丹間穀宜豆二之氣自春分日
午正至小滿日辰正凡六十日有竒主位少徵火客氣
太陰土中見水運火土相加上見少陽火反鬱白埃四
起雲趨雨府風不勝濕雨廼零民廼康其病熱鬱於上
欬逆嘔吐瘡發於中胸嗌不利頭痛身熱昏憒膿瘡其
法宜治太陰之客以甘補之以苦寫之以甘緩之歲穀
宜丹間穀宜麻三之氣自小滿日巳初至大暑日卯初
凡六十日有竒主位少徵火客氣少陽火中見水運火
居火位夏氣廼正天政布炎暑至少陽臨上雨廼涯民
病熱中聾瞑血溢膿瘡欬嘔鼽衂嚏欠喉痺目赤善暴
死其法宜治少陽之客以鹹補之以甘寫之以鹹耎之
歲穀宜丹間穀宜豆四之氣自大暑日卯正至秋分日
丑正凡六十日有竒主位大宮土客氣陽明金中見水
運土金水相得以行秋令秋氣正涼廼至炎暑間化白
露降民氣和平其病滿身重宜治陽明之客以酸補之
以羊寫之以苦泄之歲穀宜蒼間穀宜黍五之氣自秋
分日寅初至小雪日子初凡六十日有竒主位少商金",待标注,"{""行款"":""半页10行，行21字""}",,
94,94.jpg,94.jpg,一期,一期,"以堅浮風廼治風燥橫運流於氣交多陽少陰雲趨雨
府濕化廼敷燥極而澤清先而勁毛蟲廼死熱後而暴
介蟲廼殃金火合德上應太白熒惑其穀白丹間穀命
太徵者具耗白甲品羽蛩蟲出見流水不永清熱之氣
持於氣交民病欬嗌塞寒熱發暴振慄癃閟然陽明燥
金在上少陰君火在下火能勝金天氣虛地氣盈天氣
不足當資化源以助金氣運木既平天氣上商與正商
同不必資也歲宜食白丹之穀以安其氣食間氣之穀
以去其邪以苦小溫調上以鹹寒調下以辛和調中汗
之清之散之運同熱氣宜多天化初之氣自丙寅歲大
寒日亥初終於是年春分日酉初凡六十日八十七刻
半主位少角木客氣太陰土中見木運風濕相遇上應
司天之陽明以行春令地氣遷陰始凝氣始肅水廼水
寒雨化民病中熱脹面目浮腫善眠鼽衂嚏欠嘔小便
黃赤甚則淋然是歲木運統之又臨木位風木得位其
氣和平濕化廼微其病亦少宜調太陰之客以甘補之
以苦寫之以甘緩之食白穀以安其氣食麻以去其邪
雖有濕化不能爲邪二之氣自春分日酉正至小滿日
未正凡六十日有竒主位太徵火客氣少陽火中見木
運木火相得上應陽明陽廼布民廼舒物廼生榮厲大","以堅浮風廼治風燥橫運流於氣交多陽少陰雲趨雨
府濕化廼敷燥極而澤清先而勁毛蟲廼死熱後而暴
介蟲廼殃金火合德上應太白熒惑其穀白丹間穀命
太徵者具耗白甲品羽蛩蟲出見流水不永清熱之氣
持於氣交民病欬嗌塞寒熱發暴振慄癃閟然陽明燥
金在上少陰君火在下火能勝金天氣虛地氣盈天氣
不足當資化源以助金氣運木既平天氣上商與正商
同不必資也歲宜食白丹之穀以安其氣食間氣之穀
以去其邪以苦小溫調上以鹹寒調下以辛和調中汗
之清之散之運同熱氣宜多天化初之氣自丙寅歲大
寒日亥初終於是年春分日酉初凡六十日八十七刻
半主位少角木客氣太陰土中見木運風濕相遇上應
司天之陽明以行春令地氣遷陰始凝氣始肅水廼水
寒雨化民病中熱脹面目浮腫善眠鼽衂嚏欠嘔小便
黃赤甚則淋然是歲木運統之又臨木位風木得位其
氣和平濕化廼微其病亦少宜調太陰之客以甘補之
以苦寫之以甘緩之食白穀以安其氣食麻以去其邪
雖有濕化不能爲邪二之氣自春分日酉正至小滿日
未正凡六十日有竒主位太徵火客氣少陽火中見木
運木火相得上應陽明陽廼布民廼舒物廼生榮厲大",待标注,"{""行款"":""半页10行，行21字""}",,
95,95.jpg,95.jpg,一期,一期,"漢初廢縣
州西北一百九十里本漢墊江縣宋改
爲東宕渠縣梁武帝大同中於此立新
興郡後魏至恭帝三年於今縣西北六
十里置清居郡及立清居縣以地勢爽
塏故曰清居以稱邑隋初郡廢改縣爲
漢初縣屬合州十六年自故郡城移於
今理歴唐宋不改
國朝併入銅梁縣
赤水廢縣
州西北一百三十里亦漢墊江縣地宋
改爲宕渠縣後魏改爲石鏡縣隋開皇
十年析其地於縣西置赤水縣以界內
有赤水源爲名唐武徳元年又徙治焉
宋熙寧七年廢爲鎮隸銅梁十年復置
國朝併入石照縣
石照縣
本漢時巴郡墊江縣地後漢岑彭與臧
宮伐公孫述自江州縣從涪水上至墊
江是也晉武帝寧康二年威逺將軍桓","漢初廢縣
州西北一百九十里本漢墊江縣宋改
爲東宕渠縣梁武帝大同中於此立新
興郡後魏至恭帝三年於今縣西北六
十里置清居郡及立清居縣以地勢爽
塏故曰清居以稱邑隋初郡廢改縣爲
漢初縣屬合州十六年自故郡城移於
今理歴唐宋不改
國朝併入銅梁縣
赤水廢縣
州西北一百三十里亦漢墊江縣地宋
改爲宕渠縣後魏改爲石鏡縣隋開皇
十年析其地於縣西置赤水縣以界內
有赤水源爲名唐武徳元年又徙治焉
宋熙寧七年廢爲鎮隸銅梁十年復置
國朝併入石照縣
石照縣
本漢時巴郡墊江縣地後漢岑彭與臧
宮伐公孫述自江州縣從涪水上至墊
江是也晉武帝寧康二年威逺將軍桓",待标注,"{""行款"":""半页7行，行15字""}",,
96,96.jpg,96.jpg,一期,一期,"埧後又移治云
斜崖
王象之輿地紀勝云石照東北八十里
髙十餘里有石橫亘崖腹如拖脩帛迤
長四十五里崖以此得名環左右百里
望之如積雪輿目相射下有穴俗謂之
龍洞水由洞中出洞中有壇有宇周以
乳石如筍如枿有雙石柱龍潭石壁如
削水繞壁以出流爲大流
濮巖
在本州北五里或云即北巖
北巖
在州北五里李文昌圖經始傳會爲北
巖非也巖有柏數千章率圍八九尺又
有定林院舊日正月九日郡守以故事
置宴遊人盛集又有荔枝園每熟郡守
率僚佐置酒閣上臨檻俯摘以爲勝賞
宿雲巖
在銅梁縣縉雲馮時行有詩
滴水巖","埧後又移治云
斜崖
王象之輿地紀勝云石照東北八十里
髙十餘里有石橫亘崖腹如拖脩帛迤
長四十五里崖以此得名環左右百里
望之如積雪輿目相射下有穴俗謂之
龍洞水由洞中出洞中有壇有宇周以
乳石如筍如枿有雙石柱龍潭石壁如
削水繞壁以出流爲大流
濮巖
在本州北五里或云即北巖
北巖
在州北五里李文昌圖經始傳會爲北
巖非也巖有柏數千章率圍八九尺又
有定林院舊日正月九日郡守以故事
置宴遊人盛集又有荔枝園每熟郡守
率僚佐置酒閣上臨檻俯摘以爲勝賞
宿雲巖
在銅梁縣縉雲馮時行有詩
滴水巖",待标注,"{""行款"":""半页7行，行15字""}",,
97,97.jpg,97.jpg,一期,一期,"王建將張武父墓在焉
鷲臺泉
馮時行鷲臺院記山負一道宮三佛利
而鷲臺爲之冠而靈山傑閣飛簷下瞰
絕壑最爲游觀勝處唐孫職方樵文與
古今詩什並刻巖下
龍老泉
又名婦遥山石照西九十里有泉故老
云甞見女子理髮石上俗云龍老泉
薛融讀書臺
石照東北七里謂之東讀書臺
康元朗讀書臺
石照西二十里之羊山謂之西讀書臺
龍洲溪
在銅梁縣北六十里潭百丈中有大石
俗謂有見女子理髮其上近視之金梳
沒石遺跡尚存
僊臺
在赤水廢縣北五里蘇振撰馮蓋羅記
云有山曰龍多僊臺腹有穴僅容一人","王建將張武父墓在焉
鷲臺泉
馮時行鷲臺院記山負一道宮三佛利
而鷲臺爲之冠而靈山傑閣飛簷下瞰
絕壑最爲游觀勝處唐孫職方樵文與
古今詩什並刻巖下
龍老泉
又名婦遥山石照西九十里有泉故老
云甞見女子理髮石上俗云龍老泉
薛融讀書臺
石照東北七里謂之東讀書臺
康元朗讀書臺
石照西二十里之羊山謂之西讀書臺
龍洲溪
在銅梁縣北六十里潭百丈中有大石
俗謂有見女子理髮其上近視之金梳
沒石遺跡尚存
僊臺
在赤水廢縣北五里蘇振撰馮蓋羅記
云有山曰龍多僊臺腹有穴僅容一人",待标注,"{""行款"":""半页6行，行15字""}",,
98,98.jpg,98.jpg,一期,一期,"迤登而出于冡石負上草木生焉相傳
有馮蓋羅者煉丹其上晉永嘉三年七
月十五日舉家七十人僊云
東臺西臺
在本州詳見晝臺山下
北園
方舟李石龍門蘇氏記云蘇氏父子兄
弟以四丗之學庇五畝之宮今廢
映書軒
在州治有何麒記有大松圍二丈髙七
八丈蔭蔽一畝即記所謂二葛今其一
僅存自經兵革郡治隸於釣魚山几四
五里三閣二樓一洞皆毀矣
駕鶴軒
在州赤水廢縣之龍多山乆廢
清華樓
舊在州治晁公武作記曰合州其山曰
龍多銅梁上接岷峨下繚甌越屬海而
止所謂南戒者也水曰涪水曰嘉陵合
流於城下貫江沱通漢沔引衆川入于","迤登而出于冡石負上草木生焉相傳
有馮蓋羅者煉丹其上晉永嘉三年七
月十五日舉家七十人僊云
東臺西臺
在本州詳見晝臺山下
北園
方舟李石龍門蘇氏記云蘇氏父子兄
弟以四丗之學庇五畝之宮今廢
映書軒
在州治有何麒記有大松圍二丈髙七
八丈蔭蔽一畝即記所謂二葛今其一
僅存自經兵革郡治隸於釣魚山几四
五里三閣二樓一洞皆毀矣
駕鶴軒
在州赤水廢縣之龍多山乆廢
清華樓
舊在州治晁公武作記曰合州其山曰
龍多銅梁上接岷峨下繚甌越屬海而
止所謂南戒者也水曰涪水曰嘉陵合
流於城下貫江沱通漢沔引衆川入于",待标注,"{""行款"":""半页8行，行15字""}",,
99,99.jpg,99.jpg,一期,一期,"有剎曰護國山主石頭回公姓郝不識
字以石工爲業因石中鑿開石鏡現出
本像遂擲鏡在地出家爲僧不立文字
見性成佛鑿開釣魚岡建石佛道場後
入寂封慈惠顯佑大師石庵今存
瑞應寺
一名光敬禪院在石照縣坐龍山
化度寺
在赤水廢縣西五十里涪水逕其前山
自平地特起屹若岳嶼有佛祠名化度
院有鐫佛像乃晉永嘉二年鐫者刻其
字今合州亦有化度院
薦福院
今在漢初廢縣之新興鎮院有陳摶二
詩始摶題詩於院壁門再遊復題故有
二詩
純陽觀
石照北三里唐女冠范志立得道處
几煉山觀
石照北唐天寳中道士任處革昇僊於","有剎曰護國山主石頭回公姓郝不識
字以石工爲業因石中鑿開石鏡現出
本像遂擲鏡在地出家爲僧不立文字
見性成佛鑿開釣魚岡建石佛道場後
入寂封慈惠顯佑大師石庵今存
瑞應寺
一名光敬禪院在石照縣坐龍山
化度寺
在赤水廢縣西五十里涪水逕其前山
自平地特起屹若岳嶼有佛祠名化度
院有鐫佛像乃晉永嘉二年鐫者刻其
字今合州亦有化度院
薦福院
今在漢初廢縣之新興鎮院有陳摶二
詩始摶題詩於院壁門再遊復題故有
二詩
純陽觀
石照北三里唐女冠范志立得道處
几煉山觀
石照北唐天寳中道士任處革昇僊於",待标注,"{""行款"":""半页7行，行15字""}",,
100,100.jpg,100.jpg,一期,一期,"之引溉斯足見也中原兵燼之餘陂塘之制蕩
無遺跡江淮自宋以來陂塘水利未嘗起廢近
年公田更易不常差稅承佃擾民不一所在陂
塘因廢不修田多荒蕪較之舊日水利損去三
分之一積以嵗月漸致廢壊略舉淮東全椒縣
逹魯花赤乞台於本縣起築陂塘灌漑縣鄉之
田已有成效江淮陂塘可修於此可見合於民
田可疊陂塘溜水去處督責勸農官於農隙時
月課使修築廢者隨郎修理創修者令百姓從
便創建務盡水利以溉傍田實富民之良法也
條格
至元二十三年六月中書省奏准立大司農司定到
條畫
一諸縣所屬村疃凢五十家立爲一社不以是何
諸色人等並行入社母社推舉年髙通曉農事
有兼丁者立爲社長如一村五十家以上只爲
一社增至百家者另設社長一貟如不及五十
家者與附近村分相併爲一社若地逺人稀不
能相併者斟酌各䖏地面各村願併爲一社聴
或三村五村併爲一社仍於斟酌村內選立社","之引溉斯足見也中原兵燼之餘陂塘之制蕩
無遺跡江淮自宋以來陂塘水利未嘗起廢近
年公田更易不常差稅承佃擾民不一所在陂
塘因廢不修田多荒蕪較之舊日水利損去三
分之一積以嵗月漸致廢壊略舉淮東全椒縣
逹魯花赤乞台於本縣起築陂塘灌漑縣鄉之
田已有成效江淮陂塘可修於此可見合於民
田可疊陂塘溜水去處督責勸農官於農隙時
月課使修築廢者隨郎修理創修者令百姓從
便創建務盡水利以溉傍田實富民之良法也
條格
至元二十三年六月中書省奏准立大司農司定到
條畫
一諸縣所屬村疃凢五十家立爲一社不以是何
諸色人等並行入社母社推舉年髙通曉農事
有兼丁者立爲社長如一村五十家以上只爲
一社增至百家者另設社長一貟如不及五十
家者與附近村分相併爲一社若地逺人稀不
能相併者斟酌各䖏地面各村願併爲一社聴
或三村五村併爲一社仍於斟酌村內選立社",待标注,"{""行款"":""半页9行，行18字""}",,
101,101.jpg,101.jpg,一期,一期,"長官司並不得將社長差占別管餘事專一照
管教本社之人務勤農業不致惰廢如有不肯
聽從勸教之人籍記姓名候提調官到彼對社
衆責罰所立社長興免本身雜役年終考較有
成者優賞怠廢者責罰仍省諭社長卻不得因
而搔擾亦不得率領社衆非理動作聚集以妨
農時外據其餘聚衆作社者並行禁斷若有違
犯從本䖏官司就便究治
一農民每歲種田有勤謹趍時而作者懶惰過時
而廢者若不明諭民多茍且今後仰社長教諭
各隨風土所宜須要趂時農作若宜先種儘力
先行布種植田以次各各隨宜布種必不得已
然後補種晚田瓜菜仍於地頭道邊各立橛牌
書寫某社長某人地段仰社長時時徃來點覲
奬勸誡諭不致荒蕪仍仰隄備天旱有地主戶
量種區田有水則近水種之無水則鑿井加井
深不能種田者聽從民便若有水田之家不必
區種據區田法另行發去仰本路鏤校多廣印
散諸民若農作動時不得無故飲會失悮生計
一每丁周歲湏要剏栽桑菓二十株或附宅栽種","長官司並不得將社長差占別管餘事專一照
管教本社之人務勤農業不致惰廢如有不肯
聽從勸教之人籍記姓名候提調官到彼對社
衆責罰所立社長興免本身雜役年終考較有
成者優賞怠廢者責罰仍省諭社長卻不得因
而搔擾亦不得率領社衆非理動作聚集以妨
農時外據其餘聚衆作社者並行禁斷若有違
犯從本䖏官司就便究治
一農民每歲種田有勤謹趍時而作者懶惰過時
而廢者若不明諭民多茍且今後仰社長教諭
各隨風土所宜須要趂時農作若宜先種儘力
先行布種植田以次各各隨宜布種必不得已
然後補種晚田瓜菜仍於地頭道邊各立橛牌
書寫某社長某人地段仰社長時時徃來點覲
奬勸誡諭不致荒蕪仍仰隄備天旱有地主戶
量種區田有水則近水種之無水則鑿井加井
深不能種田者聽從民便若有水田之家不必
區種據區田法另行發去仰本路鏤校多廣印
散諸民若農作動時不得無故飲會失悮生計
一每丁周歲湏要剏栽桑菓二十株或附宅栽種",待标注,"{""行款"":""半页10行，行18字""}",,
102,102.jpg,102.jpg,一期,一期,"地桑二十株早供蟻蚕食用其地不宜栽桑棗
各随地土所宜栽種榆栁等樹亦及二十株若
欲栽種雜果者每丁袞種十株皆以生成爲定
數目額多栽者聽【若本主地內栽種已蒲別無餘地可栽者或有病喪丁數
不在此限】若有上年已栽桑果數目另行具報却不
得朦朧報充次年數目或有死損從實申說本
處官司申報不實者並行責罰仍仰隨社布種
首蓿初年不須割刈次年收到種子轉轉俵散
務要廣種非止喂養頭疋亦可接濟飢年
一隨路皆有水利有渠已開而水利未盡其地者
有全未曾開種井剏可挑撅者委本處正官一
貟選知水利人貟一同相視中間別無違碍許
民量力開引如民力不能者申覆上司差提舉
河渠官相驗過官司添力開挑外據安置水碾
磨去處如遇澆田時月停住碾舂澆溉田禾若
是田水澆畢方許碾磨依舊引水用度務要各
得其用雖有河渠泉脈如是地形髙阜不能開
引者仰成造水車官爲應付人匠驗地里逺近
人户多寡分置使用富家能自置材木者令自
置如貧無材木官爲買給已後收成之日驗使","地桑二十株早供蟻蚕食用其地不宜栽桑棗
各随地土所宜栽種榆栁等樹亦及二十株若
欲栽種雜果者每丁袞種十株皆以生成爲定
數目額多栽者聽【若本主地內栽種已蒲別無餘地可栽者或有病喪丁數
不在此限】若有上年已栽桑果數目另行具報却不
得朦朧報充次年數目或有死損從實申說本
處官司申報不實者並行責罰仍仰隨社布種
首蓿初年不須割刈次年收到種子轉轉俵散
務要廣種非止喂養頭疋亦可接濟飢年
一隨路皆有水利有渠已開而水利未盡其地者
有全未曾開種井剏可挑撅者委本處正官一
貟選知水利人貟一同相視中間別無違碍許
民量力開引如民力不能者申覆上司差提舉
河渠官相驗過官司添力開挑外據安置水碾
磨去處如遇澆田時月停住碾舂澆溉田禾若
是田水澆畢方許碾磨依舊引水用度務要各
得其用雖有河渠泉脈如是地形髙阜不能開
引者仰成造水車官爲應付人匠驗地里逺近
人户多寡分置使用富家能自置材木者令自
置如貧無材木官爲買給已後收成之日驗使",待标注,"{""行款"":""半页10行，行18字""}",,
103,103.jpg,103.jpg,一期,一期,"兇徒惡黨之人先從社長丁寜教訓如是不改
籍記姓名候提點官到日對社衆審問其實於
門首大字粉壁書寫不務本業游惰兇惡等名
稱如本人知恥改過從社長保明申官毀去粉
壁如是不改但遇本社合着夫役替民應當候
悔過自新方許除籍
一農桑水利等事專委府州司縣長官不妨本職
提點勾當若有事故差出以次官提點如有違
慢沮壊之人取問是實約量斷罪如有恃勢不
伏或事重者申覆上司究治其提點官不得勾
一人戶所貸官米至冬納還【不得過十一月下旬】先於十月上
旬定日申縣乞差吏㪷前來受納兩平交量每
石收息米二斗【小歉除息之半大歉全免收息】候滿十年以本
米送還元借官司每石量收耗米三升準備折
閱及支吏㪷等人飯米其米正行附曆收支
一每遇支散交納日本縣吏人一名㪷子一名倉子
兩名每名支飯米一斗鄉官并人從每名支飯
米五升【人從每位不過二人】
金華縣社倉規約
社倉穀本五百碩","兇徒惡黨之人先從社長丁寜教訓如是不改
籍記姓名候提點官到日對社衆審問其實於
門首大字粉壁書寫不務本業游惰兇惡等名
稱如本人知恥改過從社長保明申官毀去粉
壁如是不改但遇本社合着夫役替民應當候
悔過自新方許除籍
一農桑水利等事專委府州司縣長官不妨本職
提點勾當若有事故差出以次官提點如有違
慢沮壊之人取問是實約量斷罪如有恃勢不
伏或事重者申覆上司究治其提點官不得勾
一人戶所貸官米至冬納還【不得過十一月下旬】先於十月上
旬定日申縣乞差吏㪷前來受納兩平交量每
石收息米二斗【小歉除息之半大歉全免收息】候滿十年以本
米送還元借官司每石量收耗米三升準備折
閱及支吏㪷等人飯米其米正行附曆收支
一每遇支散交納日本縣吏人一名㪷子一名倉子
兩名每名支飯米一斗鄉官并人從每名支飯
米五升【人從每位不過二人】
金華縣社倉規約
社倉穀本五百碩",待标注,"{""行款"":""半页8行，行18字""}",,
104,104.jpg,104.jpg,一期,一期,"社倉只置都簿一面紙盡置第三面
一甲不許過三十人甲頭一人不滿十人附甲不許
詭名冒借【犯者出社甲頭改替許同甲告罰甲頭所納給賞】
散穀以三時【謂除夜或下田接新並須甲頭相度】
一戶借一石甲頭倍之無居止及有藝人不借【若口
累眾多作田廣甲頭保明別議増借】
借穀上簿不立契【還穀就簙勾銷】
借穀日每戶納錢五十文甲頭免【十五文給甲頭十文守倉人十
文雜支十五文掌倉量錢此外不許分文乞索許甲內人告以所得錢支賞】
量穀本甲甲頭執槩【並見清量掌倉人擅執槩改替】
還以三限限以三日【謂如十甲每甲若干人一限納若干並甲頭預報定日子
一人不到甲內榖並留倉候足交量】
息穀二分【謂石取息式斗】中餓減半大饑盡免本戶納息
已滿十年免收息【謂第一年納至十壹年免】
耗穀三釐【謂穀一石取耗三升以備折閱及充每歲社倉雜費】
甲內逃亡甲頭同甲內均填甲頭信之【若係時疫戶絶甲頭
申倉差入審實候還穀日銷落若不循理者雖已還出社】
息穀有餘遇饑荒給救【針所有每人大人二升小兒一升十口止並以入籍
戶口爲定】
社衆於規約犯一事不借一年再犯出籍","社倉只置都簿一面紙盡置第三面
一甲不許過三十人甲頭一人不滿十人附甲不許
詭名冒借【犯者出社甲頭改替許同甲告罰甲頭所納給賞】
散穀以三時【謂除夜或下田接新並須甲頭相度】
一戶借一石甲頭倍之無居止及有藝人不借【若口
累眾多作田廣甲頭保明別議増借】
借穀上簿不立契【還穀就簙勾銷】
借穀日每戶納錢五十文甲頭免【十五文給甲頭十文守倉人十
文雜支十五文掌倉量錢此外不許分文乞索許甲內人告以所得錢支賞】
量穀本甲甲頭執槩【並見清量掌倉人擅執槩改替】
還以三限限以三日【謂如十甲每甲若干人一限納若干並甲頭預報定日子
一人不到甲內榖並留倉候足交量】
息穀二分【謂石取息式斗】中餓減半大饑盡免本戶納息
已滿十年免收息【謂第一年納至十壹年免】
耗穀三釐【謂穀一石取耗三升以備折閱及充每歲社倉雜費】
甲內逃亡甲頭同甲內均填甲頭信之【若係時疫戶絶甲頭
申倉差入審實候還穀日銷落若不循理者雖已還出社】
息穀有餘遇饑荒給救【針所有每人大人二升小兒一升十口止並以入籍
戶口爲定】
社衆於規約犯一事不借一年再犯出籍",待标注,"{""行款"":""半页7行，行30字""}",,
105,105.jpg,105.jpg,一期,一期,"遇旱傷去處州縣仰一面計度用常平錢於豐
熟處循環收糶以濟飢民俟結局#以糶本撥
還常平可也
又曰常平賑糶其弊在於不能遍及鄉村縣令
委里正主首監視類多文具無實惠及民宜倣
富弼青州監散米豆之法變通而行之但水腳
之費般運之折無所從出故縣不敢請于州村
不敢請于縣不知飢荒之年人患無米不患無
錢每勝增於官中所定之價一文以充上件縻
費則自無折閱之慮矣何患賑糶之米不能遍
及鄉村但當逐保給曆零賣以防近上人戶類
買興販之弊
宋紹興庚午髙宗謂執政曰國家常平以待水
旱宜令有司以陳易新不得侵用若臨時貨於
積穀之家徒爲文具無實效也
昔宋文忠公蘇軾奏臣在浙中二年親行荒政
只用出糶常平米一事更不施行餘策若欲抄
劄飢貧不惟所費浩大有出無收而此聲一布
飢民雲集盜賊疾疫客主俱斃雖有依條將常
平斛斗出糶耶公私簡便不勞抄札勘會給納","遇旱傷去處州縣仰一面計度用常平錢於豐
熟處循環收糶以濟飢民俟結局#以糶本撥
還常平可也
又曰常平賑糶其弊在於不能遍及鄉村縣令
委里正主首監視類多文具無實惠及民宜倣
富弼青州監散米豆之法變通而行之但水腳
之費般運之折無所從出故縣不敢請于州村
不敢請于縣不知飢荒之年人患無米不患無
錢每勝增於官中所定之價一文以充上件縻
費則自無折閱之慮矣何患賑糶之米不能遍
及鄉村但當逐保給曆零賣以防近上人戶類
買興販之弊
宋紹興庚午髙宗謂執政曰國家常平以待水
旱宜令有司以陳易新不得侵用若臨時貨於
積穀之家徒爲文具無實效也
昔宋文忠公蘇軾奏臣在浙中二年親行荒政
只用出糶常平米一事更不施行餘策若欲抄
劄飢貧不惟所費浩大有出無收而此聲一布
飢民雲集盜賊疾疫客主俱斃雖有依條將常
平斛斗出糶耶公私簡便不勞抄札勘會給納",待标注,"{""行款"":""半页9行，行18字""}",,
106,106.jpg,106.jpg,一期,一期,"雪花飛暖融香頰頰香融暖飛花雪欺雪任單
衣衣單任雪欺別時梅子結結子梅時別歸
不恨開遲遲開不恨歸
浣溪沙
縹緲紅粧照淺溪薄雲踈雨不成泥送君何處
古臺西　廢沼夜來秋水滿茂林深處晚鶯啼
行人腸斷草凄迷
又送葉淳老
陽羨姑蘇已買田相逢誰信是前縁莫教便唱
水如天　我作洞霄君作守白頭相對故依然
西湖知有幾同年
又重九
珠檜絲杉冷欲霜山城歌舞助淒凉且飡山色
飲湖光　共挽朱轓留半日強揉青蘂作重陽
不知明日爲誰黃
又
霜鬢真堪挿拒霜裵絃危柱作伊凉暫時流轉
爲風光　來遣清樽空北海莫因長笛賦山陽
金釵玉腕瀉鵝黃","雪花飛暖融香頰頰香融暖飛花雪欺雪任單
衣衣單任雪欺別時梅子結結子梅時別歸
不恨開遲遲開不恨歸
浣溪沙
縹緲紅粧照淺溪薄雲踈雨不成泥送君何處
古臺西　廢沼夜來秋水滿茂林深處晚鶯啼
行人腸斷草凄迷
又送葉淳老
陽羨姑蘇已買田相逢誰信是前縁莫教便唱
水如天　我作洞霄君作守白頭相對故依然
西湖知有幾同年
又重九
珠檜絲杉冷欲霜山城歌舞助淒凉且飡山色
飲湖光　共挽朱轓留半日強揉青蘂作重陽
不知明日爲誰黃
又
霜鬢真堪挿拒霜裵絃危柱作伊凉暫時流轉
爲風光　來遣清樽空北海莫因長笛賦山陽
金釵玉腕瀉鵝黃",待标注,"{""行款"":""半页5行，行18字""}",,
107,107.jpg,107.jpg,一期,一期,"又
傳粉郎君又粉奴莫教施粉與施朱自然冰玉
照香酥　有客能爲神女賦馮君送與雪兒書
夢兔東去覔桑榆　　　　
又【詠橘】
菊暗荷枯一夜霜新苞緑葉照林光竹籬矛舍
出青黃　香霧噀人驚半破清泉流齒怯初嘗
呉姬三日手猶香　　　　
又【公守湖辛未上元日作會於伽藍中
時長老法惠在坐人有獻剪綵花者甚
奇謂有初春之興作浣溪沙二首因寄】
袁公濟
雪頷霜髯不自驚更將前綵發春榮羞顔未醉
已先頹　莫唱黃鷄幷白髮且呼張丈喚殷兄
有人歸去欲卿卿　　　
又
料峭東風翠幕驚云何不飲對公榮水晶盤瑩
玉鱗赬　花影莫辜三夜月朱顔未稱五年兄
翰林子墨主人卿　　　　
又【徐門石潭謝雨道上作五肯潭在城","又
傳粉郎君又粉奴莫教施粉與施朱自然冰玉
照香酥　有客能爲神女賦馮君送與雪兒書
夢兔東去覔桑榆　　　　
又【詠橘】
菊暗荷枯一夜霜新苞緑葉照林光竹籬矛舍
出青黃　香霧噀人驚半破清泉流齒怯初嘗
呉姬三日手猶香　　　　
又【公守湖辛未上元日作會於伽藍中
時長老法惠在坐人有獻剪綵花者甚
奇謂有初春之興作浣溪沙二首因寄】
袁公濟
雪頷霜髯不自驚更將前綵發春榮羞顔未醉
已先頹　莫唱黃鷄幷白髮且呼張丈喚殷兄
有人歸去欲卿卿　　　
又
料峭東風翠幕驚云何不飲對公榮水晶盤瑩
玉鱗赬　花影莫辜三夜月朱顔未稱五年兄
翰林子墨主人卿　　　　
又【徐門石潭謝雨道上作五肯潭在城",待标注,"{""行款"":""半页6行，行18字""}",,
108,108.jpg,108.jpg,一期,一期,"東二十里常與泗水曾減清濁相應】
照日深紅暖見魚連村緑暗晚藏烏黃童白叟
聚睢盱　麋鹿逢人雖未慣猿猱聞鼓不須呼
歸來【一作家】說與採桑姑　　　
又
旋抹紅粧看史君三三五五棘籬門相排【一作換】
踏破舊羅裙　老幼扶携收麥社烏鳶翔舞賽
神村道逢醉叟臥黃昏
又
麻葉層層榮葉光誰家煮蠒一村香隔籬嬌語
絡絲娘　垂白杖藜擡醉眼扶【一作捋】青搗麨軟
飢腸問言豆葉幾時黃
又
簌簌衣巾落棗花村南村比響繰車牛衣古栁
賣黃瓜　酒困路長惟欲睡日高人渴謾思茶
敲門試問野人家　　　
又
軟草平莎過雨新輕沙走馬路無塵何時収拾
耦耕身　日暖桑麻光似潑風來蒿艾氣如薰
使君元是此中人","東二十里常與泗水曾減清濁相應】
照日深紅暖見魚連村緑暗晚藏烏黃童白叟
聚睢盱　麋鹿逢人雖未慣猿猱聞鼓不須呼
歸來【一作家】說與採桑姑　　　
又
旋抹紅粧看史君三三五五棘籬門相排【一作換】
踏破舊羅裙　老幼扶携收麥社烏鳶翔舞賽
神村道逢醉叟臥黃昏
又
麻葉層層榮葉光誰家煮蠒一村香隔籬嬌語
絡絲娘　垂白杖藜擡醉眼扶【一作捋】青搗麨軟
飢腸問言豆葉幾時黃
又
簌簌衣巾落棗花村南村比響繰車牛衣古栁
賣黃瓜　酒困路長惟欲睡日高人渴謾思茶
敲門試問野人家　　　
又
軟草平莎過雨新輕沙走馬路無塵何時収拾
耦耕身　日暖桑麻光似潑風來蒿艾氣如薰
使君元是此中人",待标注,"{""行款"":""半页6行，行18字""}",,
109,109.jpg,109.jpg,一期,一期,"又
道字嬌訛語未成未應春閤夣多情朝來何事
緑鬟傾綵索身輕長趂燕紅窻睡重不聞鶯
困人天氣近清明
又【自杭移宻守席上別楊元素時重九
前一日】
縹緲危樓紫翠間良辰樂事古難全感時懐舊
獨淒然壁月瓊枝空夜夜菊花人兒自年年
不知來嵗與誰看
又
桃李溪邊駐畫輪鷓鴣聲裏倒清樽夕陽雖好
近黃昏　香在衣裳粧在臂水連芳草月連雲
幾時歸去不銷魂
又
四靣垂楊十頃荷問云何處最花多畫樓南畔
夕陽過　天氣乍涼人寂寞光隂須得酒消磨
且來花裏聽笙歌
又【贈閻丘朝議時還徐州】
一別姑蘇巳四年秋風南浦送歸舩畫簾重見
水中仙　霜鬢不須催我老杏丹【一作花】依舊駐","又
道字嬌訛語未成未應春閤夣多情朝來何事
緑鬟傾綵索身輕長趂燕紅窻睡重不聞鶯
困人天氣近清明
又【自杭移宻守席上別楊元素時重九
前一日】
縹緲危樓紫翠間良辰樂事古難全感時懐舊
獨淒然壁月瓊枝空夜夜菊花人兒自年年
不知來嵗與誰看
又
桃李溪邊駐畫輪鷓鴣聲裏倒清樽夕陽雖好
近黃昏　香在衣裳粧在臂水連芳草月連雲
幾時歸去不銷魂
又
四靣垂楊十頃荷問云何處最花多畫樓南畔
夕陽過　天氣乍涼人寂寞光隂須得酒消磨
且來花裏聽笙歌
又【贈閻丘朝議時還徐州】
一別姑蘇巳四年秋風南浦送歸舩畫簾重見
水中仙　霜鬢不須催我老杏丹【一作花】依舊駐",待标注,"{""行款"":""半页6行，行18字""}",,
110,110.jpg,110.jpg,一期,一期,"樽前還有箇中人
【入席上贈楚守田待問小鬟】
學畫鵶兒正妙年陽城下蔡困嫣然慿君莫唱
短因縁　霧帳吹笙香嫋嫋霜庭按舞月娟娟
曲終紅袖落雙纒
又
一夣江湖費五年歸來風物故依然相逢一醉
是前縁　遷客不應常眊燥使君爲出小嬋娟
翠鬟聊着小詩纒
又【端午】
輕汗微微透碧紈明朝端午浴芳蘭流香漲膩
滿晴川　綵綟輕纒紅玉臂小符斜掛緑雲鬟
佳人相見一千年
又
徐邈能中酒聖賢劉伶席地幕青天潘郎白璧
爲誰連　無可奈何新白髮不如歸去舊青山
恨無人借買山錢
又
傾盖相看勝白頭故山空復夢松椒此心安處
是菟裘　賣劒買牛吾【一作真】欲老乞漿得酒更","樽前還有箇中人
【入席上贈楚守田待問小鬟】
學畫鵶兒正妙年陽城下蔡困嫣然慿君莫唱
短因縁　霧帳吹笙香嫋嫋霜庭按舞月娟娟
曲終紅袖落雙纒
又
一夣江湖費五年歸來風物故依然相逢一醉
是前縁　遷客不應常眊燥使君爲出小嬋娟
翠鬟聊着小詩纒
又【端午】
輕汗微微透碧紈明朝端午浴芳蘭流香漲膩
滿晴川　綵綟輕纒紅玉臂小符斜掛緑雲鬟
佳人相見一千年
又
徐邈能中酒聖賢劉伶席地幕青天潘郎白璧
爲誰連　無可奈何新白髮不如歸去舊青山
恨無人借買山錢
又
傾盖相看勝白頭故山空復夢松椒此心安處
是菟裘　賣劒買牛吾【一作真】欲老乞漿得酒更",待标注,"{""行款"":""半页11行，行18字""}",,
111,111.jpg,111.jpg,一期,一期,"存文之所害則刊而正之以示勸戒其餘則
皆即用舊史史有文質辭有詳略不必改也
故傳曰其善志又曰非聖人孰能脩之蓋周
公之志仲尼從而明之左丘明受經於仲尼
以爲經者不刊之書也故傳或先經以始事
【○先去聲】或後經以終義【○後去聲】或依經以辯理或
錯經以合異隨義而發其例之所重【○重去聲】舊
史遺文略不盡舉非聖人所脩之要故也身","存文之所害則刊而正之以示勸戒其餘則
皆即用舊史史有文質辭有詳略不必改也
故傳曰其善志又曰非聖人孰能脩之蓋周
公之志仲尼從而明之左丘明受經於仲尼
以爲經者不刊之書也故傳或先經以始事
【○先去聲】或後經以終義【○後去聲】或依經以辯理或
錯經以合異隨義而發其例之所重【○重去聲】舊
史遺文略不盡舉非聖人所脩之要故也身",待标注,"{""行款"":""半页8行，行17字""}",,
112,112.jpg,112.jpg,一期,一期,"春秋序
春秋者魯史記之名也記事者以事繋日以
日繋月以月繋時以時繋年所以紀遠近別
同異也【○別音鼈】故史之所記必表年以首事年
有四時故錯舉以爲所記之名也周禮有史
官掌邦國四方之事達四方之志諸侯亦各
有國史大事書之於策小事簡牘而已孟子
曰楚謂之檮杌晉謂之乗而魯謂之春秋其","春秋序
春秋者魯史記之名也記事者以事繋日以
日繋月以月繋時以時繋年所以紀遠近別
同異也【○別音鼈】故史之所記必表年以首事年
有四時故錯舉以爲所記之名也周禮有史
官掌邦國四方之事達四方之志諸侯亦各
有國史大事書之於策小事簡牘而已孟子
曰楚謂之檮杌晉謂之乗而魯謂之春秋其",待标注,"{""行款"":""半页7行，行17字""}",,
113,113.jpg,113.jpg,一期,一期,"正襃貶諸稱書不書先書故書不言不稱書
曰之類皆所以起新舊發大義謂之變例然
亦有史所不書即以爲義者此葢春秋新意
故傳不言凡曲而暢之也其經無義例因行
事而言則傳直言其歸趣而已【○趣去聲】非例也
故發傳之體有三而爲例之情有五【○爲于僞反又
如字】一曰微而顯文見於此而起義在彼【○見音現
下同】稱族尊君命舍族尊夫人梁亡城縁陵之","正襃貶諸稱書不書先書故書不言不稱書
曰之類皆所以起新舊發大義謂之變例然
亦有史所不書即以爲義者此葢春秋新意
故傳不言凡曲而暢之也其經無義例因行
事而言則傳直言其歸趣而已【○趣去聲】非例也
故發傳之體有三而爲例之情有五【○爲于僞反又
如字】一曰微而顯文見於此而起義在彼【○見音現
下同】稱族尊君命舍族尊夫人梁亡城縁陵之",待标注,"{""行款"":""半页8行，行21字""}",,
114,114.jpg,114.jpg,一期,一期,"而長之【○長上聲】附于二百四十二年行事王道之
之正人倫之紀備矣或曰春秋以錯文見義
若如所論則經當有事同文異而無其義也
先儒所傳皆不其然荅曰春秋雖以一字爲
褒貶然皆須數句以成言【○數色主反下同】非如八
卦之爻可錯綜爲六十四也固當依傳以爲
斷古今言左氏春秋者多矣今其遺文可見
者十數家大體轉相祖述進不成爲錯綜經","而長之【○長上聲】附于二百四十二年行事王道之
之正人倫之紀備矣或曰春秋以錯文見義
若如所論則經當有事同文異而無其義也
先儒所傳皆不其然荅曰春秋雖以一字爲
褒貶然皆須數句以成言【○數色主反下同】非如八
卦之爻可錯綜爲六十四也固當依傳以爲
斷古今言左氏春秋者多矣今其遺文可見
者十數家大體轉相祖述進不成爲錯綜經",待标注,"{""行款"":""半页8行，行17字""}",,
115,115.jpg,115.jpg,一期,一期,"者雖淺近亦復名家【○復扶又反下同】故特舉劉賈
許潁之違以見同異分經之年與傳之年相
附比其義類【○比毗志反】各隨而解之名曰經傳
集解又別集諸例及地名譜第歴數【○譜布古反】
相與爲部凡四十部十五卷皆顯其異同從
而釋之名曰釋例將令學者觀其所聚異同
之說釋例詳之也或曰春秋之作左傳及穀
梁無明文說者以爲仲尼自衛反魯脩春秋","者雖淺近亦復名家【○復扶又反下同】故特舉劉賈
許潁之違以見同異分經之年與傳之年相
附比其義類【○比毗志反】各隨而解之名曰經傳
集解又別集諸例及地名譜第歴數【○譜布古反】
相與爲部凡四十部十五卷皆顯其異同從
而釋之名曰釋例將令學者觀其所聚異同
之說釋例詳之也或曰春秋之作左傳及穀
梁無明文說者以爲仲尼自衛反魯脩春秋",待标注,"{""行款"":""半页8行，行17字""}",,
116,116.jpg,116.jpg,一期,一期,"則謂之爲義疏疏之爲字本以疏闊疏逺立名又廣雅云
疏者識也案疏訓識則書疏記識之道存焉
左傳序曰春秋者魯史記之名又曰懲惡而勸善非聖
人孰能脩之經者夫子之文章傳者丘明之善志蓋丘
明受夫子之經所謂傳師所說又子夏為禮經之傳禮
記經解曰疏通知逺而不誣則深於書者也疏者識也
謂疏識於經顯彰其理而易通曉也
史記云後主所是䟽爲令前主所是著為律
史記杜周傳周爲廷尉其治大抵倣張湯而候伺上所
欲擠者因而陷之上所欲釋者父繫待問而微見其寃
狀客有讓周曰君爲天子決平不循三尺法三尺竹簡
書法律專以人主意指爲獄獄者固如是乎周曰三尺
安在哉前主所是著為律後主所是疏為令當時為是
何古之法哉
漢書云削牘為疏故云疏也
該說疏意
昔者三王始用肉刑
三王夏禹殷湯周文武肉刑墨劓剕宮大辟
赭衣難嗣皇風更逺
前漢書載刑法志曰秦始皇專任刑罰躬操文墨赭衣
塞路囹圄成市朝繼也言秦之暴虐難繼三王之仁徳
也去三皇之風化愈更懸逺也
朴散淳離傷肌犯骨
前漢武帝制曰殷人執五刑以督姦傷肌膚以懲惡言","則謂之爲義疏疏之爲字本以疏闊疏逺立名又廣雅云
疏者識也案疏訓識則書疏記識之道存焉
左傳序曰春秋者魯史記之名又曰懲惡而勸善非聖
人孰能脩之經者夫子之文章傳者丘明之善志蓋丘
明受夫子之經所謂傳師所說又子夏為禮經之傳禮
記經解曰疏通知逺而不誣則深於書者也疏者識也
謂疏識於經顯彰其理而易通曉也
史記云後主所是䟽爲令前主所是著為律
史記杜周傳周爲廷尉其治大抵倣張湯而候伺上所
欲擠者因而陷之上所欲釋者父繫待問而微見其寃
狀客有讓周曰君爲天子決平不循三尺法三尺竹簡
書法律專以人主意指爲獄獄者固如是乎周曰三尺
安在哉前主所是著為律後主所是疏為令當時為是
何古之法哉
漢書云削牘為疏故云疏也
該說疏意
昔者三王始用肉刑
三王夏禹殷湯周文武肉刑墨劓剕宮大辟
赭衣難嗣皇風更逺
前漢書載刑法志曰秦始皇專任刑罰躬操文墨赭衣
塞路囹圄成市朝繼也言秦之暴虐難繼三王之仁徳
也去三皇之風化愈更懸逺也
朴散淳離傷肌犯骨
前漢武帝制曰殷人執五刑以督姦傷肌膚以懲惡言",待标注,"{""行款"":""半页8行，行21字""}",,
117,117.jpg,117.jpg,一期,一期,"去古浸逺淳古質朴之風離散人多犯法爲姦惡故用
刑傷肌犯骨以懲治之也
尚書大傳曰夏刑三千條周禮司刑掌五刑其屬二千五
百
周禮秋官司刑掌五刑之法墨罪五百劓罪五百宮罪
五百剕罪五百大辟罪五百
穆王度制法五刑之屬三千
書呂刑曰呂命穆王訓夏贖刑作呂刑墨罰之屬千劓
罰之屬千剕罰之屬五百宮罰之屬三百大辟之罰其
屬二百五刑之屬三千
周衰刑重戰國異制
前漢嚴安上書曰臣聞周有天下其治二百餘嵗成康
其隆也刑措四十餘年而不用及其衰也亦二百餘年
故五伯更起五伯常佐天子興利除害誅異禁邪匡國
內以尊天子五伯既沒聖賢莫續天子孤弱號令不行
諸侯恣行強凌弱衆暴寡田常篡齊六卿分晉並爲戰
國此民之始苦也言周衰之時刑法嚴重戰國用刑各
殊制度也
魏文侯師於里悝集諸國刑典造法經上篇一盜法二賊
法三囚法四捕法五雜法六具法
史記魏文侯名都師里悝集諸國刑典造法經六篇一
盜法今賊盜律是也二賊法今詐偽律是也三囚法今
斷獄律是也四捕法今捕亡律是也五雜法今雜律是
也六具法今名例律是也","去古浸逺淳古質朴之風離散人多犯法爲姦惡故用
刑傷肌犯骨以懲治之也
尚書大傳曰夏刑三千條周禮司刑掌五刑其屬二千五
百
周禮秋官司刑掌五刑之法墨罪五百劓罪五百宮罪
五百剕罪五百大辟罪五百
穆王度制法五刑之屬三千
書呂刑曰呂命穆王訓夏贖刑作呂刑墨罰之屬千劓
罰之屬千剕罰之屬五百宮罰之屬三百大辟之罰其
屬二百五刑之屬三千
周衰刑重戰國異制
前漢嚴安上書曰臣聞周有天下其治二百餘嵗成康
其隆也刑措四十餘年而不用及其衰也亦二百餘年
故五伯更起五伯常佐天子興利除害誅異禁邪匡國
內以尊天子五伯既沒聖賢莫續天子孤弱號令不行
諸侯恣行強凌弱衆暴寡田常篡齊六卿分晉並爲戰
國此民之始苦也言周衰之時刑法嚴重戰國用刑各
殊制度也
魏文侯師於里悝集諸國刑典造法經上篇一盜法二賊
法三囚法四捕法五雜法六具法
史記魏文侯名都師里悝集諸國刑典造法經六篇一
盜法今賊盜律是也二賊法今詐偽律是也三囚法今
斷獄律是也四捕法今捕亡律是也五雜法今雜律是
也六具法今名例律是也",待标注,"{""行款"":""半页8行，行21字""}",,
118,118.jpg,118.jpg,一期,一期,"宋髙祖劉裕字徳興齊太祖蕭道成字紹伯梁髙祖蕭
衍字叔達陳髙祖陳霸先字興國後魏聖武帝諱詰汾
北齊髙歡字賀元渾渤海蓚人也後周太祖文皇帝宇
文泰字黒闥代郡武川人隋髙祖文皇帝楊堅弘農華
隂人也唐髙祖神聖皇帝李淵其先隴西狄道人也
名者五刑之罪名例者五刑之體列名訓爲命例訓爲比
命諸篇之刑名比諸篇之法例但名因罪立事由犯生命
名即刑應比例即事表故以名例爲首篇筆者訓居訓次
則次筆之義可得言矣一者太極之氣幽二爲一黃鍾之
一數所生焉名例冠十二篇之首故云名例第一
律音義曰主物之謂名統亢之爲例法例之名既聚要
須例以表之故曰名例漢作九章散而未統魏朝始集
罪例號爲刑名晉實充増得二十篇以刑名法例獨爲
篇冠至北齊趙郡王𠮏等奏上齊律十二篇併曰名例
後循而不改
大唐皇帝以上聖凝圖英聲嗣武
皇帝髙宗也凝固也圖基業也文選荅臨淄侯殘曰流
千載之英聲嗣繼也武蹤也言髙宗皇帝以上聖之資
固其基業以英雄之聲譽繼蹤先祖
潤春雲於品物緩秋官於黎庶
春雲以喻聖澤也文選褚淵碑文曰春雲等潤品物萬
物也易乾卦曰雲行雨施品物流形緩寛也周易中孚
卦曰君子以議獄緩死秋官掌刑之官也周禮秋官大
司冦曰乃立秋官而掌邦禁黎庶百姓也文選西都賦","宋髙祖劉裕字徳興齊太祖蕭道成字紹伯梁髙祖蕭
衍字叔達陳髙祖陳霸先字興國後魏聖武帝諱詰汾
北齊髙歡字賀元渾渤海蓚人也後周太祖文皇帝宇
文泰字黒闥代郡武川人隋髙祖文皇帝楊堅弘農華
隂人也唐髙祖神聖皇帝李淵其先隴西狄道人也
名者五刑之罪名例者五刑之體列名訓爲命例訓爲比
命諸篇之刑名比諸篇之法例但名因罪立事由犯生命
名即刑應比例即事表故以名例爲首篇筆者訓居訓次
則次筆之義可得言矣一者太極之氣幽二爲一黃鍾之
一數所生焉名例冠十二篇之首故云名例第一
律音義曰主物之謂名統亢之爲例法例之名既聚要
須例以表之故曰名例漢作九章散而未統魏朝始集
罪例號爲刑名晉實充増得二十篇以刑名法例獨爲
篇冠至北齊趙郡王𠮏等奏上齊律十二篇併曰名例
後循而不改
大唐皇帝以上聖凝圖英聲嗣武
皇帝髙宗也凝固也圖基業也文選荅臨淄侯殘曰流
千載之英聲嗣繼也武蹤也言髙宗皇帝以上聖之資
固其基業以英雄之聲譽繼蹤先祖
潤春雲於品物緩秋官於黎庶
春雲以喻聖澤也文選褚淵碑文曰春雲等潤品物萬
物也易乾卦曰雲行雨施品物流形緩寛也周易中孚
卦曰君子以議獄緩死秋官掌刑之官也周禮秋官大
司冦曰乃立秋官而掌邦禁黎庶百姓也文選西都賦",待标注,"{""行款"":""半页22行，行21字""}",,
119,119.jpg,119.jpg,一期,一期,"笞四十【贖銅四斤】笞五十【贖銅五斤】
疏議曰笞者擊也又訓爲恥言人有小愆法須懲誡故加捶
撻以恥之漢時笞則用竹今時則用楚故書云扑作教刑即
其義也漢文帝十三年太倉令淳于意女緹縈上書願沒入
爲官婢以贖父刑帝悲其意遂改肉刑當黥者髡鉗爲城奴
令舂富劓者笞三百此即笞杖之目未有區分笞擊之刑刑
之薄者也隨時㳂革輕重不同俱期無刑義唯必措孝經接
神契云聖人制五刑以法五行禮云刑者侀也成也一成而
不可變故君子盡心焉孝經鉤命決云刑者例也質罪示終
然殺人者死傷人者刑百王之所同其所由來尚矣從笞十
至五十其數有五故曰笞州五徒杖之數亦準此
杖刑五
杖六十【贖銅六斤】杖七十【贖銅七斤】杖八十【贖銅八斤】
杖九十九【贖銅九斤】杖一百【贖銅十斤】
疏議曰說文云杖者持也而可以擊人者歟家語云舜之事
父小杖則受大杖則走國語云薄刑用鞭扑書云鞭作官刑
猶今之杖刑者也又蚩尤作五虐之刑亦用鞭扑源其濫觴
所從來逺矣漢景帝以笞者已死而笞未畢改三百曰二百
二百曰一百奕代㳂流曹微増損麥洎隨室以杖易鞭今律
云累決笞杖者不得過二百蓋循漢制也
徒刑五
一年【贖銅二十斤】一年半【贖銅三十斤】二年【贖銅四十斤】
二年半【贖銅五十斤】三年【贖銅六十斤】
疏議曰徒者奴也蓋奴辱之周禮云其奴男子入于罪隸又","笞四十【贖銅四斤】笞五十【贖銅五斤】
疏議曰笞者擊也又訓爲恥言人有小愆法須懲誡故加捶
撻以恥之漢時笞則用竹今時則用楚故書云扑作教刑即
其義也漢文帝十三年太倉令淳于意女緹縈上書願沒入
爲官婢以贖父刑帝悲其意遂改肉刑當黥者髡鉗爲城奴
令舂富劓者笞三百此即笞杖之目未有區分笞擊之刑刑
之薄者也隨時㳂革輕重不同俱期無刑義唯必措孝經接
神契云聖人制五刑以法五行禮云刑者侀也成也一成而
不可變故君子盡心焉孝經鉤命決云刑者例也質罪示終
然殺人者死傷人者刑百王之所同其所由來尚矣從笞十
至五十其數有五故曰笞州五徒杖之數亦準此
杖刑五
杖六十【贖銅六斤】杖七十【贖銅七斤】杖八十【贖銅八斤】
杖九十九【贖銅九斤】杖一百【贖銅十斤】
疏議曰說文云杖者持也而可以擊人者歟家語云舜之事
父小杖則受大杖則走國語云薄刑用鞭扑書云鞭作官刑
猶今之杖刑者也又蚩尤作五虐之刑亦用鞭扑源其濫觴
所從來逺矣漢景帝以笞者已死而笞未畢改三百曰二百
二百曰一百奕代㳂流曹微増損麥洎隨室以杖易鞭今律
云累決笞杖者不得過二百蓋循漢制也
徒刑五
一年【贖銅二十斤】一年半【贖銅三十斤】二年【贖銅四十斤】
二年半【贖銅五十斤】三年【贖銅六十斤】
疏議曰徒者奴也蓋奴辱之周禮云其奴男子入于罪隸又",待标注,"{""行款"":""半页22行，行23字""}",,
120,120.jpg,120.jpg,一期,一期,"言絞斬故云不正決之
流罪以下減一等其犯十惡者不用此律
疏議曰流罪以下犯狀既輕所司減訖自依常斷其犯十惡
者死罪不得上請流罪以下不得減罪故云不用此律
皇太子妃【此名請章】
諸皇太子妃大功以上親
疏議曰此名請章皇后䕃小功以上親入議皇太子妃䕃大
功以上親入請者尊卑降殺也
應議者期以上親及孫
疏議曰八議之人蔭及期以上親及孫入請期親者謂伯叔
父母姑兄弟姊妹妻子及兄弟子之類又例云稱期親者曾
髙同及孫者謂嫡孫眾孫皆是曾玄亦同其子孫之婦服雜
輕而義重亦同期親之例曾玄之婦者非
若官爵五品以上犯死罪者上請【請謂條其所犯及應請之狀正其刑名兇
奏請】
疏議曰官爵五品以上者謂文武職事四品以下散官三品
以下勲官及爵二品以下五品以上此等之人犯死罪者並
爲上請
註請謂條其所犯及應請之狀正其刑名別奏請
疏議曰條其所犯者謂條錄請人所犯應死之坐應請之狀
者謂皇太子妃大功以上親應議者期以上親及孫若官爵
五品以上應請之狀正其刑名者謂錄請人所犯準律合絞
合斬別奏者不縁門下別錄奏請聽勑
流罪以下減一等其犯十惡反逆縁坐殺人監守內姦","言絞斬故云不正決之
流罪以下減一等其犯十惡者不用此律
疏議曰流罪以下犯狀既輕所司減訖自依常斷其犯十惡
者死罪不得上請流罪以下不得減罪故云不用此律
皇太子妃【此名請章】
諸皇太子妃大功以上親
疏議曰此名請章皇后䕃小功以上親入議皇太子妃䕃大
功以上親入請者尊卑降殺也
應議者期以上親及孫
疏議曰八議之人蔭及期以上親及孫入請期親者謂伯叔
父母姑兄弟姊妹妻子及兄弟子之類又例云稱期親者曾
髙同及孫者謂嫡孫眾孫皆是曾玄亦同其子孫之婦服雜
輕而義重亦同期親之例曾玄之婦者非
若官爵五品以上犯死罪者上請【請謂條其所犯及應請之狀正其刑名兇
奏請】
疏議曰官爵五品以上者謂文武職事四品以下散官三品
以下勲官及爵二品以下五品以上此等之人犯死罪者並
爲上請
註請謂條其所犯及應請之狀正其刑名別奏請
疏議曰條其所犯者謂條錄請人所犯應死之坐應請之狀
者謂皇太子妃大功以上親應議者期以上親及孫若官爵
五品以上應請之狀正其刑名者謂錄請人所犯準律合絞
合斬別奏者不縁門下別錄奏請聽勑
流罪以下減一等其犯十惡反逆縁坐殺人監守內姦",待标注,"{""行款"":""半页8行，行23字""}",,
121,121.jpg,121.jpg,一期,一期,"雞候鳴日欲出吞吐澒瀁聲奔雷白雲
弥弥散綿絮眉屓屭戴出三崔嵬一一十
十翠撐拄千千百百璚樓臺王生染白
作莽碧回風御氣洪濛開古亭髙卓盤
石上橫舟自插煙林隈老机古檜立岸
側云可自此登天台尚無雞犬識村落
況有車馬相喧豗我少學仙意疾淂首
如蓬雪俄琣毸臨風每憶坐忘叟深愧
失腳無由囬尋常夢遊如宿到忽見昼
本㒷余懷仙人王至和永家靈宝安在
哉人間百斷何足许存想終日勞形骸
庭間竹葉可舟楫羽衣生雲歸去來
桃源圖
曾峦複嶺何崔嵬流泉委注波無迴昔
人尋源既觧往孰謂後世無能來徐生
采藥渡瀛海生人之資悉滂沛汍舟一
去不復還自是秦皇親爲載商於祗在
咸陽南城中日日見晴嵐四翁采芝到
頭白何人往問窮幽探信知桃源随地
有自爲狂馳不囬首莫向神仙詰渺茫","雞候鳴日欲出吞吐澒瀁聲奔雷白雲
弥弥散綿絮眉屓屭戴出三崔嵬一一十
十翠撐拄千千百百璚樓臺王生染白
作莽碧回風御氣洪濛開古亭髙卓盤
石上橫舟自插煙林隈老机古檜立岸
側云可自此登天台尚無雞犬識村落
況有車馬相喧豗我少學仙意疾淂首
如蓬雪俄琣毸臨風每憶坐忘叟深愧
失腳無由囬尋常夢遊如宿到忽見昼
本㒷余懷仙人王至和永家靈宝安在
哉人間百斷何足许存想終日勞形骸
庭間竹葉可舟楫羽衣生雲歸去來
桃源圖
曾峦複嶺何崔嵬流泉委注波無迴昔
人尋源既觧往孰謂後世無能來徐生
采藥渡瀛海生人之資悉滂沛汍舟一
去不復還自是秦皇親爲載商於祗在
咸陽南城中日日見晴嵐四翁采芝到
頭白何人往問窮幽探信知桃源随地
有自爲狂馳不囬首莫向神仙詰渺茫",待标注,"{""行款"":""半页10行，行15字""}",,
122,122.jpg,122.jpg,一期,一期,"且對新圖玩春晝軒轅鄉裏真固師果
得脩身身不衰年穀順成物不疵玄黃
衣裳從委垂
孙康映雪圖
千岩万壑明積雪老樹長蘿挂孤月下
有老生眠破庐隙穴窺書癡凍鶻何如
出戸歷瓊田翻身夜入通明天手把瑤
草招飛仙人刁昼史那能傳
南交黎侯景髙歸朝三十余
年自至元中被　命駈馳軍旅
勞效顕著浚賜田江漢之上以
居暇日作安南志若干卷永不
忌父母之邦間嘗即郎官湖上
修太白祠皇慶初元來朝大
夫士多爲侯賦詩者
即官湖邉太白祠百年毀壞誰頋之黎
侯自是南海客寂寞湖上看明月間關
歸國故時心馬上鬢毛令是雪春來幾
見湖水清春去還看湖草碧今人蕭條
古人逺黎侯此時淚沾臆臨湖作屋祠","且對新圖玩春晝軒轅鄉裏真固師果
得脩身身不衰年穀順成物不疵玄黃
衣裳從委垂
孙康映雪圖
千岩万壑明積雪老樹長蘿挂孤月下
有老生眠破庐隙穴窺書癡凍鶻何如
出戸歷瓊田翻身夜入通明天手把瑤
草招飛仙人刁昼史那能傳
南交黎侯景髙歸朝三十余
年自至元中被　命駈馳軍旅
勞效顕著浚賜田江漢之上以
居暇日作安南志若干卷永不
忌父母之邦間嘗即郎官湖上
修太白祠皇慶初元來朝大
夫士多爲侯賦詩者
即官湖邉太白祠百年毀壞誰頋之黎
侯自是南海客寂寞湖上看明月間關
歸國故時心馬上鬢毛令是雪春來幾
見湖水清春去還看湖草碧今人蕭條
古人逺黎侯此時淚沾臆臨湖作屋祠",待标注,"{""行款"":""半页8行，行15字""}",,
123,123.jpg,123.jpg,一期,一期,"太白一日祠成人嘆息千年太白豈復
存惟有長庚射西極光芒彷彿靈委蛇
黎侯起舞天爲泣鯨魚上天經不返黎
侯怊悵坐成脫君不來兮那可期黎侯
云心湖水知湖水波浪湖樹葉風來總
是迎送辭
戴和甫歸天台
戴先生日飲五斗醉不得再飲一石不
宥眠昨從桃源來兩袖携風煙長安市
上小兒女拍手攔道呼人仙馬如游龍
花如雨蹴踏春秋作朝莫東方不觧窓
中戱上帝還令海邊玄海邊玉虹何日
収貝宮珠闕皆蛟虬芝田玉樹乆相待
天上老仙那許留戴先生鑑湖之水三
千交不可以鑑可以釀明朝亦脫錦袍
去與尔酣歌釣船上
牧牛歌
學人曾是牧牛兒細雨斜風緫不歸豐
草長時情似水懸崖絶壁命如絲不着
境兮不離境繩杖隨身端息瞬歴年勤","太白一日祠成人嘆息千年太白豈復
存惟有長庚射西極光芒彷彿靈委蛇
黎侯起舞天爲泣鯨魚上天經不返黎
侯怊悵坐成脫君不來兮那可期黎侯
云心湖水知湖水波浪湖樹葉風來總
是迎送辭
戴和甫歸天台
戴先生日飲五斗醉不得再飲一石不
宥眠昨從桃源來兩袖携風煙長安市
上小兒女拍手攔道呼人仙馬如游龍
花如雨蹴踏春秋作朝莫東方不觧窓
中戱上帝還令海邊玄海邊玉虹何日
収貝宮珠闕皆蛟虬芝田玉樹乆相待
天上老仙那許留戴先生鑑湖之水三
千交不可以鑑可以釀明朝亦脫錦袍
去與尔酣歌釣船上
牧牛歌
學人曾是牧牛兒細雨斜風緫不歸豐
草長時情似水懸崖絶壁命如絲不着
境兮不離境繩杖隨身端息瞬歴年勤",待标注,"{""行款"":""半页8行，行15字""}",,
124,124.jpg,124.jpg,一期,一期,"苦一朝忘贏得半川風月冷君不見大
江東短簑依舊隨春雨橫笛何曾別脫
風大地山河等甘露嘉禾成熟萬方同
國泰民安歌頌起無言可賛牧人切老
師兄善自牧露地當年已成熟大千妙
用一毫端不是寂寞聊自足
送丘教授還臨川
黃金作臺好留客好客不留秋月白東
風吹雪滿衣襟卻賦長歌送行客遼東
之山醫巫閭六月五月雪不除昨夜遣
使降香去五尺冰上飛行車知君江上
慎舟楫快馬如龍亦従設東取來時一
束書還向江波對明月我本蜀人隨氷
來結臺與子相隣隈白髮京塵不歸去
臨風相送心慫哉
墨竹
南風吹雪盡成竹北圃老人冩群玉枯
梢不逐蛟龍化密葉終堪鳯鵉宿數枝
東出好弟兄楚楚劔佩激聞聲兩枝又
如父携子老者偃蹇稚者榮我昔西遊","苦一朝忘贏得半川風月冷君不見大
江東短簑依舊隨春雨橫笛何曾別脫
風大地山河等甘露嘉禾成熟萬方同
國泰民安歌頌起無言可賛牧人切老
師兄善自牧露地當年已成熟大千妙
用一毫端不是寂寞聊自足
送丘教授還臨川
黃金作臺好留客好客不留秋月白東
風吹雪滿衣襟卻賦長歌送行客遼東
之山醫巫閭六月五月雪不除昨夜遣
使降香去五尺冰上飛行車知君江上
慎舟楫快馬如龍亦従設東取來時一
束書還向江波對明月我本蜀人隨氷
來結臺與子相隣隈白髮京塵不歸去
臨風相送心慫哉
墨竹
南風吹雪盡成竹北圃老人冩群玉枯
梢不逐蛟龍化密葉終堪鳯鵉宿數枝
東出好弟兄楚楚劔佩激聞聲兩枝又
如父携子老者偃蹇稚者榮我昔西遊",待标注,"{""行款"":""半页17行，行15字""}",,
125,125.jpg,125.jpg,一期,一期,"七月八日山隂道積雪平溪沒深草三
日餐冰度磧遙重載槖駝發車早當衡
比比擁蒙茸王庭傳令疾扵風却伶聚
落在何谷可以踏歌酣馬相居庸關南
百萬里春雨草青平善砥鄉非羊馬便
髙寒所不懷帰如白水　　　
墨龍
所習畫龍妙當世神思已遠誰能錘陳
家復見海珠君也向毫端兮九似越藤
一幅瑩且完噓雲駕江凌春湍不知何
嵗因轟掣破巻飛上青雲端
金馬圖
賈胡自騎千金馬解鞍小憩荒城下平
原無樹起秋風夢到陰山雪橫野太平
疆宇大無外分户連城無閉夜不然卻
有獨行人懷寳安眠如畫者　　　
盧峰秋夕
紗廚如水春雲空汗衣香潤資薰籠北
窓虛敞足幽寐蒲葵麈尾來輕風銀釭
欲烬酒力散連床清話今宵同山澤縣","七月八日山隂道積雪平溪沒深草三
日餐冰度磧遙重載槖駝發車早當衡
比比擁蒙茸王庭傳令疾扵風却伶聚
落在何谷可以踏歌酣馬相居庸關南
百萬里春雨草青平善砥鄉非羊馬便
髙寒所不懷帰如白水　　　
墨龍
所習畫龍妙當世神思已遠誰能錘陳
家復見海珠君也向毫端兮九似越藤
一幅瑩且完噓雲駕江凌春湍不知何
嵗因轟掣破巻飛上青雲端
金馬圖
賈胡自騎千金馬解鞍小憩荒城下平
原無樹起秋風夢到陰山雪橫野太平
疆宇大無外分户連城無閉夜不然卻
有獨行人懷寳安眠如畫者　　　
盧峰秋夕
紗廚如水春雲空汗衣香潤資薰籠北
窓虛敞足幽寐蒲葵麈尾來輕風銀釭
欲烬酒力散連床清話今宵同山澤縣",待标注,"{""行款"":""半页8行，行15字""}",,
126,126.jpg,126.jpg,一期,一期,"是回軍之計何有瘸漢言未及正東有三万兵來
中間孫子旗号兩壁李牧袁連白起黠軍小軍報
曰正北有公子田單馬昇解信一万兵來白起曰
當先捉袁遼向後破公子田單小軍又报正南下
有魯玉田忌二万兵將來決戰生死今日覩一陣
白起曰生死不离今日太平不覩明朝輸贏咱覩
一陣孫子來白起迎震天鑼鼓響劫地喊声鳴勝
敗如何相殺一陣痛敗白起秦兵望東覷世不与
東齊爲戰整兵各還寨孫子收兵而退田單田文
田忌公子共孫子入朝現帝魯王秦帝齊國灾難
非孫子不能成功古云得賢者昌失賢者亡文武
諫曰帝不可納姑姨爲妃后於國无益不從文武
之言蘇代呈表奏苦諫帝怒貶代丹城縣令公子
田文告帰農田單由忌卻帰宮城及即墨孫子見
帝不從諫則所説言孫子暗出齊城潛身帰雲夢
山樂毅下山卻說燕山線代谷養性黃伯楊徒弟
樂毅乃樂羊氏之後賢而好兵遂授學於黃柏楊
學隂書兵法毅觀將星昏昧下山佐諸國路逢孫
子二人礼畢孫子問曰先生何往毅曰貧道見燕","是回軍之計何有瘸漢言未及正東有三万兵來
中間孫子旗号兩壁李牧袁連白起黠軍小軍報
曰正北有公子田單馬昇解信一万兵來白起曰
當先捉袁遼向後破公子田單小軍又报正南下
有魯玉田忌二万兵將來決戰生死今日覩一陣
白起曰生死不离今日太平不覩明朝輸贏咱覩
一陣孫子來白起迎震天鑼鼓響劫地喊声鳴勝
敗如何相殺一陣痛敗白起秦兵望東覷世不与
東齊爲戰整兵各還寨孫子收兵而退田單田文
田忌公子共孫子入朝現帝魯王秦帝齊國灾難
非孫子不能成功古云得賢者昌失賢者亡文武
諫曰帝不可納姑姨爲妃后於國无益不從文武
之言蘇代呈表奏苦諫帝怒貶代丹城縣令公子
田文告帰農田單由忌卻帰宮城及即墨孫子見
帝不從諫則所説言孫子暗出齊城潛身帰雲夢
山樂毅下山卻說燕山線代谷養性黃伯楊徒弟
樂毅乃樂羊氏之後賢而好兵遂授學於黃柏楊
學隂書兵法毅觀將星昏昧下山佐諸國路逢孫
子二人礼畢孫子問曰先生何往毅曰貧道見燕",待标注,"{""行款"":""半页19行，行19字""}",,
127,127.jpg,127.jpg,一期,一期,"齊韓魏將星昏昧无賢佐主毅今下山舒佐君王
孫子曰臏初下山来魏国魏哀王失政寵庵涓同
馬听諱後在於齊齊威王无徳国舅所殺立愍王
寵國姑姨為妃后不用良諌公臏私离齐邦燕不
可佐言訖二人各別孫子往雲夢山去了詩曰
孫樂相逢語已投一来一往志難侔誰知樂
毅扶燕後番作龐涓刖足讐樂毅自言孫子
自誇會被龐涓刖足樂毅非一日至齐国内前令
閤門入内奏帝閤門外有一賢士特夾見帝宣毅
礼畢帝問卿何来樂毅曰臣聞齐国无賢特来扶
佐愍王曰我托先君聖徳立齐為上国今太平何
用征夫尔退樂毅出朝遥指齐君失政可知孫子
私往若它国安身領兵先来彼齐国樂毅离了齐
城去投魏国○話說魏王登殿忽有閤門大使奏
曰有一賢士来投本国魏王宣至問曰先生居於
何处楽毅曰臣幼小出家岳山線代谷授學於黄
伯楊今聞大王用賢臣故来佐国魏王大喜遂用
樂毅為大夫漢国築黃金臺招賢卻說燕国昭王
即位於齐人破燕之後弔死問孤与百姓同甘苦","齊韓魏將星昏昧无賢佐主毅今下山舒佐君王
孫子曰臏初下山来魏国魏哀王失政寵庵涓同
馬听諱後在於齊齊威王无徳国舅所殺立愍王
寵國姑姨為妃后不用良諌公臏私离齐邦燕不
可佐言訖二人各別孫子往雲夢山去了詩曰
孫樂相逢語已投一来一往志難侔誰知樂
毅扶燕後番作龐涓刖足讐樂毅自言孫子
自誇會被龐涓刖足樂毅非一日至齐国内前令
閤門入内奏帝閤門外有一賢士特夾見帝宣毅
礼畢帝問卿何来樂毅曰臣聞齐国无賢特来扶
佐愍王曰我托先君聖徳立齐為上国今太平何
用征夫尔退樂毅出朝遥指齐君失政可知孫子
私往若它国安身領兵先来彼齐国樂毅离了齐
城去投魏国○話說魏王登殿忽有閤門大使奏
曰有一賢士来投本国魏王宣至問曰先生居於
何处楽毅曰臣幼小出家岳山線代谷授學於黄
伯楊今聞大王用賢臣故来佐国魏王大喜遂用
樂毅為大夫漢国築黃金臺招賢卻說燕国昭王
即位於齐人破燕之後弔死問孤与百姓同甘苦",待标注,"{""行款"":""半页19行，行19字""}",,
128,128.jpg,128.jpg,一期,一期,"願爲帥用齊東爲先鋒將齊黎為合後將淳于坤
爲左將淳于簡爲右將邀我王御駕親征看臣等
退燕兵齊王依奏起兵三十萬出齊城前至黃山
下寨燕齊大戰卻說樂毅知得齊兵出城下寨遂
團練兵卒合秦魏韓趙四國兵百万屯於濟西下
寨次日齊帥邹文簡領兵排下青竜出水陣燕帥
楽毅排下靠山白虎陣須臾二陣俱圓燕將石丙
持鎗出馬厉声叫曰齊陣強將出馬齊陣一將出
馬頭頂鳳翅盔身披鎖子甲騎一疋駱駞來高慣
戰馬挑一具偃月樣熟銅斧乃是密州節度使倪
孝萃二將打話不同二騎馬交詩曰二騎馬能
爭社稷四條臂會定乾坤約戰四十余合倪
孝萃敗走歸陣石丙不趕各歸本陣齊王謂邹元
帥曰齊將敗於燕更有誰可敵邹文簡奏曰臣親
自出陣當日兩邊鳴金收軍畧歇","願爲帥用齊東爲先鋒將齊黎為合後將淳于坤
爲左將淳于簡爲右將邀我王御駕親征看臣等
退燕兵齊王依奏起兵三十萬出齊城前至黃山
下寨燕齊大戰卻說樂毅知得齊兵出城下寨遂
團練兵卒合秦魏韓趙四國兵百万屯於濟西下
寨次日齊帥邹文簡領兵排下青竜出水陣燕帥
楽毅排下靠山白虎陣須臾二陣俱圓燕將石丙
持鎗出馬厉声叫曰齊陣強將出馬齊陣一將出
馬頭頂鳳翅盔身披鎖子甲騎一疋駱駞來高慣
戰馬挑一具偃月樣熟銅斧乃是密州節度使倪
孝萃二將打話不同二騎馬交詩曰二騎馬能
爭社稷四條臂會定乾坤約戰四十余合倪
孝萃敗走歸陣石丙不趕各歸本陣齊王謂邹元
帥曰齊將敗於燕更有誰可敵邹文簡奏曰臣親
自出陣當日兩邊鳴金收軍畧歇",待标注,"{""行款"":""半页15行，行19字""}",,
129,129.jpg,129.jpg,一期,一期,"兵喪師於即墨寡人恥之願先生再㒷師圖齊若
何楽毅曰臣乞兵五十万与石丙請將再圖齊邦
王依奏即點下精兵五十万与楽毅圖齊怎見得
圖齊行逕只見旌旗蔽日刀戟遮天兵及百万將
有千員端的人如鉄鷂子馬賽玉麒麟不旬日早
至臨淄界下寨孫子歸齊國却說孫子在燕國知
元帥敗軍回來孫子遂辭父母歸齊到臨淄城里
話說齊王登殿文武班齊忽有閤門大使奏曰孫
先生自燕歸於本國齊王聞奏大喜即宣孫子至
殿下礼畢請孫子上殿賜綉墩而坐王曰寡人見
卿如困魚得水脫羅網之灾孫子起身謝恩齊王
令排宴管待孫子之次忽有一人报曰燕將楽毅
再領兵過界下寨楽毅再圖齐帝問先生曰燕兵
又至此是若何孫子言曰我王勿憂臣用一計交
燕兵自退衆官看用甚計退燕兵是時王曰和寡
人親征先生曰不須王去王曰卿无兵將少如何
退得燕兵先生曰臣有兵有將交四門立旗孫子
旗立起第二日有人报袁達李牧独孤陳三人領
兵三千人朝現帝礼畢即賜袁達爲飛騎將軍次","兵喪師於即墨寡人恥之願先生再㒷師圖齊若
何楽毅曰臣乞兵五十万与石丙請將再圖齊邦
王依奏即點下精兵五十万与楽毅圖齊怎見得
圖齊行逕只見旌旗蔽日刀戟遮天兵及百万將
有千員端的人如鉄鷂子馬賽玉麒麟不旬日早
至臨淄界下寨孫子歸齊國却說孫子在燕國知
元帥敗軍回來孫子遂辭父母歸齊到臨淄城里
話說齊王登殿文武班齊忽有閤門大使奏曰孫
先生自燕歸於本國齊王聞奏大喜即宣孫子至
殿下礼畢請孫子上殿賜綉墩而坐王曰寡人見
卿如困魚得水脫羅網之灾孫子起身謝恩齊王
令排宴管待孫子之次忽有一人报曰燕將楽毅
再領兵過界下寨楽毅再圖齐帝問先生曰燕兵
又至此是若何孫子言曰我王勿憂臣用一計交
燕兵自退衆官看用甚計退燕兵是時王曰和寡
人親征先生曰不須王去王曰卿无兵將少如何
退得燕兵先生曰臣有兵有將交四門立旗孫子
旗立起第二日有人报袁達李牧独孤陳三人領
兵三千人朝現帝礼畢即賜袁達爲飛騎將軍次",待标注,"{""行款"":""半页19行，行19字""}",,
130,130.jpg,130.jpg,一期,一期,"弟兵雄將勇非為之地看臏一面仁弟肯回兵麽
楽毅哮吼如雷尀耐瘸漢敢發此言喝令刀斧手
下手者石內言不用外人我與你下手輪起石槌
便打孫子子性命如何當有楽毅指住未可看
孫子別有甚是毅又問先生曰待論文待論武會
其本是交我回兵臏曰尓非爲手毅曰我非將手
怕有破綻處麽臏曰你爲百万之師何向此處下
宗毅曰此處何也臏曰豈不看六韜書云凡將士
領兵者擇地下寨其兵怕風穴処下寨其軍怕水
草地下寨其軍怕火草地下寨其軍怕賊楽毅无
言可對孫子曰仁弟我若不存仁義交你百万兵
片甲不回衆將皆驚先生真个強且看楽毅肯休
麼楽毅曰先生何以言之孫子曰臏非爲大言我
觀如下无水唯一河我若兵來其水斷流何柰之
毅曰齊兵我已知其數吾何惧你有甚髙強武藝
交我回兵臏曰若講和不定你敢放我出寨去便
起兵來捉你楽毅哂之石丙大怒用搥打死瘸漢
楽毅指之已在咱計中矣毅曰尔一身在吾計中
不能自保何須説大口也臏曰我單身來講和你","弟兵雄將勇非為之地看臏一面仁弟肯回兵麽
楽毅哮吼如雷尀耐瘸漢敢發此言喝令刀斧手
下手者石內言不用外人我與你下手輪起石槌
便打孫子子性命如何當有楽毅指住未可看
孫子別有甚是毅又問先生曰待論文待論武會
其本是交我回兵臏曰尓非爲手毅曰我非將手
怕有破綻處麽臏曰你爲百万之師何向此處下
宗毅曰此處何也臏曰豈不看六韜書云凡將士
領兵者擇地下寨其兵怕風穴処下寨其軍怕水
草地下寨其軍怕火草地下寨其軍怕賊楽毅无
言可對孫子曰仁弟我若不存仁義交你百万兵
片甲不回衆將皆驚先生真个強且看楽毅肯休
麼楽毅曰先生何以言之孫子曰臏非爲大言我
觀如下无水唯一河我若兵來其水斷流何柰之
毅曰齊兵我已知其數吾何惧你有甚髙強武藝
交我回兵臏曰若講和不定你敢放我出寨去便
起兵來捉你楽毅哂之石丙大怒用搥打死瘸漢
楽毅指之已在咱計中矣毅曰尔一身在吾計中
不能自保何須説大口也臏曰我單身來講和你",待标注,"{""行款"":""半页19行，行19字""}",,
131,131.jpg,131.jpg,一期,一期,"一卷玉石三品爲三卷草一品爲六米木三品爲三卷禽獸爲一卷蟲魚爲一卷果爲一卷米穀爲一卷有名未用爲一卷合
二十卷其十八卷中藥合八百五十種三百六十一種本經一百八十一種別録一百一十五種新附一百九十三種有名未用】
上藥一百二十種爲君王養命以應天無毒多服久
服不傷人欲輕身益氣不老延年者本上經
中藥一百二十種爲臣主養性以應人無毒有毒斟
酌其宜茍遇病補虛羸者本中經
下藥一百二十五種爲僕主治病以應地多毒不可
久服欲除寒熱小氣破積聚愈疾者本下經
三品合三百八十五種法三百六十五度一度應百以
成歲倍其數合七百三十名也【自禹錫等謹按本草例神農本經以朱書名醫
別録以墨書神農本經藥三百六十五種今此書言倍其數合七百三十名是併名醫別録副品而言也則此一節別録之文也當作
墨書矣蓋傳寫漫久朱墨錯亂之所致耳遂令後世覽之者捃摭此類以謂非神農之書乃後人附託之文者率以此故也】
右本說如此今按上品藥生亦皆能遣疾但其勢力
和厚不爲倉卒之效然而歲月常服必獲大益病既
愈矣命亦兼申天道仁育故云應天一百二十種者當
謂寅卯辰巳之月法萬物生榮時也
中品藥性療病之辭漸深輕身之說稍薄於服之者祛
患當速而延齡爲緩人懷性情故云應人一百二十種
者當謂午未申酉之月法萬物成熟時也
下品藥性專主攻撃毒烈之氣傾損中和不可常服
疾愈即止地體收殺故云應地一百二十五種者當謂
戍亥子丑之月法萬物枯藏時也兼以閏之盈數加之
一卷玉石三品爲三卷第一品爲六米木三品爲三卷禽獸爲一卷蟲魚爲一卷果爲一卷米穀爲一卷有名未用爲一卷合八十十一種別録一百一十五種新附一百九十三種有本經一百八十一卷其十八卷中藥合八百五十種三百六十五種本經一百八十種別録一百一十五種新附一百九十三種有本經一百上藥一百二十種爲君王養命以應天無毒多服久服不傷人欲輕身益氣不老延年者本上經中藥一百二十種爲臣主養性以應人無毒有毒斟酌其宜茍遇病補虛羸者本中經下藥一百二十五種爲僕主治病以應地多毒不可久服欲除寒熱小氣破積聚愈疾者本下經三品合三百八十五種法三百六十五度一度應百以成歲倍其數合二百三十名也【自禹錫等諸家本録例神農本經以朱墨書名醫別録別録以墨書神農本經藥三百六十五種今此書言倍其數合七百三十名是併名醫別録副品而言也則此一篇別録之文也當作百】","一卷玉石三品爲三卷草一品爲六米木三品爲三卷禽獸爲一卷蟲魚爲一卷果爲一卷米穀爲一卷有名未用爲一卷合
二十卷其十八卷中藥合八百五十種三百六十一種本經一百八十一種別録一百一十五種新附一百九十三種有名未用】
上藥一百二十種爲君王養命以應天無毒多服久
服不傷人欲輕身益氣不老延年者本上經
中藥一百二十種爲臣主養性以應人無毒有毒斟
酌其宜茍遇病補虛羸者本中經
下藥一百二十五種爲僕主治病以應地多毒不可
久服欲除寒熱小氣破積聚愈疾者本下經
三品合三百八十五種法三百六十五度一度應百以
成歲倍其數合七百三十名也【自禹錫等謹按本草例神農本經以朱書名醫
別録以墨書神農本經藥三百六十五種今此書言倍其數合七百三十名是併名醫別録副品而言也則此一節別録之文也當作
墨書矣蓋傳寫漫久朱墨錯亂之所致耳遂令後世覽之者捃摭此類以謂非神農之書乃後人附託之文者率以此故也】
右本說如此今按上品藥生亦皆能遣疾但其勢力
和厚不爲倉卒之效然而歲月常服必獲大益病既
愈矣命亦兼申天道仁育故云應天一百二十種者當
謂寅卯辰巳之月法萬物生榮時也
中品藥性療病之辭漸深輕身之說稍薄於服之者祛
患當速而延齡爲緩人懷性情故云應人一百二十種
者當謂午未申酉之月法萬物成熟時也
下品藥性專主攻撃毒烈之氣傾損中和不可常服
疾愈即止地體收殺故云應地一百二十五種者當謂
戍亥子丑之月法萬物枯藏時也兼以閏之盈數加之
一卷玉石三品爲三卷第一品爲六米木三品爲三卷禽獸爲一卷蟲魚爲一卷果爲一卷米穀爲一卷有名未用爲一卷合八十十一種別録一百一十五種新附一百九十三種有本經一百八十一卷其十八卷中藥合八百五十種三百六十五種本經一百八十種別録一百一十五種新附一百九十三種有本經一百上藥一百二十種爲君王養命以應天無毒多服久服不傷人欲輕身益氣不老延年者本上經中藥一百二十種爲臣主養性以應人無毒有毒斟酌其宜茍遇病補虛羸者本中經下藥一百二十五種爲僕主治病以應地多毒不可久服欲除寒熱小氣破積聚愈疾者本下經三品合三百八十五種法三百六十五度一度應百以成歲倍其數合二百三十名也【自禹錫等諸家本録例神農本經以朱墨書名醫別録別録以墨書神農本經藥三百六十五種今此書言倍其數合七百三十名是併名醫別録副品而言也則此一篇別録之文也當作百】",待标注,"{""行款"":""半页12行，行21字""}",,
132,132.jpg,132.jpg,一期,一期,"和視之】
右本說如此今按其主療雖同而性理不和更以成患
今檢舊方用藥亦有相惡相反者服之乃不爲害或能
有制持之者猶如寇賈輔漢程周佐呉大體既正不
得以私情爲害雖爾恐不如不用今仙方甘草丸有防
已細辛俗方玉石散用栝樓乾薑略舉大體如此其餘
復有數十條別注在後半夏有毒用之必須生薑此是
取其所畏以相制爾其相須相使者不必同類猶如和
羹調食魚肉葱豉各有所宜共相宣發也
藥有酸鹹甘苦辛五味又有寒熱溫涼四氣及有毒
無毒隂乾暴乾採造時月生熟土地所出真僞陳
新並各有法
右本說如此又有分劑秤兩輕重多少皆須甄別若用
得其宜與病相會入口必愈身安壽延若冷熱乖衷
真假非類分兩違舛湯丸失度當差反劇以至殞命醫
者意也古之所謂良醫者蓋善以意量得其節也諺云
俗無良醫枉死者半拙醫療病不如不療喻如宰夫以
鱓【音善】鼈為蓴羹食之更足病豈充飢之可望乎故
仲景云如此死者愚醫殺之也
藥性有宜丸者宜散者宜水煮者宜酒漬者宜膏煎者
亦有一物兼宜者亦有不可入湯酒者並隨藥性不得
違越","和視之】
右本說如此今按其主療雖同而性理不和更以成患
今檢舊方用藥亦有相惡相反者服之乃不爲害或能
有制持之者猶如寇賈輔漢程周佐呉大體既正不
得以私情爲害雖爾恐不如不用今仙方甘草丸有防
已細辛俗方玉石散用栝樓乾薑略舉大體如此其餘
復有數十條別注在後半夏有毒用之必須生薑此是
取其所畏以相制爾其相須相使者不必同類猶如和
羹調食魚肉葱豉各有所宜共相宣發也
藥有酸鹹甘苦辛五味又有寒熱溫涼四氣及有毒
無毒隂乾暴乾採造時月生熟土地所出真僞陳
新並各有法
右本說如此又有分劑秤兩輕重多少皆須甄別若用
得其宜與病相會入口必愈身安壽延若冷熱乖衷
真假非類分兩違舛湯丸失度當差反劇以至殞命醫
者意也古之所謂良醫者蓋善以意量得其節也諺云
俗無良醫枉死者半拙醫療病不如不療喻如宰夫以
鱓【音善】鼈為蓴羹食之更足病豈充飢之可望乎故
仲景云如此死者愚醫殺之也
藥性有宜丸者宜散者宜水煮者宜酒漬者宜膏煎者
亦有一物兼宜者亦有不可入湯酒者並隨藥性不得
違越",待标注,"{""行款"":""半页9行，行21字""}",,
133,133.jpg,133.jpg,一期,一期,"病在胷膈以上者先食後服藥病在心腹以下者先
服藥而後食病在四肢血脈者且空腹而在旦病在
骨髓者宜飽滿而在夜
右本說如此按其非但藥性之多方其節適早晩復須
條理今方家所云先食後食蓋此義也又有須酒服
者飲服者吟服者煖服者服湯則有踈有數煑湯則
有生有熟各有法用並宜審詳爾
夫大病之主有中風傷寒熱温瘧中惡霍亂大腹
水腫腸澼下痢大小便不通賁㹠上氣欬逆嘔吐黃
疸消渴留飲癖食堅積癥瘕驚邪癲癇鬼疰喉痺
齒痛耳龍目盲金瘡踒【鳥臥切】折癰腫惡瘡痔瘻
癭瘤男子五勞七傷虛之羸弱女子帶下崩中血閉
陰蝕蟲蛇蠱毒所傷此大略宗兆其閒變動枝葉
各宜依端緒以取之
右本說如此按今藥之所主止說病之一名假令中風
乃有數十種傷寒證候亦有二十餘條更復就中求
其類例大體歸其始終以本性爲根宗然後配合證
以合藥爾病之變狀不可一槩言之所以醫方千卷猶
未盡其理春秋已前及和緩之書蔑聞而道經略載扁
鵲數法其用藥猶是本草家意至漢淳于意及華佗
等方今時有存者亦皆條理藥性惟張仲景一部最爲
衆方之祖又悉依本草但其善診脈明氣候以意消","病在胷膈以上者先食後服藥病在心腹以下者先
服藥而後食病在四肢血脈者且空腹而在旦病在
骨髓者宜飽滿而在夜
右本說如此按其非但藥性之多方其節適早晩復須
條理今方家所云先食後食蓋此義也又有須酒服
者飲服者吟服者煖服者服湯則有踈有數煑湯則
有生有熟各有法用並宜審詳爾
夫大病之主有中風傷寒熱温瘧中惡霍亂大腹
水腫腸澼下痢大小便不通賁㹠上氣欬逆嘔吐黃
疸消渴留飲癖食堅積癥瘕驚邪癲癇鬼疰喉痺
齒痛耳龍目盲金瘡踒【鳥臥切】折癰腫惡瘡痔瘻
癭瘤男子五勞七傷虛之羸弱女子帶下崩中血閉
陰蝕蟲蛇蠱毒所傷此大略宗兆其閒變動枝葉
各宜依端緒以取之
右本說如此按今藥之所主止說病之一名假令中風
乃有數十種傷寒證候亦有二十餘條更復就中求
其類例大體歸其始終以本性爲根宗然後配合證
以合藥爾病之變狀不可一槩言之所以醫方千卷猶
未盡其理春秋已前及和緩之書蔑聞而道經略載扁
鵲數法其用藥猶是本草家意至漢淳于意及華佗
等方今時有存者亦皆條理藥性惟張仲景一部最爲
衆方之祖又悉依本草但其善診脈明氣候以意消",待标注,"{""行款"":""半页10行，行20字""}",,
134,134.jpg,134.jpg,一期,一期,"藥類違僻分兩參差亦不以爲疑脫或偶爾值差則自
信方驗若旬月未瘳則言病源深結了不反求諸已詳
思得失虛構聲稱多納金帛非惟在顯宜責固將居幽
貽譴矣其五經四部軍國禮服若詳用乖越者猶可矣
止於事迹非宜爾至於湯藥一物有謬便性命及之千
乗之君百金之長何不深思戒慎邪昔許太子侍藥不
甞招拭君之惡季孫餽藥仲尼有未逹之辭知其藥性
之不可輕信也晉時有一才人欲刋正周易及諸藥方先
與祖訥共論祖云辨釋經典縱有異同不足以傷風教
至於湯藥小小不逹便致壽夭所由則後人受弊不少
何可輕以裁斷祖之此言可爲仁識足爲龜鏡矣按
論語云人而無恆不可以作巫醫明此二法不可以權飾
妄造所以醫不三世不服其藥九折臂者成良醫蓋
謂學功須深故也復患今之承藉者多恃衒名價亦不
能精心研習實爲可惜虛傳聲美聞風競徃自有新學
該明而名稱未播貴勝以爲始習多不信用委命虛名
諒可惜也京邑諸人皆尚聲譽不取實事余祖世已來
務敦方藥本有范汪方一部斟酌詳用多獲其效內護
家門傍及親族其有虛心告請者不限貴賤皆摩踵救
之凡所救活數百千人自余投纓宅嶺猶不忘此日夜
翫味常覺欣欣今亦撰方三卷并效驗方五卷又補葛
氏肘後方三卷蓋欲承嗣善業令諸子妷不敢失墜","藥類違僻分兩參差亦不以爲疑脫或偶爾值差則自
信方驗若旬月未瘳則言病源深結了不反求諸已詳
思得失虛構聲稱多納金帛非惟在顯宜責固將居幽
貽譴矣其五經四部軍國禮服若詳用乖越者猶可矣
止於事迹非宜爾至於湯藥一物有謬便性命及之千
乗之君百金之長何不深思戒慎邪昔許太子侍藥不
甞招拭君之惡季孫餽藥仲尼有未逹之辭知其藥性
之不可輕信也晉時有一才人欲刋正周易及諸藥方先
與祖訥共論祖云辨釋經典縱有異同不足以傷風教
至於湯藥小小不逹便致壽夭所由則後人受弊不少
何可輕以裁斷祖之此言可爲仁識足爲龜鏡矣按
論語云人而無恆不可以作巫醫明此二法不可以權飾
妄造所以醫不三世不服其藥九折臂者成良醫蓋
謂學功須深故也復患今之承藉者多恃衒名價亦不
能精心研習實爲可惜虛傳聲美聞風競徃自有新學
該明而名稱未播貴勝以爲始習多不信用委命虛名
諒可惜也京邑諸人皆尚聲譽不取實事余祖世已來
務敦方藥本有范汪方一部斟酌詳用多獲其效內護
家門傍及親族其有虛心告請者不限貴賤皆摩踵救
之凡所救活數百千人自余投纓宅嶺猶不忘此日夜
翫味常覺欣欣今亦撰方三卷并效驗方五卷又補葛
氏肘後方三卷蓋欲承嗣善業令諸子妷不敢失墜",待标注,"{""行款"":""半页11行，行21字""}",,
135,135.jpg,135.jpg,一期,一期,"凡採藥時月皆是建寅嵗首則從漢太初後所記也
其根物多以二月八月採者謂春初津潤始萌未衝
枝葉勢力淳濃故也至秋枝葉乾枯津潤歸流於下
今即事驗之春寧宜早秋寧宜晚華實莖葉乃各
隨其成熟爾嵗月亦有早晏不必都依本文也經說隂
乾者謂就六甲隂中乾之又依遁甲法甲子旬隂中在
癸酉以藥著酉地也實謂不必然正是不露曰暴於
隂影處乾之爾所以亦有云暴乾故也若幸可兩用
益當爲善【今按本草採藥隂乾者皆多惡至如鹿茸經稱隂乾皆悉爛令壞今火乾易得且良草木根苗
隂之皆惡九月已前採者悉宜日乾十月已後採者陰乾乃好】古秤惟有銖兩而無分名
今則以十黍爲一銖六銖爲一分四分成一兩十六兩
爲一斤雖有子穀秬黍之制從米均之已久正爾依此
用之【目禹錫等謹按唐本又云古但古秤皆複今南秤是也晉秤始後漢末已來分一斤爲二斤一兩爲二兩耳金銀
絲綿並與藥同無輕重矣方唯有仲景而已涉今秤若用古秤作湯則水爲殊小故知非複秤悉用今者耳】今方家所
云等分者非分兩之分謂諸藥斤兩多少皆同爾先視
病之大小輕重所須乃以意裁之凡此之類皆是丸散
丸散竟依節度用之湯酒之中無等分也
凡散藥有云刀圭者十分方寸匕之一准如梧桐子大
也方寸匕者作匕正方一寸抄散取不落爲度錢五匕
者今五銖錢邊五字者以抄之亦令不落爲度一撮者
四刀圭也十撮爲一勺十勺爲一合以藥升分之者謂
藥有虛實輕重不得用斤兩則以升平之藥外方作上","凡採藥時月皆是建寅嵗首則從漢太初後所記也
其根物多以二月八月採者謂春初津潤始萌未衝
枝葉勢力淳濃故也至秋枝葉乾枯津潤歸流於下
今即事驗之春寧宜早秋寧宜晚華實莖葉乃各
隨其成熟爾嵗月亦有早晏不必都依本文也經說隂
乾者謂就六甲隂中乾之又依遁甲法甲子旬隂中在
癸酉以藥著酉地也實謂不必然正是不露曰暴於
隂影處乾之爾所以亦有云暴乾故也若幸可兩用
益當爲善【今按本草採藥隂乾者皆多惡至如鹿茸經稱隂乾皆悉爛令壞今火乾易得且良草木根苗
隂之皆惡九月已前採者悉宜日乾十月已後採者陰乾乃好】古秤惟有銖兩而無分名
今則以十黍爲一銖六銖爲一分四分成一兩十六兩
爲一斤雖有子穀秬黍之制從米均之已久正爾依此
用之【目禹錫等謹按唐本又云古但古秤皆複今南秤是也晉秤始後漢末已來分一斤爲二斤一兩爲二兩耳金銀
絲綿並與藥同無輕重矣方唯有仲景而已涉今秤若用古秤作湯則水爲殊小故知非複秤悉用今者耳】今方家所
云等分者非分兩之分謂諸藥斤兩多少皆同爾先視
病之大小輕重所須乃以意裁之凡此之類皆是丸散
丸散竟依節度用之湯酒之中無等分也
凡散藥有云刀圭者十分方寸匕之一准如梧桐子大
也方寸匕者作匕正方一寸抄散取不落爲度錢五匕
者今五銖錢邊五字者以抄之亦令不落爲度一撮者
四刀圭也十撮爲一勺十勺爲一合以藥升分之者謂
藥有虛實輕重不得用斤兩則以升平之藥外方作上",待标注,"{""行款"":""半页11行，行21字""}",,
136,136.jpg,136.jpg,一期,一期,"嘑疲牛苦鞭箠紞如五更皷相慶得戾止歸來幸無恙喘汗正如洗何以
慰此勞村醅正浮蟻
出入達嶺
山險略已出彌望盡荒坡風土日已殊氣象微沙陁我老倦行役驅車此
經過時節知春已夏土寒地無禾行路不肯留奈此居人何作詩無佳語以
代勞者歌
隰川
隰川來西州數郡被其利刺陵放而南奔駛不可制兹焉幸不幸長策未
容議且復觀其瀾雄豪快人意
上谷
磨笄聳然來隰水洶而去山川俯城郭藩翰車幾輔桑麻數百里煙火幾
萬戸長橋龍偃蹇飛閣鳳騰翥傳聞山西地出入此其路源源百皆積井
井三壞賊葡萄秋倒架芍藥春滿樹盤躃多布韋嬋娟半娥素永懐小靖
節厚德皆忠恕至今受一廛如昔歌五袴傷心隔生死知已今有數歸日
當驅車生芻奠其墓
蔡有鄰碑
我為山西行叱馭過近縣傳聞有鄰石刻古今冠風流書以來妙絕隸之
變銀鉤鸞鳳舞鐵書蛟龍纏憑誰致墨本故舊詫珍獻正恐賦分薄一夕
碎雷電平生六一老集古藏千卷惜此方殊鄰公平未之見
車轣轆
馬虺隤牛觳觫山行縈紆車轣轆路傍指點是官人老矣一翁雙鬢禿汝
牛幸可耕汝馬幸可騎有此可載琴書歸胡為奔走東西道白髮刀驂被人笑
沙漫漫
沙漫漫草班班南山比山相對看我行乃在山之間行人仰不見飛鳥樹
木足知邊塞少沙漫漫草班班我行欲趂西風還僕夫汝莫愁衣單我但
著衣思汝寒
摧車行
渾河洶湧從西來黃流正觸山之崖山崖路窄僅容過小誤往往車輪摧
車摧料理動半日後人欲過何艱澁深山日暮人已稀食物有錢無處覔
伺時真宰遺六丁鏟此疊嶂如掌平幢幢車馬山西路萬古行人易來去","嘑疲牛苦鞭箠紞如五更皷相慶得戾止歸來幸無恙喘汗正如洗何以
慰此勞村醅正浮蟻
出入達嶺
山險略已出彌望盡荒坡風土日已殊氣象微沙陁我老倦行役驅車此
經過時節知春已夏土寒地無禾行路不肯留奈此居人何作詩無佳語以
代勞者歌
隰川
隰川來西州數郡被其利刺陵放而南奔駛不可制兹焉幸不幸長策未
容議且復觀其瀾雄豪快人意
上谷
磨笄聳然來隰水洶而去山川俯城郭藩翰車幾輔桑麻數百里煙火幾
萬戸長橋龍偃蹇飛閣鳳騰翥傳聞山西地出入此其路源源百皆積井
井三壞賊葡萄秋倒架芍藥春滿樹盤躃多布韋嬋娟半娥素永懐小靖
節厚德皆忠恕至今受一廛如昔歌五袴傷心隔生死知已今有數歸日
當驅車生芻奠其墓
蔡有鄰碑
我為山西行叱馭過近縣傳聞有鄰石刻古今冠風流書以來妙絕隸之
變銀鉤鸞鳳舞鐵書蛟龍纏憑誰致墨本故舊詫珍獻正恐賦分薄一夕
碎雷電平生六一老集古藏千卷惜此方殊鄰公平未之見
車轣轆
馬虺隤牛觳觫山行縈紆車轣轆路傍指點是官人老矣一翁雙鬢禿汝
牛幸可耕汝馬幸可騎有此可載琴書歸胡為奔走東西道白髮刀驂被人笑
沙漫漫
沙漫漫草班班南山比山相對看我行乃在山之間行人仰不見飛鳥樹
木足知邊塞少沙漫漫草班班我行欲趂西風還僕夫汝莫愁衣單我但
著衣思汝寒
摧車行
渾河洶湧從西來黃流正觸山之崖山崖路窄僅容過小誤往往車輪摧
車摧料理動半日後人欲過何艱澁深山日暮人已稀食物有錢無處覔
伺時真宰遺六丁鏟此疊嶂如掌平幢幢車馬山西路萬古行人易來去",待标注,"{""行款"":""半页9行，行28字""}",,
137,137.jpg,137.jpg,一期,一期,"花木隂隂一畝宮平生髙興與誰同卑里北海無虛日鄉里東家有故風
先業固知衣缽正大門何惜橐奩空襄陽耆舊今誰識尚書尚喜風流見阿戎
次韻酈元與婚于元直道舊
人物傷心萬馬空于今聲價欻然東教條不獨行千里壽策曽經奉一戎
事契百年知有自笑談三語記無同白頭頼有髯叅在解說當時喜怒公
倦游方嘆錦囊空此道誰知一夕東客家裏簿書慚老子詩中旗鼓避元戎
叩門莫厭經過數促席聊容語笑同此樂祗憂兒輩覺不應品藻待渠公
彦美生朝
壯日里閭俠臂彎雙角用弓繡韉金匼匝貂袖紫蒙茸雲態自蒼狗玉輝猶
白虹爲君占壽骨詩句有清風
張萱戲嬰圖
犀顱玉頰寧聲子霧鬢雲鬟窈窕娘三十年前大門口憶觀群戲碧芳床
河橋
桃李香中八九家青旗髙佳綠楊斜晚來風色渡頭頭急備地蕭蕭楊白花
昌邑道中","花木隂隂一畝宮平生髙興與誰同卑里北海無虛日鄉里東家有故風
先業固知衣缽正大門何惜橐奩空襄陽耆舊今誰識尚書尚喜風流見阿戎
次韻酈元與婚于元直道舊
人物傷心萬馬空于今聲價欻然東教條不獨行千里壽策曽經奉一戎
事契百年知有自笑談三語記無同白頭頼有髯叅在解說當時喜怒公
倦游方嘆錦囊空此道誰知一夕東客家裏簿書慚老子詩中旗鼓避元戎
叩門莫厭經過數促席聊容語笑同此樂祗憂兒輩覺不應品藻待渠公
彦美生朝
壯日里閭俠臂彎雙角用弓繡韉金匼匝貂袖紫蒙茸雲態自蒼狗玉輝猶
白虹爲君占壽骨詩句有清風
張萱戲嬰圖
犀顱玉頰寧聲子霧鬢雲鬟窈窕娘三十年前大門口憶觀群戲碧芳床
河橋
桃李香中八九家青旗髙佳綠楊斜晚來風色渡頭頭急備地蕭蕭楊白花
昌邑道中",待标注,"{""行款"":""半页9行，行28字""}",,
138,138.jpg,138.jpg,一期,一期,"春回太液花如繡花底輕風扶翠袖君恩不許作飛仙襞積宮裙留淺皺
君王貪宴溫柔鄉未門不省搖蒼瑯避風臺成略今古空使遺妒驚霓裳
當年傾城復傾國誰寫餘妍入丹碧背燈擁髻一潸然不應尚有樊通德
村齋遺事
人生天地真蘧廬外物擾擾吾何須與其羈馬齊轅駒豈若飲#隨駘駑
不知掉尾忘江湖呴呴濡沫胡爲乎誰念挾巻矜村墟磨丹點黝圍樵蘓
申鞭示箠嚴範模銓模矍如狙翁調衆狙爾雅細碎編蟲魚辭嚴義宻字見踈
烘齋睥睨音語麤諷誦誰敢忘須臾萬中有一差鎻銖吚啞坐使爲呻呼
咄哉倡言口囁嚅等爲兒戱夫何殊霜風入戶寒割膚生薪槎茅供燎爐
漫漫濕煙迷四隅白鶴日見黔如烏此閒繳藥能何如其誰相與歌歸歟
技籠嗟我自摯拘垂翅更待窮年徂
和張德遠代招之仕
社擽賦散材乃遭匠石嗤髙梧中宮徵不能保孫枝全傷隨用否理固不
可移堂堂十八公端勁出天姿蟠根借餘潤茂鬱清溪湄雨師夜失律偶
此遺神螭煙鱗清寒雨霧鬰明朝曦騰拏困愈壯偃蹇僵不疲未能走沆","春回太液花如繡花底輕風扶翠袖君恩不許作飛仙襞積宮裙留淺皺
君王貪宴溫柔鄉未門不省搖蒼瑯避風臺成略今古空使遺妒驚霓裳
當年傾城復傾國誰寫餘妍入丹碧背燈擁髻一潸然不應尚有樊通德
村齋遺事
人生天地真蘧廬外物擾擾吾何須與其羈馬齊轅駒豈若飲#隨駘駑
不知掉尾忘江湖呴呴濡沫胡爲乎誰念挾巻矜村墟磨丹點黝圍樵蘓
申鞭示箠嚴範模銓模矍如狙翁調衆狙爾雅細碎編蟲魚辭嚴義宻字見踈
烘齋睥睨音語麤諷誦誰敢忘須臾萬中有一差鎻銖吚啞坐使爲呻呼
咄哉倡言口囁嚅等爲兒戱夫何殊霜風入戶寒割膚生薪槎茅供燎爐
漫漫濕煙迷四隅白鶴日見黔如烏此閒繳藥能何如其誰相與歌歸歟
技籠嗟我自摯拘垂翅更待窮年徂
和張德遠代招之仕
社擽賦散材乃遭匠石嗤髙梧中宮徵不能保孫枝全傷隨用否理固不
可移堂堂十八公端勁出天姿蟠根借餘潤茂鬱清溪湄雨師夜失律偶
此遺神螭煙鱗清寒雨霧鬰明朝曦騰拏困愈壯偃蹇僵不疲未能走沆",待标注,"{""行款"":""半页12行，行28字""}",,
139,139.jpg,139.jpg,一期,一期,"正蒲連雲閣
題春雲出谷圖
春雲乍出山有無春雲已去春山孤山光空濛不可寫正要雲氣相縈紆
山吞雲吐變明晦半與嵓谷生朝脯輕林蕭蕭暗溪持餘影漠漠開樵居
舟人艤掉並沙尾坐看縹緲揺空虛巧分天趣出畫外韻逺不與丹青俱
今人重古不知畫但愛屋漏煙煤汗惜哉東坡不及見此本詩中獨有疊
嶂煙江國【輕林蕭又一作輕隂霏又】
新泰縣環翠亭
官君坐官府不見青山青閑來亭上看青山逺重城左見青山縱右見青山
橫具敖浮虛碧崢嶸群峰連娟相繚縈緜縣庭無事苔鮮生獨携珎琴寫溪
聲琴聲鏘鏘激虛亭罷琴舉酒招山英山英莫相嘲我雖朝市如林埛客
有山中來聞說令尹清山英異時合有情周遮不放公馬行　　　　
喜雨
山雲駛如驅山雨沛如傾幽人夢初醒臥聽簷溜聲雷霆怒相搏似抎隂陽
爭蛟龍久何蟠始此幽熱蟄驚餘花曉猶落竟日方破晴明朝東皋望照眼","正蒲連雲閣
題春雲出谷圖
春雲乍出山有無春雲已去春山孤山光空濛不可寫正要雲氣相縈紆
山吞雲吐變明晦半與嵓谷生朝脯輕林蕭蕭暗溪持餘影漠漠開樵居
舟人艤掉並沙尾坐看縹緲揺空虛巧分天趣出畫外韻逺不與丹青俱
今人重古不知畫但愛屋漏煙煤汗惜哉東坡不及見此本詩中獨有疊
嶂煙江國【輕林蕭又一作輕隂霏又】
新泰縣環翠亭
官君坐官府不見青山青閑來亭上看青山逺重城左見青山縱右見青山
橫具敖浮虛碧崢嶸群峰連娟相繚縈緜縣庭無事苔鮮生獨携珎琴寫溪
聲琴聲鏘鏘激虛亭罷琴舉酒招山英山英莫相嘲我雖朝市如林埛客
有山中來聞說令尹清山英異時合有情周遮不放公馬行　　　　
喜雨
山雲駛如驅山雨沛如傾幽人夢初醒臥聽簷溜聲雷霆怒相搏似抎隂陽
爭蛟龍久何蟠始此幽熱蟄驚餘花曉猶落竟日方破晴明朝東皋望照眼",待标注,"{""行款"":""半页10行，行28字""}",,
140,140.jpg,140.jpg,一期,一期,"途中【壬辰正月】
平明發郊壖獨步蹌躞蹀引領發前程日出煙未滅林迥鳥始喧麥短牛
已嚙春陽氣未壯道左尚殘雪長風拂歸袂凜欲變冬刻指凍僵不拳膠
凝仍欲折而我竟何事犯此寒正切脩途去未幾行意先已奈安得兩翼
生髙飛度林樾
徐茂宗蝸舎
萬生擾擾安其安覺鳩不羨鵬飛搏端知扶搖上九萬無異跳躍蓬蒿間
是身江海一漂粟身外紛然皆外物一㕓儻可容所寓何用渠渠作髙屋
知君從道由心成昔焉志俗今志形物來弭角不知競鑣蠻血戰良虛名
我夢敲門訪君舍舍小不容相對話覺來驚見壁間蝸俯仰人間真物化
壬辰二月六日夜夢作一絶句其詞曰矯冗連天花春風動光
華人眠不知眠我佩绛紅霞夢中自以爲竒絶覺而思之不能
自曉故作是詩以紀之
夢中作詩真何詩夢中自謂清旦竒覺來反覆深諷味字偏句異誠難知
豈非夢語乎直語無乃造物爲子嬉君不見莊周古達士栩栩尚作蝴蝶
飛我生開眼尚如此況在合眼夫何疑
黃華王先生庭筠
庭筠字端熊岳人父遵古字仲元正隆五年進士仕爲翰林直學士才
行兼備道陵所謂昔人君子者也子端早有重名大定十六年甲科文
采風流照映一時歷州縣用薦者供奉翰林承安中為言事者所累謫鄭
州幕官未幾復應奉梢遷修撰卒官年四十七子端詩文有師法尚出時
軰之右字畫學米元章其得意處頗能似之墨竹殆天機所到又湖州已
下不論也平生愛大平黃華山水居相十年自號黃華山主有集傳于
世其殁也道陵有詩悼之其引云王遵古朕之故人也乃子庭筠復以
才選直禁林者首尾十年今茲云亡玉堂東觀中無復斯人矣其家以遺
文來上尋繹之乆良用愴然詩不録屏山故人外傳云子端出家子風流
藴藉冠冕一時爲人眉目如畫羙談笑俯仰可觀外視若簡貴人初不敢
與接一見之後和氣津津溢於衡宇間又其折節下士如恐不及茍有可
取極口稱道之故人人恨相見之晚也子萬慶子禧伯詩筆字畫俱有父
風仕爲行尚書省左右司郎中猶子明伯幼嵗學書書家即稱賞之倜儻","途中【壬辰正月】
平明發郊壖獨步蹌躞蹀引領發前程日出煙未滅林迥鳥始喧麥短牛
已嚙春陽氣未壯道左尚殘雪長風拂歸袂凜欲變冬刻指凍僵不拳膠
凝仍欲折而我竟何事犯此寒正切脩途去未幾行意先已奈安得兩翼
生髙飛度林樾
徐茂宗蝸舎
萬生擾擾安其安覺鳩不羨鵬飛搏端知扶搖上九萬無異跳躍蓬蒿間
是身江海一漂粟身外紛然皆外物一㕓儻可容所寓何用渠渠作髙屋
知君從道由心成昔焉志俗今志形物來弭角不知競鑣蠻血戰良虛名
我夢敲門訪君舍舍小不容相對話覺來驚見壁間蝸俯仰人間真物化
壬辰二月六日夜夢作一絶句其詞曰矯冗連天花春風動光
華人眠不知眠我佩绛紅霞夢中自以爲竒絶覺而思之不能
自曉故作是詩以紀之
夢中作詩真何詩夢中自謂清旦竒覺來反覆深諷味字偏句異誠難知
豈非夢語乎直語無乃造物爲子嬉君不見莊周古達士栩栩尚作蝴蝶
飛我生開眼尚如此況在合眼夫何疑
黃華王先生庭筠
庭筠字端熊岳人父遵古字仲元正隆五年進士仕爲翰林直學士才
行兼備道陵所謂昔人君子者也子端早有重名大定十六年甲科文
采風流照映一時歷州縣用薦者供奉翰林承安中為言事者所累謫鄭
州幕官未幾復應奉梢遷修撰卒官年四十七子端詩文有師法尚出時
軰之右字畫學米元章其得意處頗能似之墨竹殆天機所到又湖州已
下不論也平生愛大平黃華山水居相十年自號黃華山主有集傳于
世其殁也道陵有詩悼之其引云王遵古朕之故人也乃子庭筠復以
才選直禁林者首尾十年今茲云亡玉堂東觀中無復斯人矣其家以遺
文來上尋繹之乆良用愴然詩不録屏山故人外傳云子端出家子風流
藴藉冠冕一時爲人眉目如畫羙談笑俯仰可觀外視若簡貴人初不敢
與接一見之後和氣津津溢於衡宇間又其折節下士如恐不及茍有可
取極口稱道之故人人恨相見之晚也子萬慶子禧伯詩筆字畫俱有父
風仕爲行尚書省左右司郎中猶子明伯幼嵗學書書家即稱賞之倜儻",待标注,"{""行款"":""半页12行，行28字""}",,
141,141.jpg,141.jpg,一期,一期,"大夫【臣】劉【三吾等謹上】
孟子卷之一
梁惠王章句
梁惠王曰寡人之於國也盡心焉耳矣河
內凶則移其民於河東移其粟於河內河
東凶亦然察鄰國之政無如寡人之用心
者鄰國之民不加少寡人之民不加多何
也孟子對曰王好戰請以戰喻墳然鼔之
兵刃既接棄甲曳兵而走或百步而後止","大夫【臣】劉【三吾等謹上】
孟子卷之一
梁惠王章句
梁惠王曰寡人之於國也盡心焉耳矣河
內凶則移其民於河東移其粟於河內河
東凶亦然察鄰國之政無如寡人之用心
者鄰國之民不加少寡人之民不加多何
也孟子對曰王好戰請以戰喻墳然鼔之
兵刃既接棄甲曳兵而走或百步而後止",待标注,"{""行款"":""半页7行，行16字""}",,
142,142.jpg,142.jpg,一期,一期,"商自此賤丈夫始矣○孟子去齊居休公
孫丑問曰仕而不受祿古之道乎曰非也
於崇吾得見王退而有去志不欲變故不
受也繼而有師命不可以請乆於齊非我
志也
孟子卷之三
縢文公章句【凡八章】
滕文公爲丗子將之楚過宋而見孟子孟
子道性善言必稱堯舜丗子自楚反復見
孟子孟子曰丗子疑吾言乎夫道一而已
矣成覸謂齊景公曰彼丈夫也哉丈夫也
吾何畏彼哉顔淵曰舜何人也予何人也
有爲者亦若是公明儀曰文王我師也周","商自此賤丈夫始矣○孟子去齊居休公
孫丑問曰仕而不受祿古之道乎曰非也
於崇吾得見王退而有去志不欲變故不
受也繼而有師命不可以請乆於齊非我
志也
孟子卷之三
縢文公章句【凡八章】
滕文公爲丗子將之楚過宋而見孟子孟
子道性善言必稱堯舜丗子自楚反復見
孟子孟子曰丗子疑吾言乎夫道一而已
矣成覸謂齊景公曰彼丈夫也哉丈夫也
吾何畏彼哉顔淵曰舜何人也予何人也
有爲者亦若是公明儀曰文王我師也周",待标注,"{""行款"":""半页11行，行16字""}",,
143,143.jpg,143.jpg,一期,一期,"罪我者其惟春秋乎聖王不作諸侯放恣
處士橫議楊朱墨翟之言盈天下天下之
言不歸楊則歸墨楊氏爲我是無君也墨
氏兼愛是無父也無父無君是禽獸也公
明儀曰庖有肥肉廐有肥馬民有飢色野
有餓莩此率禽獸而食人也楊墨之道不
息孔子之道不著是邪說誣民充塞仁義
也仁義充塞則率獸食人人將相食吾爲
此懼閑先聖之道距楊墨放滛辭邪說者
不得作作於其心害於其事作於其事害
於其政聖人復起不易吾言矣昔者禹抑
洪水而天下平周公兼夷狄驅猛獸而百
姓寧孔子成春秋而亂臣賊子懼詩云戎
狄是膺荊舒是懲則莫我敢承無父無君
是周公所膺也我亦欲正人心息邪說距
詖行放滛辭以承三聖者豈好辯哉予不","罪我者其惟春秋乎聖王不作諸侯放恣
處士橫議楊朱墨翟之言盈天下天下之
言不歸楊則歸墨楊氏爲我是無君也墨
氏兼愛是無父也無父無君是禽獸也公
明儀曰庖有肥肉廐有肥馬民有飢色野
有餓莩此率禽獸而食人也楊墨之道不
息孔子之道不著是邪說誣民充塞仁義
也仁義充塞則率獸食人人將相食吾爲
此懼閑先聖之道距楊墨放滛辭邪說者
不得作作於其心害於其事作於其事害
於其政聖人復起不易吾言矣昔者禹抑
洪水而天下平周公兼夷狄驅猛獸而百
姓寧孔子成春秋而亂臣賊子懼詩云戎
狄是膺荊舒是懲則莫我敢承無父無君
是周公所膺也我亦欲正人心息邪說距
詖行放滛辭以承三聖者豈好辯哉予不",待标注,"{""行款"":""半页16行，行16字""}",,
144,144.jpg,144.jpg,一期,一期,"里至南京二千二百六十里【東至河南彰徳府林縣界百七十里西至平陽府岳陽縣
界百五十里南至澤州高平縣界七十五里北至遼州界二百里】長子縣【在州城西南十里本周史辛
甲所封之地左傳晉人執衞行人石買於長子即此漢置長子縣魏晉因之後魏分置樂陽縣比齊二縣俱廢隋初
置冀氏縣後復爲長子縣唐宋及國朝皆因之】屯留縣【在州城西北五十五里本春秋晉餘吾邑漢爲
純留縣北齊廢隋復置唐自霍壁秦移今所後避憲宗諱改屯留宋因之元初併入襄垣縣秦復置國朝因之】襄
垣縣【在州城北九十里本晉地秦始置襄垣縣以趙襄子所築故名後魏兼置襄垣郡北齊郡廢唐初隸韓州
後隸潞州宋元及國朝皆因之】潞城縣【在州城東北四十里本春秋潞子國兩漢爲潞縣後魏改刈陵
縣隋始改潞城縣唐改為潞子縣後復曰潞城宋元及國朝皆因之】壺關縣【在州城東二十五里本黎
國地漢始置壺關縣以山名後魏移於潁陽岡隋省入上黨縣唐復置於髙望堡既而移治進流川即今縣也宋元
及國朝皆因之】黎城縣【在州東北百十里古黎侯國漢維潞縣地後魏為刈陵縣地隋始置黎城縣宋
","里至南京二千二百六十里【東至河南彰徳府林縣界百七十里西至平陽府岳陽縣
界百五十里南至澤州高平縣界七十五里北至遼州界二百里】長子縣【在州城西南十里本周史辛
甲所封之地左傳晉人執衞行人石買於長子即此漢置長子縣魏晉因之後魏分置樂陽縣比齊二縣俱廢隋初
置冀氏縣後復爲長子縣唐宋及國朝皆因之】屯留縣【在州城西北五十五里本春秋晉餘吾邑漢爲
純留縣北齊廢隋復置唐自霍壁秦移今所後避憲宗諱改屯留宋因之元初併入襄垣縣秦復置國朝因之】襄
垣縣【在州城北九十里本晉地秦始置襄垣縣以趙襄子所築故名後魏兼置襄垣郡北齊郡廢唐初隸韓州
後隸潞州宋元及國朝皆因之】潞城縣【在州城東北四十里本春秋潞子國兩漢爲潞縣後魏改刈陵
縣隋始改潞城縣唐改為潞子縣後復曰潞城宋元及國朝皆因之】壺關縣【在州城東二十五里本黎
國地漢始置壺關縣以山名後魏移於潁陽岡隋省入上黨縣唐復置於髙望堡既而移治進流川即今縣也宋元
及國朝皆因之】黎城縣【在州東北百十里古黎侯國漢維潞縣地後魏為刈陵縣地隋始置黎城縣宋
",待标注,"{""行款"":""半页10行，行41字""}",,
145,145.jpg,145.jpg,一期,一期,"【隠綿山中晉文公求之不獲焚其山之推死焉後人爲之立祠】文中子祠【在州南四十里紫金山下山有
洞文中子隋王通號通善讀書于此】李勣廟【在州西南六十里勣唐名將】龍泉神廟【在伏牛山
上有龍泉嵗旱禱雨輒應宋元豐中賜廟額靈顯累封嘉澤顯濟王國朝洪武七年封伏牛山龍泉之神嵗以孟
冬朔日致祭】南山神廟【在武鄉縣治東南五里宋宗寧中賜廟額仁濟累封敷應侯國朝洪武七年
封為南山之神有司春秋致祭】海瀆焦龍神廟【在武鄉縣南十五里神宋封昭澤王國朝封爲海
瀆焦龍之神有司春秋致祭】墳墓羊舌大夫墓【在州城南四十五里晉大夫羊舌伯華也】叔
向墓【在州城南四十五里叔向晉大夫】杜思敬墓【在州城西南四十里思敬仕元爲中書左丞】
古蹟銅鞮城【在州城南本晉大夫羊舌赤邑漢始爲縣久廢】閼與城【在州城西北十二里史記
趙奢大破秦軍觧閼與之圍即此地俗呼為烏蘇村】涅城【在武鄉縣西七十里漢涅縣城俗呼故城村】石
勒城【在武鄉縣北晉永嘉末石勒屯兵於此】甲水城【在州城北七十里隋開皇中置甲水縣後廢】
斷梁城【在州城東北下臨深壑三面絶潤廣袤二里以上城俱久廢】名宦樂霄【左傳魏獻子爲
政分羊舌氏之田爲三命樂霄為銅鞮大夫】郭饒【仕後晉爲沁州刺史為政有惠愛】杜豐【仕元爲沁
長政平民安】留寓杜思敬【豐子隨父寓沁州仕元官至中書左丞卒謚文定】人物石勒
【字世龍武卿人生有豪志後因晉亂起兵割據都襄國自稱趙王】李熹【字季和銅鞮人少有髙行累辭徵辟
後仕晉拜御史中丞當官正色百寮震肅後杜稷爲太子太傅遷尚書僕射卒贈太保】郭廹魯【沁州綿上
人饒子五代時以善槊爲將累遷復州刺史嘗嘆曰吾先君爲沁州刺史九年民到于今思之吾敢忘先君之志由
是益以廉平自勵民甚頼之當時刺史以善政聞者延魯父子而已】科甲馮顯宗【武鄉縣人國朝宣徳
五年林震榜進士】","【隠綿山中晉文公求之不獲焚其山之推死焉後人爲之立祠】文中子祠【在州南四十里紫金山下山有
洞文中子隋王通號通善讀書于此】李勣廟【在州西南六十里勣唐名將】龍泉神廟【在伏牛山
上有龍泉嵗旱禱雨輒應宋元豐中賜廟額靈顯累封嘉澤顯濟王國朝洪武七年封伏牛山龍泉之神嵗以孟
冬朔日致祭】南山神廟【在武鄉縣治東南五里宋宗寧中賜廟額仁濟累封敷應侯國朝洪武七年
封為南山之神有司春秋致祭】海瀆焦龍神廟【在武鄉縣南十五里神宋封昭澤王國朝封爲海
瀆焦龍之神有司春秋致祭】墳墓羊舌大夫墓【在州城南四十五里晉大夫羊舌伯華也】叔
向墓【在州城南四十五里叔向晉大夫】杜思敬墓【在州城西南四十里思敬仕元爲中書左丞】
古蹟銅鞮城【在州城南本晉大夫羊舌赤邑漢始爲縣久廢】閼與城【在州城西北十二里史記
趙奢大破秦軍觧閼與之圍即此地俗呼為烏蘇村】涅城【在武鄉縣西七十里漢涅縣城俗呼故城村】石
勒城【在武鄉縣北晉永嘉末石勒屯兵於此】甲水城【在州城北七十里隋開皇中置甲水縣後廢】
斷梁城【在州城東北下臨深壑三面絶潤廣袤二里以上城俱久廢】名宦樂霄【左傳魏獻子爲
政分羊舌氏之田爲三命樂霄為銅鞮大夫】郭饒【仕後晉爲沁州刺史為政有惠愛】杜豐【仕元爲沁
長政平民安】留寓杜思敬【豐子隨父寓沁州仕元官至中書左丞卒謚文定】人物石勒
【字世龍武卿人生有豪志後因晉亂起兵割據都襄國自稱趙王】李熹【字季和銅鞮人少有髙行累辭徵辟
後仕晉拜御史中丞當官正色百寮震肅後杜稷爲太子太傅遷尚書僕射卒贈太保】郭廹魯【沁州綿上
人饒子五代時以善槊爲將累遷復州刺史嘗嘆曰吾先君爲沁州刺史九年民到于今思之吾敢忘先君之志由
是益以廉平自勵民甚頼之當時刺史以善政聞者延魯父子而已】科甲馮顯宗【武鄉縣人國朝宣徳
五年林震榜進士】",待标注,"{""行款"":""半页17行，行43字""}",,
146,146.jpg,146.jpg,一期,一期,"寰宇通志卷之八十一
寰宇通志卷之八十二
潞州
建置沿革禹貢冀州之域天文井分野春秋爲黎國後爲
赤狄潞子國晉滅潞子嬰兒復立黎國戰國爲韓之別都
後屬趙秦置上黨郡漢魏晉及後魏皆因之後周始置潞
州隋改置韓州後復爲上黨郡唐爲潞州置總管府天寳
初改上黨郡未幾復爲潞州置大都督府後改昭義軍節
度五代梁改匡義軍後唐改安義軍晉復昭義軍宋改昭
德軍後陞隆德府金復潞州元爲隆德府尋復潞州治上
黨縣　國朝併上黨入州領縣六自州治至京師千三百","寰宇通志卷之八十一
寰宇通志卷之八十二
潞州
建置沿革禹貢冀州之域天文井分野春秋爲黎國後爲
赤狄潞子國晉滅潞子嬰兒復立黎國戰國爲韓之別都
後屬趙秦置上黨郡漢魏晉及後魏皆因之後周始置潞
州隋改置韓州後復爲上黨郡唐爲潞州置總管府天寳
初改上黨郡未幾復爲潞州置大都督府後改昭義軍節
度五代梁改匡義軍後唐改安義軍晉復昭義軍宋改昭
德軍後陞隆德府金復潞州元爲隆德府尋復潞州治上
黨縣　國朝併上黨入州領縣六自州治至京師千三百",待标注,"{""行款"":""半页8行，行22字""}",,
147,147.jpg,147.jpg,一期,一期,"南山經第一
南山經之首曰離山其首曰招搖之山臨于西
海之上【在蜀伏山山南之西頭濵西海也】多桂【桂葉似枇杷長二尺餘廣數寸
味辛白花叢生山峯冬夏常青間無雜木呂氏春秋曰招搖之桂】多金玉有草
焉其狀如韭【璨曰韭音九爾雅云霍山亦多之】而青花其名曰
祝餘【或作桂茶】食之不飢有木焉其狀如穀而黑理
【穀楮也皮作紙璨曰穀亦名構名穀其者以其實如穀也】其花四照【言有光𦦨也若
木華赤其光照地亦此類也見離騷經】其名曰迷穀佩之不迷有","南山經第一
南山經之首曰離山其首曰招搖之山臨于西
海之上【在蜀伏山山南之西頭濵西海也】多桂【桂葉似枇杷長二尺餘廣數寸
味辛白花叢生山峯冬夏常青間無雜木呂氏春秋曰招搖之桂】多金玉有草
焉其狀如韭【璨曰韭音九爾雅云霍山亦多之】而青花其名曰
祝餘【或作桂茶】食之不飢有木焉其狀如穀而黑理
【穀楮也皮作紙璨曰穀亦名構名穀其者以其實如穀也】其花四照【言有光𦦨也若
木華赤其光照地亦此類也見離騷經】其名曰迷穀佩之不迷有",待标注,"{""行款"":""半页7行，行26字""}",,
148,148.jpg,148.jpg,一期,一期,"海外東經第九【本四百四十二字注五百九十五字】
海內南經第十【本三百六十四字注七百九字】
海內西經第十一【本四百三十九字注六百九十五字】
海內北經第十二【本五百九十四字注四百九十五字】
海內東經第十三【本六百二十四字注一千四百九十五字】
大荒東經第十四【本八百六十四字注八百一十三字】
大荒南經第十五【本九百七十三字注五百九十八字】
大荒西經第十六【本一千二百八十二字注一千二百三字】
大荒北經第十七【本一千五十六字注七百六十七字】
海內經第十八【本一千二百十一字注九百六十七字此海內經及大荒經本皆逸在外】
侍中奉車都尉光祿大夫臣秀領校祕書言校祕書
太常屬臣望所校山海經凡三十二篇今定爲一十
八篇已定山海經者出於唐虞之際昔洪水洋溢漫
衍中國民人失據崎嶇於丘陵巢於樹木鯀既無功
而帝堯使禹繼之禹乗四載隨山刋木定髙山大川
蓋與伯翳主驅禽獸命山川類草木別水土四嶽佐
之以周四方邉人跡之所希至及舟輿之所罕到內
別五方之山外分八方之海紀其珍寳竒物異方之","海外東經第九【本四百四十二字注五百九十五字】
海內南經第十【本三百六十四字注七百九字】
海內西經第十一【本四百三十九字注六百九十五字】
海內北經第十二【本五百九十四字注四百九十五字】
海內東經第十三【本六百二十四字注一千四百九十五字】
大荒東經第十四【本八百六十四字注八百一十三字】
大荒南經第十五【本九百七十三字注五百九十八字】
大荒西經第十六【本一千二百八十二字注一千二百三字】
大荒北經第十七【本一千五十六字注七百六十七字】
海內經第十八【本一千二百十一字注九百六十七字此海內經及大荒經本皆逸在外】
侍中奉車都尉光祿大夫臣秀領校祕書言校祕書
太常屬臣望所校山海經凡三十二篇今定爲一十
八篇已定山海經者出於唐虞之際昔洪水洋溢漫
衍中國民人失據崎嶇於丘陵巢於樹木鯀既無功
而帝堯使禹繼之禹乗四載隨山刋木定髙山大川
蓋與伯翳主驅禽獸命山川類草木別水土四嶽佐
之以周四方邉人跡之所希至及舟輿之所罕到內
別五方之山外分八方之海紀其珍寳竒物異方之",待标注,"{""行款"":""半页18行，行23字""}",,
149,149.jpg,149.jpg,一期,一期,"銀其木多杻橿其鳥多鸚䳇楚水出焉而南流注于
渭其中多珠【今蜀郡平澤出青珠尸子曰水員折者有珠】
又西百五十里曰髙山其上多銀其下多青碧【碧亦玉類
也今越嶲會稽縣東山出碧】雄黃【晉大興三年髙平郡界有山崩其中出數千斤雄黃】其木
多椶其草多竹涇水出焉【音經】而東流注于渭【今涇水出安定
朝那縣西井頭山至京兆高陵縣入渭也】其中多磬石【書曰泗濱浮磬是也】青碧
西南三百里曰女牀之山其陽多赤銅其隂多石涅
【即楚石也楚人名爲涅石秦名爲羽涅也本草經亦名曰石涅也】其獸多虎豹犀兕
有鳥焉其狀如翟而五彩文【翟似雉而大長尾或作##鵰屬也】名曰
鸞鳥見則天下安寧【舊説鷔似雞瑞鳥也周成王時西戎獻之】
又西二百里曰龍首之山其陽多黃金其隂多鐵苕
水出焉東南流注于涇水其中多羙玉
又西二百里曰鹿臺之山【今在上郡】其上多白玉其下多
銀其獸多㸲牛羬羊白豪【豪貆猪也】有鳥焉其狀如雄雞
而人面名曰鳬徯其名自呌也見則有兵
西南二百里曰鳥危之山其陽多磬石其隂多檀楮
楮即穀木】其中多女牀【未詳】鳥危之水出焉西流注于赤水
其中多丹粟","銀其木多杻橿其鳥多鸚䳇楚水出焉而南流注于
渭其中多珠【今蜀郡平澤出青珠尸子曰水員折者有珠】
又西百五十里曰髙山其上多銀其下多青碧【碧亦玉類
也今越嶲會稽縣東山出碧】雄黃【晉大興三年髙平郡界有山崩其中出數千斤雄黃】其木
多椶其草多竹涇水出焉【音經】而東流注于渭【今涇水出安定
朝那縣西井頭山至京兆高陵縣入渭也】其中多磬石【書曰泗濱浮磬是也】青碧
西南三百里曰女牀之山其陽多赤銅其隂多石涅
【即楚石也楚人名爲涅石秦名爲羽涅也本草經亦名曰石涅也】其獸多虎豹犀兕
有鳥焉其狀如翟而五彩文【翟似雉而大長尾或作##鵰屬也】名曰
鸞鳥見則天下安寧【舊説鷔似雞瑞鳥也周成王時西戎獻之】
又西二百里曰龍首之山其陽多黃金其隂多鐵苕
水出焉東南流注于涇水其中多羙玉
又西二百里曰鹿臺之山【今在上郡】其上多白玉其下多
銀其獸多㸲牛羬羊白豪【豪貆猪也】有鳥焉其狀如雄雞
而人面名曰鳬徯其名自呌也見則有兵
西南二百里曰鳥危之山其陽多磬石其隂多檀楮
楮即穀木】其中多女牀【未詳】鳥危之水出焉西流注于赤水
其中多丹粟",待标注,"{""行款"":""半页17行，行24字""}",,
150,150.jpg,150.jpg,一期,一期,"往往相爲引重不少矣士方沉藏汩沒固無以異於
庸人幸而暴耀震顯建功垂閥操筆不勝記標於竹
帛爛然光榮豈其所素有哉以君之沉藏汩沒而自
朋友士大夫至於公卿貴人皆能知君如此乃其所
素有也然不幸而終不暴耀震顯使操筆者遂無以
記此固余之所爲悲而儒珍之所爲殷勤力請而不
已也然則雖不暴耀震顯而其所素有者固在矣君
父名叔豹嘗監岱山鹽余爲銘者也銘曰嗟乎子
文四得觧爲上首晚益銳竟不偶勿以所無廢其所有
虞夫人墓誌銘
夫人虞氏越山隂人父手睢北辰像事之祝曰必求
九天慧女已而夫人生英悟夙成勁畫麗語不學而
能詩書古文有若素習既婦其夫則屏抑聰明不使
衒露曰以文成名子之責也我無預焉凡一家麤重
晝夜辛苦無所猒忽而高筆雅韻常在事外自舅始
叔季內外姻戚皆言是嫂以賢有識起吾宗不以材
稱也夫死夫人焚約棄債自治塋宅據岡阜之宜合
寬儉之中人尤以為能而益趣其子於學義曰爾未
觧無庸他質則爲辨說衮衮如矜機中的焉及子絶
人無喜色後乃連外補衆又歎其遲寢落慶夫人亦
無慍容常曰吾憂吾兒不能及古人爾他尚何覬嘉
定五年夫人從其子守溫州明簡靜恕能消弭大闘
使之輕微郡人甚愛太守且愛夫人曰母之教也夫","往往相爲引重不少矣士方沉藏汩沒固無以異於
庸人幸而暴耀震顯建功垂閥操筆不勝記標於竹
帛爛然光榮豈其所素有哉以君之沉藏汩沒而自
朋友士大夫至於公卿貴人皆能知君如此乃其所
素有也然不幸而終不暴耀震顯使操筆者遂無以
記此固余之所爲悲而儒珍之所爲殷勤力請而不
已也然則雖不暴耀震顯而其所素有者固在矣君
父名叔豹嘗監岱山鹽余爲銘者也銘曰嗟乎子
文四得觧爲上首晚益銳竟不偶勿以所無廢其所有
虞夫人墓誌銘
夫人虞氏越山隂人父手睢北辰像事之祝曰必求
九天慧女已而夫人生英悟夙成勁畫麗語不學而
能詩書古文有若素習既婦其夫則屏抑聰明不使
衒露曰以文成名子之責也我無預焉凡一家麤重
晝夜辛苦無所猒忽而高筆雅韻常在事外自舅始
叔季內外姻戚皆言是嫂以賢有識起吾宗不以材
稱也夫死夫人焚約棄債自治塋宅據岡阜之宜合
寬儉之中人尤以為能而益趣其子於學義曰爾未
觧無庸他質則爲辨說衮衮如矜機中的焉及子絶
人無喜色後乃連外補衆又歎其遲寢落慶夫人亦
無慍容常曰吾憂吾兒不能及古人爾他尚何覬嘉
定五年夫人從其子守溫州明簡靜恕能消弭大闘
使之輕微郡人甚愛太守且愛夫人曰母之教也夫",待标注,"{""行款"":""半页22行，行20字""}",,
151,151.jpg,151.jpg,一期,一期,"陛下果斷改爲而已臣伏覩　壽皇聖帝在位二十
八年英武剛徤勤勞恭儉整厲臣工變移風俗大志
未酬親授　陛下舜禹之羙二典所載若帝之初何
以過焉　陛下嚴祗寅畏足以膺受付托仁恕溫厚
足以慰答傒望虛心無我足以容受正直廣覧兼聴
足以照臨欺蔽至公寡欲足以杜塞僥倖長篤逺馭
足以招徠英傑於此而先明所以治國之意又何難
哉譬之行天下者在所問津而已干犯
旒扆無任恐懼
上　寧宗皇帝劄子【嘉泰三年】
臣聞欲占國家益衰之符必以人材離合爲驗昔周
文武身致多士作而用之順上天命最爲長乆召康
公爲成王賦巻阿之詩言求賢用吉士其興託淵然
以深其旨意泝然以長不以羙而以戒其詞曰藹藹
王多吉士惟君子使媚于天子又曰藹藹王多吉人
惟君子命媚于庻人夫上媚天子下媚庻人不以抗
犯爲能而以順悅爲得此豈有誚曲之意存乎其間
哉忠信誠實盡公忘家惟以國之休戚関憂樂不以
已之曲直校勝負故能上爲人主所信下爲百姓所
愛盖人材合一之時和平極盛之治其效如此非末
世所能及也往者　陛下初嗣大寳臣服在百僚鴒
當進對輒不自巳竊嘗申繹巻阿之義爲　陛下獻
天啓明聖徳意開廣志慮日新銷磨黨偏秉執中逍
人材庻幾復合和平可以馴致臣灾疾羸殘日覩斯","陛下果斷改爲而已臣伏覩　壽皇聖帝在位二十
八年英武剛徤勤勞恭儉整厲臣工變移風俗大志
未酬親授　陛下舜禹之羙二典所載若帝之初何
以過焉　陛下嚴祗寅畏足以膺受付托仁恕溫厚
足以慰答傒望虛心無我足以容受正直廣覧兼聴
足以照臨欺蔽至公寡欲足以杜塞僥倖長篤逺馭
足以招徠英傑於此而先明所以治國之意又何難
哉譬之行天下者在所問津而已干犯
旒扆無任恐懼
上　寧宗皇帝劄子【嘉泰三年】
臣聞欲占國家益衰之符必以人材離合爲驗昔周
文武身致多士作而用之順上天命最爲長乆召康
公爲成王賦巻阿之詩言求賢用吉士其興託淵然
以深其旨意泝然以長不以羙而以戒其詞曰藹藹
王多吉士惟君子使媚于天子又曰藹藹王多吉人
惟君子命媚于庻人夫上媚天子下媚庻人不以抗
犯爲能而以順悅爲得此豈有誚曲之意存乎其間
哉忠信誠實盡公忘家惟以國之休戚関憂樂不以
已之曲直校勝負故能上爲人主所信下爲百姓所
愛盖人材合一之時和平極盛之治其效如此非末
世所能及也往者　陛下初嗣大寳臣服在百僚鴒
當進對輒不自巳竊嘗申繹巻阿之義爲　陛下獻
天啓明聖徳意開廣志慮日新銷磨黨偏秉執中逍
人材庻幾復合和平可以馴致臣灾疾羸殘日覩斯",待标注,"{""行款"":""半页23行，行20字""}",,
152,152.jpg,152.jpg,一期,一期,"水心先生文集巻之二十前集
章貢黎諒編集
文林郎前祕書省正字周君甫仲墓誌銘
君名南字南仲對紹熙元年進士策祕自宮掖俚及
㕓肆畧無不言某寂切於世論者曰陛下聦眀爲小
人蔽蒙甚有三一曰道學二曰朋黨三曰皇極夫仁
義禮樂是爲道問辨講習是爲學人有不知學學有
不問道皆棄材也古人同天下而爲善故得謂之道
學名之至美者也小夫譛人不能爲善而惡其異色
於是反而攻之而曰此天下之惡名也陛下入其說
而抱材負學之士以道學棄之矣惡名既立爭奔畏
避遷就迎合掃跡藏影不勝衆矣小夫譛人猶不已","水心先生文集巻之二十前集
章貢黎諒編集
文林郎前祕書省正字周君甫仲墓誌銘
君名南字南仲對紹熙元年進士策祕自宮掖俚及
㕓肆畧無不言某寂切於世論者曰陛下聦眀爲小
人蔽蒙甚有三一曰道學二曰朋黨三曰皇極夫仁
義禮樂是爲道問辨講習是爲學人有不知學學有
不問道皆棄材也古人同天下而爲善故得謂之道
學名之至美者也小夫譛人不能爲善而惡其異色
於是反而攻之而曰此天下之惡名也陛下入其說
而抱材負學之士以道學棄之矣惡名既立爭奔畏
避遷就迎合掃跡藏影不勝衆矣小夫譛人猶不已",待标注,"{""行款"":""半页11行，行20字""}",,
153,153.jpg,153.jpg,一期,一期,"君嘉惠後學亦至矣使善學者
誦其文而知能以身任國家安
危之計其用舎爲世所重輕進
不知富貴爲樂而退不忘天下以
爲心然後爲無愧也夫豈意
以文軆變其所習而已
歐陽文忠公文集總目
居士集五十巻
巻第一文集一
古詩三十八首
巻第二文集二
古詩二十首
巻第三文集三
古詩三十一首
巻第四文集四
古詩二十四首","君嘉惠後學亦至矣使善學者
誦其文而知能以身任國家安
危之計其用舎爲世所重輕進
不知富貴爲樂而退不忘天下以
爲心然後爲無愧也夫豈意
以文軆變其所習而已
歐陽文忠公文集總目
居士集五十巻
巻第一文集一
古詩三十八首
巻第二文集二
古詩二十首
巻第三文集三
古詩三十一首
巻第四文集四
古詩二十四首",待标注,"{""行款"":""半页16行，行6字""}",,
154,154.jpg,154.jpg,一期,一期,"公亦寵六字爲陜西經略安撫副使上無上複召
招呂公六字又無自公坐呂公貶已下至故卒置
羣議而用之一段以此觀之諸家本乃當時定本
也羅氏本乃堯夫改本也今於表而哉堯夫所改
如此陳無已談叢叙二公曲折未必盡然呂公薨
范公雖有祭文蓋交際常禮今載集中詞意亦平
平無已謂歸重而自訟過矣
陳文惠公碑棄官【此下一有家字】嚙【當作齧】
范文正公碑來臣【來一作倈】
居士集巻第二十一　歌陽文忠公集二十一
碑銘四
尚書户部郎中贈右諫議大夫曽公神道碑
【一作墓誌】銘【並序】
公諱致堯字基撫州南豐人也少知名江南【一本作少有大
志以文行知名】當李氏時不就鄉里之舉李氏亡太平興國
八年【一有始字】舉進士及第爲符離主薄累遷光祿寺丞
監越州酒稅數上書言事獻文章太宗竒之召拜著
作佐郎直史館使行視汴河漕運稱旨遷祕書丞爲
兩浙轉詠議大夫魏庠知蘇州恃舊恩多不法","公亦寵六字爲陜西經略安撫副使上無上複召
招呂公六字又無自公坐呂公貶已下至故卒置
羣議而用之一段以此觀之諸家本乃當時定本
也羅氏本乃堯夫改本也今於表而哉堯夫所改
如此陳無已談叢叙二公曲折未必盡然呂公薨
范公雖有祭文蓋交際常禮今載集中詞意亦平
平無已謂歸重而自訟過矣
陳文惠公碑棄官【此下一有家字】嚙【當作齧】
范文正公碑來臣【來一作倈】
居士集巻第二十一　歌陽文忠公集二十一
碑銘四
尚書户部郎中贈右諫議大夫曽公神道碑
【一作墓誌】銘【並序】
公諱致堯字基撫州南豐人也少知名江南【一本作少有大
志以文行知名】當李氏時不就鄉里之舉李氏亡太平興國
八年【一有始字】舉進士及第爲符離主薄累遷光祿寺丞
監越州酒稅數上書言事獻文章太宗竒之召拜著
作佐郎直史館使行視汴河漕運稱旨遷祕書丞爲
兩浙轉詠議大夫魏庠知蘇州恃舊恩多不法",待标注,"{""行款"":""半页16行，行19字""}",,
155,155.jpg,155.jpg,一期,一期,"稍長多誦古人篇章使學爲詩叔父後歴閬州推
官江陵府掌書記仕至二千石終都官員外郎
大中祥符四年辛亥
是歳葬鄭公于吉州吉水縣瀧岡【其後至和元年扸吉水縣之報
恩鎮置永豐縣遂隸永豐】
大中祥符五年壬子
大中祥符六年癸丑
大中祥符七年甲寅
大中祥符八年乙夘
大中祥符九年丙辰
公年十歲在隨家益貧借書抄誦州南大姓#人
子好學公多逰其家於故書中得唐韓昌黎文六
卷乞以歸讀而愛之爲詩賦下筆如成人都官曰
竒童也它日必有重名
天禧元年丁巳
天禧二年戊午
天禧三年己未
天禧四年庚申
天禧五年辛酉
乾興元年壬戌","稍長多誦古人篇章使學爲詩叔父後歴閬州推
官江陵府掌書記仕至二千石終都官員外郎
大中祥符四年辛亥
是歳葬鄭公于吉州吉水縣瀧岡【其後至和元年扸吉水縣之報
恩鎮置永豐縣遂隸永豐】
大中祥符五年壬子
大中祥符六年癸丑
大中祥符七年甲寅
大中祥符八年乙夘
大中祥符九年丙辰
公年十歲在隨家益貧借書抄誦州南大姓#人
子好學公多逰其家於故書中得唐韓昌黎文六
卷乞以歸讀而愛之爲詩賦下筆如成人都官曰
竒童也它日必有重名
天禧元年丁巳
天禧二年戊午
天禧三年己未
天禧四年庚申
天禧五年辛酉
乾興元年壬戌",待标注,"{""行款"":""半页20行，行8字""}",,
156,156.jpg,156.jpg,一期,一期,"題目錦香樓重逢盛牡丹
正名紫陽仙三度常椿夀
新編紫陽仙三度常椿夀
新編東華仙三度常長生全賓
【眾辦卜長生隊子乙擺定
松仙捧松竹大夫辦賴仙捧柏作將軍辦竹仙捧竹作儒人辦
山仙捧山作神辦鵲仙引鶴作道士辦鵲仙捧鸚竹作男辦
水仙捧水竹女辦雲仙捧雲作女辦鹿仙引鹿作女辦
龜仙捧龜作女辦松仙聞云吾等乃卜長生之物在
世千有餘年爲因昔日曽到蓬萊仙境潛聽天
仙相論金丹講演妙道所以長生不老雖然如
此吾等爲是土木形骸飛走性質不能成仙證","題目錦香樓重逢盛牡丹
正名紫陽仙三度常椿夀
新編紫陽仙三度常椿夀
新編東華仙三度常長生全賓
【眾辦卜長生隊子乙擺定
松仙捧松竹大夫辦賴仙捧柏作將軍辦竹仙捧竹作儒人辦
山仙捧山作神辦鵲仙引鶴作道士辦鵲仙捧鸚竹作男辦
水仙捧水竹女辦雲仙捧雲作女辦鹿仙引鹿作女辦
龜仙捧龜作女辦松仙聞云吾等乃卜長生之物在
世千有餘年爲因昔日曽到蓬萊仙境潛聽天
仙相論金丹講演妙道所以長生不老雖然如
此吾等爲是土木形骸飛走性質不能成仙證",待标注,"{""行款"":""半页9行，行18字""}",,
157,157.jpg,157.jpg,一期,一期,"旦喜咲便拜云興師傅相別去了這二十餘年怎
地纔來椿云呀呀是跳蹺竒末唱】
賀新郎【我見他】撲堆着羙臉兒笑微微【子你這】二
十歲的嬌娥【結下這】五百年的姻契【椿云你這先
生怎地認得俺渾家末唱我和他】武陵溪畔曽相
會【因此上】說起來將咱將咱認得【椿云先生在那
里見俺渾家來末唱】曽將他花籃中親手提携攀
這先生潑說不信你【末唱只爲要】粧成你春富麗
匹配上好夫妻【爲因你】樗材久遠難成器【春郎呵且
着你】留春歸內院【牡丹呵先將你】採蕋過橋西【末去
稽首貧道引牡丹成仙悟道出椿云我的渾
家你引他那去【末唱】
玄鶴鳴【不爭你】酒後有留春意【我子怕】春闌也花
事遲【他已自】蜂黃蝶粉褪鶯老燕鶵飛【末云不爭
你不省末唱】又悞我一番來尋芳尋芳爲你【我
欲待】栽培在天上移種在瑶池【我着你】容顔不老枝
葉常存不強如你閉春光閉春光在宅院裏【我教他】
知根荅地【再不索】拈花弄蕋【末云】春即你也根我
成仙去來椿巽末云呸我肯根你修行末唱】
烏夜啼【這的是】但吹噓便得東君刀【到添自】滿面","旦喜咲便拜云興師傅相別去了這二十餘年怎
地纔來椿云呀呀是跳蹺竒末唱】
賀新郎【我見他】撲堆着羙臉兒笑微微【子你這】二
十歲的嬌娥【結下這】五百年的姻契【椿云你這先
生怎地認得俺渾家末唱我和他】武陵溪畔曽相
會【因此上】說起來將咱將咱認得【椿云先生在那
里見俺渾家來末唱】曽將他花籃中親手提携攀
這先生潑說不信你【末唱只爲要】粧成你春富麗
匹配上好夫妻【爲因你】樗材久遠難成器【春郎呵且
着你】留春歸內院【牡丹呵先將你】採蕋過橋西【末去
稽首貧道引牡丹成仙悟道出椿云我的渾
家你引他那去【末唱】
玄鶴鳴【不爭你】酒後有留春意【我子怕】春闌也花
事遲【他已自】蜂黃蝶粉褪鶯老燕鶵飛【末云不爭
你不省末唱】又悞我一番來尋芳尋芳爲你【我
欲待】栽培在天上移種在瑶池【我着你】容顔不老枝
葉常存不強如你閉春光閉春光在宅院裏【我教他】
知根荅地【再不索】拈花弄蕋【末云】春即你也根我
成仙去來椿巽末云呸我肯根你修行末唱】
烏夜啼【這的是】但吹噓便得東君刀【到添自】滿面",待标注,"{""行款"":""半页19行，行23字""}",,
158,158.jpg,158.jpg,一期,一期,"公來鳳凰鄴衞疆五色鮮明百禽隨従萬里翺翔
覧徳輝而下之遠従天降表嘉禎飛鳴南向【処將過
繭問云你中國曽有野蚕成繭麼旦云永樂
初年四月五月沒寧山中野蚕成繭牧絲百餘
斤曽貢扵
朝旦唱】
魔合羅
野蚕成繭胡蘆樣色嫩綠光滑易紱漫山
跨嶺葉稀疎婦女每採摘盈筐救他貧窘三冬暖添
得庒農四月忙喜佳兆昇平象昔曽貢獻舘閣宣揚
【外將過白喜鵲問云你中國曽有白喜鵲麼末云
永樂年間曽有白喜鵲一雙生扵襄許進入國
中旦唱】
五轉昔扵永樂年許州白鵲翔雙鳴雙宿窩巢上
恰便似玉技拋鄭穿青幃雪颯髙凝在綵揚精神王
呈祥色籍報喜聲長【外將過白海青問云你中國曽有
白海青麼旦云宣徳八年春正月河南尉氏
縣得白海青一聯曾進貢扵
朝呂唱】
四轉雛花白海青得扵尉氏崗老拳利爪真雄牡
星眸鐵膽純剛氣劍翮銀翎耀日光【多感戴】神祗貺","公來鳳凰鄴衞疆五色鮮明百禽隨従萬里翺翔
覧徳輝而下之遠従天降表嘉禎飛鳴南向【処將過
繭問云你中國曽有野蚕成繭麼旦云永樂
初年四月五月沒寧山中野蚕成繭牧絲百餘
斤曽貢扵
朝旦唱】
魔合羅
野蚕成繭胡蘆樣色嫩綠光滑易紱漫山
跨嶺葉稀疎婦女每採摘盈筐救他貧窘三冬暖添
得庒農四月忙喜佳兆昇平象昔曽貢獻舘閣宣揚
【外將過白喜鵲問云你中國曽有白喜鵲麼末云
永樂年間曽有白喜鵲一雙生扵襄許進入國
中旦唱】
五轉昔扵永樂年許州白鵲翔雙鳴雙宿窩巢上
恰便似玉技拋鄭穿青幃雪颯髙凝在綵揚精神王
呈祥色籍報喜聲長【外將過白海青問云你中國曽有
白海青麼旦云宣徳八年春正月河南尉氏
縣得白海青一聯曾進貢扵
朝呂唱】
四轉雛花白海青得扵尉氏崗老拳利爪真雄牡
星眸鐵膽純剛氣劍翮銀翎耀日光【多感戴】神祗貺",待标注,"{""行款"":""半页15行，行20字""}",,
159,159.jpg,159.jpg,一期,一期,"代植金莖以承液李嘉瑞以紀年者未嘗不指以爲戒則其英明之識
超絶之智卓冠百王爲法萬世是冝美盛徳之形容播諸樂歌爲被之管
絃以示聖子神孫扵無窮云其辭曰
上天降康甘露之瀼於粲其英純乾發自陽以布扵下方凝於休祥其
祥伊何靈氣孔多有甘者液載仁惟澤潛靈是錫誕啓皇之徳天地相
合鴻休翁集厭厭浥浥紛紛密密匪隨日以食𡊥厥聖徴如鄉之雲如
景之星如日之重輪冲和氤氳以文我太平惟
皇之聖貞特自應不卑而泳不髙而迎茀祿之攸盛惟　　　皇之明
貞符爾承不欹而傾不怵而盈茀祿之攸寧休慶之即四國之式有濯
厥聲耀于千齡
郊禋慶成詩序
皇帝自登大寶主百神即有事于
昊天上帝以
仁祖淳皇帝配神作主于今五載茀懈益恭粵洪武壬子冬十一月辛
酉長日至復遘其時前期丙辰上御奉天殿集臣工于庭告以
誓命戊午出宿齊宮有司汜掃及土鄉爲田蠲各戒具脩罔敢茀肅及
期行事百辟卿士後先駿奔牲牷肥腯圭幣溫緻器用質雅酒齊苾芬
樂舞具舉升煙上問皇心內外質文兩盡
上帝居歆福祿攸降既竣事禮部尚書陶凱工部尚書黃肅工部侍郎
牛諒晉府參軍熊鼎磨勘司令吳雲兵部郎中劉崧工部主事周子諒
秘書監丞陶誼晉府錄事張孟兼吳府錄事吳從善咸謂
皇帝升中于天國之大典幸際熈明與扵執豆邁之列不可無篇什以
紀慶成昭示萬世遂以唐詩星臨萬戶動月傍九霄多爲韻各賦詩一
章而屬濂序之濂聞郊祀之禮始扵有虞氏至周大備秦漢以來寖涉
不經且惑扵六天六帝之説莫之適従君國子民者亦罕能躬嚴祀事
徃徃遣大臣攝之肆惟
皇上壹據禮經而洗千古之陋每歳親升泰壇昭事上帝恪恭寅畏有
赤其臨陰斂陽舒降甘風雨覃及寰宇物無疵癘行見凰皇降而龜龍
假矣聲歌之發茲非其時乎昔者周人之頌所謂昊天有成命者郊祀
天地也或思文者后稷配天二詩辭氣與宻卒未易曉然非卜啇之序
揭其宏綱後世何自而明之羣公之什優柔而雅馴整肅而泰豫足以
美盛徳形容而告扵神明善言詩者謂其有得周人之微旨所可愧者","代植金莖以承液李嘉瑞以紀年者未嘗不指以爲戒則其英明之識
超絶之智卓冠百王爲法萬世是冝美盛徳之形容播諸樂歌爲被之管
絃以示聖子神孫扵無窮云其辭曰
上天降康甘露之瀼於粲其英純乾發自陽以布扵下方凝於休祥其
祥伊何靈氣孔多有甘者液載仁惟澤潛靈是錫誕啓皇之徳天地相
合鴻休翁集厭厭浥浥紛紛密密匪隨日以食𡊥厥聖徴如鄉之雲如
景之星如日之重輪冲和氤氳以文我太平惟
皇之聖貞特自應不卑而泳不髙而迎茀祿之攸盛惟　　　皇之明
貞符爾承不欹而傾不怵而盈茀祿之攸寧休慶之即四國之式有濯
厥聲耀于千齡
郊禋慶成詩序
皇帝自登大寶主百神即有事于
昊天上帝以
仁祖淳皇帝配神作主于今五載茀懈益恭粵洪武壬子冬十一月辛
酉長日至復遘其時前期丙辰上御奉天殿集臣工于庭告以
誓命戊午出宿齊宮有司汜掃及土鄉爲田蠲各戒具脩罔敢茀肅及
期行事百辟卿士後先駿奔牲牷肥腯圭幣溫緻器用質雅酒齊苾芬
樂舞具舉升煙上問皇心內外質文兩盡
上帝居歆福祿攸降既竣事禮部尚書陶凱工部尚書黃肅工部侍郎
牛諒晉府參軍熊鼎磨勘司令吳雲兵部郎中劉崧工部主事周子諒
秘書監丞陶誼晉府錄事張孟兼吳府錄事吳從善咸謂
皇帝升中于天國之大典幸際熈明與扵執豆邁之列不可無篇什以
紀慶成昭示萬世遂以唐詩星臨萬戶動月傍九霄多爲韻各賦詩一
章而屬濂序之濂聞郊祀之禮始扵有虞氏至周大備秦漢以來寖涉
不經且惑扵六天六帝之説莫之適従君國子民者亦罕能躬嚴祀事
徃徃遣大臣攝之肆惟
皇上壹據禮經而洗千古之陋每歳親升泰壇昭事上帝恪恭寅畏有
赤其臨陰斂陽舒降甘風雨覃及寰宇物無疵癘行見凰皇降而龜龍
假矣聲歌之發茲非其時乎昔者周人之頌所謂昊天有成命者郊祀
天地也或思文者后稷配天二詩辭氣與宻卒未易曉然非卜啇之序
揭其宏綱後世何自而明之羣公之什優柔而雅馴整肅而泰豫足以
美盛徳形容而告扵神明善言詩者謂其有得周人之微旨所可愧者",待标注,"{""行款"":""半页25行，行27字""}",,
160,160.jpg,160.jpg,一期,一期,"有盛扵孔子者也我所顧則學孔子也
六經論
六經皆心學也心中之理無不具故六經之言無不該六經所以筆吾
心之理者也是故說天莫辯乎禮由吾心即太極也說事資辨乎書由
吾心政之府也說志莫辨乎詩由吾心統性情也說理莫辨乎春秋由吾
吾心分善惡也說體莫辨乎禮由吾心有天序也導民莫過乎樂由吾心
心備人和也人無二心六經無二理因心有是理故經有是心譬則
形而經譬則影也無是形則無是影無是心則無是經其道不亦較然
矣乎然而聖人一心皆理也衆人理雖本具而欲則害之蓋有不得全
其正者故聖人復因其心之所有而以六經教之其人之溫柔敦厚則
有得於詩之教焉疏通知遠則有得於書之教焉廣博易良則有得於
樂之教焉潔靜精微則有得於易之教焉恭險莊敬則有得於禮之教
焉屬辭比事則有得於春秋之教焉然雖有是六者之不同無非教之
以復其本心之正也嗚呼聖人之道唯在乎治心心一正則衆事無不
正猶將百萬之卒在扵一帥帥正則靡不從令不正則奔潰角逐無所
不至矣尚何望其能卻敵㢤大㢤心乎正則治邪則亂不可不慎也秦
漢以來心學不傳徃徃馳鶩扵外不知六經實本扵吾之一心所以髙
者涉扵虛逺而不返卑者安扵淺陋而不辭上下相習如出一轍可勝
嘆哉然此亦皆吾儒之過也京房溺扵名數世豈復有易孔鄭専扵訓
故世豈復有書詩董仲舒流扵災異世豈復有春秋樂固亡矣至扵小
大戴氏之所記亦多未醇世又豈復有全禮哉經既不明心則不正心
既不正則鄉閭安得有善俗國家安得有善治乎惟善學者脫略傳註
獨抱遺經而體驗之一言一辭皆使與心相涵始焉則憂乎其難入中
焉則浸漬而漸有所得終焉則經與心一不知心之爲經經之爲心也
何也六經者所以筆吾心中所具之理故也周孔之所以聖顏曾之所
以賢杨豈能加毫末於心哉不過能盡之而已今之人不可謂無學經
也而卒不及古人者無他以心興經如氷焚之不相入也察其所闗不
過割裂文義以資進取之計然固不知經之爲何物也經而至此可不
謂之一厄矣乎雖然經有顯晦心無古今天下豈無豪傑之士以心感
心扵千載之上者哉
諸子辨【並序】
諸子辨者何辨諸子也通謂之諸子何周秦以来作者不一姓也作者不","有盛扵孔子者也我所顧則學孔子也
六經論
六經皆心學也心中之理無不具故六經之言無不該六經所以筆吾
心之理者也是故說天莫辯乎禮由吾心即太極也說事資辨乎書由
吾心政之府也說志莫辨乎詩由吾心統性情也說理莫辨乎春秋由吾
吾心分善惡也說體莫辨乎禮由吾心有天序也導民莫過乎樂由吾心
心備人和也人無二心六經無二理因心有是理故經有是心譬則
形而經譬則影也無是形則無是影無是心則無是經其道不亦較然
矣乎然而聖人一心皆理也衆人理雖本具而欲則害之蓋有不得全
其正者故聖人復因其心之所有而以六經教之其人之溫柔敦厚則
有得於詩之教焉疏通知遠則有得於書之教焉廣博易良則有得於
樂之教焉潔靜精微則有得於易之教焉恭險莊敬則有得於禮之教
焉屬辭比事則有得於春秋之教焉然雖有是六者之不同無非教之
以復其本心之正也嗚呼聖人之道唯在乎治心心一正則衆事無不
正猶將百萬之卒在扵一帥帥正則靡不從令不正則奔潰角逐無所
不至矣尚何望其能卻敵㢤大㢤心乎正則治邪則亂不可不慎也秦
漢以來心學不傳徃徃馳鶩扵外不知六經實本扵吾之一心所以髙
者涉扵虛逺而不返卑者安扵淺陋而不辭上下相習如出一轍可勝
嘆哉然此亦皆吾儒之過也京房溺扵名數世豈復有易孔鄭専扵訓
故世豈復有書詩董仲舒流扵災異世豈復有春秋樂固亡矣至扵小
大戴氏之所記亦多未醇世又豈復有全禮哉經既不明心則不正心
既不正則鄉閭安得有善俗國家安得有善治乎惟善學者脫略傳註
獨抱遺經而體驗之一言一辭皆使與心相涵始焉則憂乎其難入中
焉則浸漬而漸有所得終焉則經與心一不知心之爲經經之爲心也
何也六經者所以筆吾心中所具之理故也周孔之所以聖顏曾之所
以賢杨豈能加毫末於心哉不過能盡之而已今之人不可謂無學經
也而卒不及古人者無他以心興經如氷焚之不相入也察其所闗不
過割裂文義以資進取之計然固不知經之爲何物也經而至此可不
謂之一厄矣乎雖然經有顯晦心無古今天下豈無豪傑之士以心感
心扵千載之上者哉
諸子辨【並序】
諸子辨者何辨諸子也通謂之諸子何周秦以来作者不一姓也作者不",待标注,"{""行款"":""半页28行，行27字""}",,
161,161.jpg,161.jpg,一期,一期,"應接不暇非才具衆長識邁千古安能與扵斯爲呼文公之言至矣盡
矣設使基有所品評其能加毫末扵是哉今用備鈔冠扵篇端而并繫
先生出處之大略使讀者有所考焉先生封召時基興麗水詣君琛
龍泉章君溢寳同行葉君出知南昌府以殘章君官至鄉史中丞亦以
壽終今幸存者唯基輿先生耳然皆頹然日就衰朽尚可咈剛之所請
而不加之意乎雖然先生之文其傳丗決矣基亦何能興力扵其間哉
文粹共十卷而詩居其一云洪武八年歳次乙夘春正月甲申開國翊
運守正文臣資善大夫前御史中丞兼太子賚善大夫護軍誠意伯
括蒼劉基謹序
宋學士文粹目録
卷第一
皇明嘗訓序大明日曆序
天降膏露頌郊禋慶成詩序
龍馬賛開平王神道碑
祿命辨題郝伯常帛書後
劉參軍黃牒跋尾孔子廟堂議
虞文靖公像贊三奇石後銘
張府君墓誌銘
卷第二
蘿山雜言七儒解
六經論諸子辯
卷第三
志釋思媺人辭
顏率戎鼎難補范少伯辭越王書
秦士録儗漢使論郡國共擊邯鄲檄","應接不暇非才具衆長識邁千古安能與扵斯爲呼文公之言至矣盡
矣設使基有所品評其能加毫末扵是哉今用備鈔冠扵篇端而并繫
先生出處之大略使讀者有所考焉先生封召時基興麗水詣君琛
龍泉章君溢寳同行葉君出知南昌府以殘章君官至鄉史中丞亦以
壽終今幸存者唯基輿先生耳然皆頹然日就衰朽尚可咈剛之所請
而不加之意乎雖然先生之文其傳丗決矣基亦何能興力扵其間哉
文粹共十卷而詩居其一云洪武八年歳次乙夘春正月甲申開國翊
運守正文臣資善大夫前御史中丞兼太子賚善大夫護軍誠意伯
括蒼劉基謹序
宋學士文粹目録
卷第一
皇明嘗訓序大明日曆序
天降膏露頌郊禋慶成詩序
龍馬賛開平王神道碑
祿命辨題郝伯常帛書後
劉參軍黃牒跋尾孔子廟堂議
虞文靖公像贊三奇石後銘
張府君墓誌銘
卷第二
蘿山雜言七儒解
六經論諸子辯
卷第三
志釋思媺人辭
顏率戎鼎難補范少伯辭越王書
秦士録儗漢使論郡國共擊邯鄲檄",待标注,"{""行款"":""半页8行，行27字""}",,
162,162.jpg,162.jpg,一期,一期,"靜㞐集敘
詩出乎三百篇變而漢魏晉革唐而
極盛宋詘則由理義中來異寡盛杳
有卯白蘇黃陳梅各成式家言凾苔
為我江西詩樝無已聖俞皆江東之
豪傑當時雖長召少召皆稱之不置
元詩出人經史貫串事賓冥盛而嘗
擬杜少陵查亦卯家惟楊仲弘閣產","靜㞐集敘
詩出乎三百篇變而漢魏晉革唐而
極盛宋詘則由理義中來異寡盛杳
有卯白蘇黃陳梅各成式家言凾苔
為我江西詩樝無已聖俞皆江東之
豪傑當時雖長召少召皆稱之不置
元詩出人經史貫串事賓冥盛而嘗
擬杜少陵查亦卯家惟楊仲弘閣產",待标注,"{""行款"":""半页7行，行14字""}",,
163,163.jpg,163.jpg,一期,一期,"一枝蒼玉瘦雅稱地行仙不但挑詩巻猶堪挂酒錢看
梅敲雪落引鶴卓苔穿尺恐風雷夜化龍飛上天
　　　送人之平江報刺季守
送君何處遊一劍古蘇州螃蠏黃花節鱸魚碧水秋尋
碑松塢寺按曲酒家樓況爾鰌多能者膺門必見留
　　　孫景翔幽居
厭踏軟紅塵闗居江上村養魚寬鑿沼愛竹別移門月
色侵書幌山光入酒樽我慚行役擾猶未卜田園
　　　送劉仲鼎歸杭州
欲別又牽衣傷心故舊稀自憐爲客乆不忍送君歸逺
岫明殘雪空江淡落暉東風重回首一雁背人飛
贈王商翁䖏士
家住鏡湖隂龍鍾雪滿簪一生欠詩債半是忍飢吟有
水釣明月無錢脩破琴鷗飛兩下句聲價出鷄林
送暨陽田丞
三載浣花溪松邊日賦詩一官清似水衆口好如碑明
月輕歸棹清風亂綵旗怪來肌骨瘦爲不食民脂
越上別苑景文
君家難弟兄當世結詩盟五字關風雅千年說姓名逺　　　
烟拖栁色薄月瀉灘聱又作耶溪列何時話此情
隱者山房
家住白雲深好山青對門樹肥花結子土暖竹生孫猿","一枝蒼玉瘦雅稱地行仙不但挑詩巻猶堪挂酒錢看
梅敲雪落引鶴卓苔穿尺恐風雷夜化龍飛上天
　　　送人之平江報刺季守
送君何處遊一劍古蘇州螃蠏黃花節鱸魚碧水秋尋
碑松塢寺按曲酒家樓況爾鰌多能者膺門必見留
　　　孫景翔幽居
厭踏軟紅塵闗居江上村養魚寬鑿沼愛竹別移門月
色侵書幌山光入酒樽我慚行役擾猶未卜田園
　　　送劉仲鼎歸杭州
欲別又牽衣傷心故舊稀自憐爲客乆不忍送君歸逺
岫明殘雪空江淡落暉東風重回首一雁背人飛
贈王商翁䖏士
家住鏡湖隂龍鍾雪滿簪一生欠詩債半是忍飢吟有
水釣明月無錢脩破琴鷗飛兩下句聲價出鷄林
送暨陽田丞
三載浣花溪松邊日賦詩一官清似水衆口好如碑明
月輕歸棹清風亂綵旗怪來肌骨瘦爲不食民脂
越上別苑景文
君家難弟兄當世結詩盟五字關風雅千年說姓名逺　　　
烟拖栁色薄月瀉灘聱又作耶溪列何時話此情
隱者山房
家住白雲深好山青對門樹肥花結子土暖竹生孫猿",待标注,"{""行款"":""半页15行，行21字""}",,
164,164.jpg,164.jpg,一期,一期,"人負我平生遊
　　曹孝子祠
前登獵塲西遺廟當路傍長揖問故老云是古曹皇挺
身代父刑斧鑕甘自當至今百世下血食庇一方世降
徳日衰父子如參商原隰不見收溝壑等尋常安得見
斯人與世扶三綱廻車薦蘋藻涕下沾衣裳
　　　下菰城
迢迢下菰城乃在衡山址卜築自何人云是楚公子運
峯負崇墉重闉抱溪水得非蒸土成詎乃乆不圮衢路
化爲田睥睨猶可指牛羊恣耒牧狐兔穴不起想當豪
貴時賓客盛莫比髙門遊俠窟諸侯交贄禮劍佩紛相
摩雜杳曳珠履榮華不可常零落今如此豈徒雍門琴
獨下田文淚
蒼山走南門雉堞隠相並明湖渺東匯亂石皆北向勢
如渴虹奔飲首臨巨漲孤亭壓其顛窪石類盆盎十手
可對飲斧鑿自天匠平生愛山水脫身事幽訪落帆絶
壁下登探俯清曠冥冥沙鳥逝泛泛漁舟漾崩崖露黃
膓云是古人葬我聞襄陽山茲名乃相況羊公仁足懐
杜子功可尚當時一濟攀山勢益増壯愧我非古人登
茲獨惆悵且當隨鷗鷺散髮凌浩蕩長嘯天地間身名
两俱妄【並音傍与忘皆去声】","人負我平生遊
　　曹孝子祠
前登獵塲西遺廟當路傍長揖問故老云是古曹皇挺
身代父刑斧鑕甘自當至今百世下血食庇一方世降
徳日衰父子如參商原隰不見收溝壑等尋常安得見
斯人與世扶三綱廻車薦蘋藻涕下沾衣裳
　　　下菰城
迢迢下菰城乃在衡山址卜築自何人云是楚公子運
峯負崇墉重闉抱溪水得非蒸土成詎乃乆不圮衢路
化爲田睥睨猶可指牛羊恣耒牧狐兔穴不起想當豪
貴時賓客盛莫比髙門遊俠窟諸侯交贄禮劍佩紛相
摩雜杳曳珠履榮華不可常零落今如此豈徒雍門琴
獨下田文淚
蒼山走南門雉堞隠相並明湖渺東匯亂石皆北向勢
如渴虹奔飲首臨巨漲孤亭壓其顛窪石類盆盎十手
可對飲斧鑿自天匠平生愛山水脫身事幽訪落帆絶
壁下登探俯清曠冥冥沙鳥逝泛泛漁舟漾崩崖露黃
膓云是古人葬我聞襄陽山茲名乃相況羊公仁足懐
杜子功可尚當時一濟攀山勢益増壯愧我非古人登
茲獨惆悵且當隨鷗鷺散髮凌浩蕩長嘯天地間身名
两俱妄【並音傍与忘皆去声】",待标注,"{""行款"":""半页17行，行21字""}",,
165,165.jpg,165.jpg,一期,一期,"氣
翻胃諸虛
勞療咳逆
頭痛頭痛
眩暈腰脇痛
腳氣五痺疸
五痺蠱毒
諸淋
○卷之三
消渴赤白濁
水腫脹滿
積聚宿食
自汗虛煩
隂㿗痼冷
積熱諸血
痔滿脫肛
遺屍失架雜方附
諸蟲咽喉","氣
翻胃諸虛
勞療咳逆
頭痛頭痛
眩暈腰脇痛
腳氣五痺疸
五痺蠱毒
諸淋
○卷之三
消渴赤白濁
水腫脹滿
積聚宿食
自汗虛煩
隂㿗痼冷
積熱諸血
痔滿脫肛
遺屍失架雜方附
諸蟲咽喉",待标注,"{""行款"":""半页16行，行4字""}",,
166,166.jpg,166.jpg,一期,一期,"川芎各半兩　　　知丹二錢　　　羌活
薄荷　　　　　獨活各二錢半　細辛二錢
射香一錢另斫　牛黃半錢另斫　藿香一錢半
甜打華三兩　　　龍腦半錢另斫
右爲細末煉蜜爲丸氣兩作十九臨臥嚼一丸煎愈風湯調下㧥
上清肺氣下強骨髓
川芎石膏湯齒經驗方治風熱上攻頭目眩痛咽乾煩渴
川芎       芍藥　　　　當歸
山梔子各半兩　　甘草三兩    黃芩　
大黃　　　　　　菊花　　　　　荊芥穗各半兩
防風一兩　　　　人參　　　　　白朮各半兩
滑石四兩　　　　寒水石二兩　　達麻
薄荷葉各一兩　　　縮砂仁二錢　　石膏一兩
桔梗一兩
右爲細末每服二錢水一盞煎食後服熱甚者冷水調下
杏核根煮熟薑半分水調下
防風通聖散宣理方治一切風熱疥癘等疾","川芎各半兩　　　知丹二錢　　　羌活
薄荷　　　　　獨活各二錢半　細辛二錢
射香一錢另斫　牛黃半錢另斫　藿香一錢半
甜打華三兩　　　龍腦半錢另斫
右爲細末煉蜜爲丸氣兩作十九臨臥嚼一丸煎愈風湯調下㧥
上清肺氣下強骨髓
川芎石膏湯齒經驗方治風熱上攻頭目眩痛咽乾煩渴
川芎       芍藥　　　　當歸
山梔子各半兩　　甘草三兩    黃芩　
大黃　　　　　　菊花　　　　　荊芥穗各半兩
防風一兩　　　　人參　　　　　白朮各半兩
滑石四兩　　　　寒水石二兩　　達麻
薄荷葉各一兩　　　縮砂仁二錢　　石膏一兩
桔梗一兩
右爲細末每服二錢水一盞煎食後服熱甚者冷水調下
杏核根煮熟薑半分水調下
防風通聖散宣理方治一切風熱疥癘等疾",待标注,"{""行款"":""半页15行，行11字""}",,
167,167.jpg,167.jpg,一期,一期,"新刊袖珍方緫目録任
○卷之一任
風寒
暑【附絞腸沙】濕
傷寒瘧
痢嘔吐
泄瀉霍亂
秘结咳嗽
痰氣喘急
○卷之二","新刊袖珍方緫目録任
○卷之一任
風寒
暑【附絞腸沙】濕
傷寒瘧
痢嘔吐
泄瀉霍亂
秘结咳嗽
痰氣喘急
○卷之二",待标注,"{""行款"":""半页9行，行4字""}",,
168,168.jpg,168.jpg,一期,一期,"天明之運
乾坤覆載感歸
一統之尊民物阜康人文宣朗匪表章扵今日曷垂示
扵將來粤昔虞代幅員備存禹貢周家疆域悉著軄
方惟敷土經野之詳故享國歴年之乆降自炎漢下
逮胡元志地理者數百家紀方輿者累千巻若非泛
而弗切則或畧而未明扵是厪
聖祖之至情念輿圖之重事爰
命儒以纂集冀成書以鋪張博采雖周全功未究時如
有待事豈偶然
皇帝陛下
剛徤欽文
聦明英武重華協
帝已臻盛治扵前申命自
天復績洪圖扵後
志兼隆於千古
勤獨斷扵萬幾凡聖賢經世之圖咸留
睿覽扵
祖宗待成之志尤軫
淵衷肆宵旰之靡遑益繼述之是務顧惟","天明之運
乾坤覆載感歸
一統之尊民物阜康人文宣朗匪表章扵今日曷垂示
扵將來粤昔虞代幅員備存禹貢周家疆域悉著軄
方惟敷土經野之詳故享國歴年之乆降自炎漢下
逮胡元志地理者數百家紀方輿者累千巻若非泛
而弗切則或畧而未明扵是厪
聖祖之至情念輿圖之重事爰
命儒以纂集冀成書以鋪張博采雖周全功未究時如
有待事豈偶然
皇帝陛下
剛徤欽文
聦明英武重華協
帝已臻盛治扵前申命自
天復績洪圖扵後
志兼隆於千古
勤獨斷扵萬幾凡聖賢經世之圖咸留
睿覽扵
祖宗待成之志尤軫
淵衷肆宵旰之靡遑益繼述之是務顧惟",待标注,"{""行款"":""半页9行，行20字""}",,
169,169.jpg,169.jpg,一期,一期,"巨細皆所當知雖歴代地志具
存可考然其間簡或脫略詳或
冗複甚至得此失彼舛訛殽雜
往往不能無遺憾也肆我
太宗文皇帝慨然有志扵是遂遣
使徧采天下郡邑圖籍特命儒
臣大加脩纂必欲成書貽謀子
孫以嘉惠天下後世惜乎書未
就緒而
龍馭上賓朕念
祖宗之志有未成者謹當繼述乃
命文學之臣重加編輯俾繁簡
適宜去取惟當務臻精要用厎
全書庶可繼成","巨細皆所當知雖歴代地志具
存可考然其間簡或脫略詳或
冗複甚至得此失彼舛訛殽雜
往往不能無遺憾也肆我
太宗文皇帝慨然有志扵是遂遣
使徧采天下郡邑圖籍特命儒
臣大加脩纂必欲成書貽謀子
孫以嘉惠天下後世惜乎書未
就緒而
龍馭上賓朕念
祖宗之志有未成者謹當繼述乃
命文學之臣重加編輯俾繁簡
適宜去取惟當務臻精要用厎
全書庶可繼成",待标注,"{""行款"":""半页11行，行12字""}",,
170,170.jpg,170.jpg,一期,一期,"大明一綂志卷之十九【一官來此四經春不愧蒼天不愧民神道有靈應信我去時猶似到時貧】
【御寳】山西布政司
山西古冀州地漢分冀州西境河東等郡屬司隷置幷
州部刺史察舉太原上黨寧中雁門等郡而不常所治
東漢幷州治晉陽唐貞觀初置河東道開元中置河東
採訪處置使治蒲州後改採訪爲觀察其治仍舊宋置
河東路經畧安撫使以太原守臣兼領元以冀寧諸路
直隸省部置河東山西道宣慰使司于大同置河東山
西道肅政廉訪司于冀寧
本朝置山西等處承宣布政使司領太原平陽大同三府","大明一綂志卷之十九【一官來此四經春不愧蒼天不愧民神道有靈應信我去時猶似到時貧】
【御寳】山西布政司
山西古冀州地漢分冀州西境河東等郡屬司隷置幷
州部刺史察舉太原上黨寧中雁門等郡而不常所治
東漢幷州治晉陽唐貞觀初置河東道開元中置河東
採訪處置使治蒲州後改採訪爲觀察其治仍舊宋置
河東路經畧安撫使以太原守臣兼領元以冀寧諸路
直隸省部置河東山西道宣慰使司于大同置河東山
西道肅政廉訪司于冀寧
本朝置山西等處承宣布政使司領太原平陽大同三府",待标注,"{""行款"":""半页8行，行21字""}",,
171,171.jpg,171.jpg,一期,一期,"夫齊荼野幕之弒事起陽生楚靈乾谿之縊禍因常
壽而春秋歸罪於陳乞公子比者不其逺乎曰野幕
之弒罪歸陳乞陽生之罪可知矣乾谿之縊罪歸子
比常壽之罪可知矣春秋之旨譬酷吏決獄髮鉗之
刑尚猶不捨刀鋸之戮何自而逃
夫齊桓救衛不書狄滅晉文召王而云狩于河陽曰
狄實滅衛因桓救而獲全斯不滅矣文實召王因王
來而稱狩斯不召矣苟桓不能救衛文不能匡王必
書狄滅衛晉人召天王河陽矣故春秋之時滅人國
者多救人國者鮮仲尼旌其䘏患也皆周者衆朝周
者鮮仲尼旌其勤王也夫哀八年及十三年公再與
吳盟皆不書【八年註云不書盟恥吳夷十三年注云不書諸矦恥之故不錄也】桓二
年公及戎盟于唐則書吳實華族其道夷也以強要
盟不曰夷乎戎實夷族其道華也以道好盟不曰華
乎故恥而不書懲也以戎而書勸也
夫桓二年書曰宋華督弒其君與夷及其大夫孔父
僖十年又書曰里克殺其君卓及其大夫荀息夫君
稱弒也而云及者是君臣無別也弒之者罪臣下也
夫孔父以奪室見弒荀息以立君被誅是無辜之怨
是以及襃之者何自臣及君也蓋貶華父與里克也
俾孔父之死如與夷之死荀息之死如卓子之死及
之者貴之也","夫齊荼野幕之弒事起陽生楚靈乾谿之縊禍因常
壽而春秋歸罪於陳乞公子比者不其逺乎曰野幕
之弒罪歸陳乞陽生之罪可知矣乾谿之縊罪歸子
比常壽之罪可知矣春秋之旨譬酷吏決獄髮鉗之
刑尚猶不捨刀鋸之戮何自而逃
夫齊桓救衛不書狄滅晉文召王而云狩于河陽曰
狄實滅衛因桓救而獲全斯不滅矣文實召王因王
來而稱狩斯不召矣苟桓不能救衛文不能匡王必
書狄滅衛晉人召天王河陽矣故春秋之時滅人國
者多救人國者鮮仲尼旌其䘏患也皆周者衆朝周
者鮮仲尼旌其勤王也夫哀八年及十三年公再與
吳盟皆不書【八年註云不書盟恥吳夷十三年注云不書諸矦恥之故不錄也】桓二
年公及戎盟于唐則書吳實華族其道夷也以強要
盟不曰夷乎戎實夷族其道華也以道好盟不曰華
乎故恥而不書懲也以戎而書勸也
夫桓二年書曰宋華督弒其君與夷及其大夫孔父
僖十年又書曰里克殺其君卓及其大夫荀息夫君
稱弒也而云及者是君臣無別也弒之者罪臣下也
夫孔父以奪室見弒荀息以立君被誅是無辜之怨
是以及襃之者何自臣及君也蓋貶華父與里克也
俾孔父之死如與夷之死荀息之死如卓子之死及
之者貴之也",待标注,"{""行款"":""半页21行，行20字""}",,
172,172.jpg,172.jpg,一期,一期,"衰隴民　　　奉獻致政裴秘監
秋夜有懐　　　喜鵲
蚊子　　　　　鹿門夏日
偶書               讀書
貧居秋日　　　閑夜酒醒
秋江曉望　　　旅舎除夜
過福上人舊居　陪江西裴公遊延慶寺
西塞山泊漁家　襄州春遊
送從弟歸復州　皮子世録
唐皮日休文數目錄
唐皮日休文數卷第一
賦
霍山賦　　　　　憂賦
河橋賦               桃花賦
霍山賦【幷序】
臣日休以文爲命士所至州縣山川未甞不求其風
謡以頌以文幸上發輶軒使得採以聞六年至壽之
駢邑曰霍山山故岳也邑贅于阯至之二日離邑一
舍望乎嶽將頌之文也及見之則目乎贑手乎嚲心
乎聳神乎瞀始欲狂其文冩其狀如丹青之不差也
頌其風文其謡如金石之永播也既而其精怯然搏","衰隴民　　　奉獻致政裴秘監
秋夜有懐　　　喜鵲
蚊子　　　　　鹿門夏日
偶書               讀書
貧居秋日　　　閑夜酒醒
秋江曉望　　　旅舎除夜
過福上人舊居　陪江西裴公遊延慶寺
西塞山泊漁家　襄州春遊
送從弟歸復州　皮子世録
唐皮日休文數目錄
唐皮日休文數卷第一
賦
霍山賦　　　　　憂賦
河橋賦               桃花賦
霍山賦【幷序】
臣日休以文爲命士所至州縣山川未甞不求其風
謡以頌以文幸上發輶軒使得採以聞六年至壽之
駢邑曰霍山山故岳也邑贅于阯至之二日離邑一
舍望乎嶽將頌之文也及見之則目乎贑手乎嚲心
乎聳神乎瞀始欲狂其文冩其狀如丹青之不差也
頌其風文其謡如金石之永播也既而其精怯然搏",待标注,"{""行款"":""半页7行，行20字""}",,
173,173.jpg,173.jpg,一期,一期,"兮如慕臭之蟞蜉以大鵬爲爵兮以康瓠爲㼶以袞
衣爲褋兮以黎丘爲墟以鄭姬爲醜兮以子產爲愚
以鮑焦爲貪兮以孔聖爲誣吾將奮鱗於大空兮奚
獨慕此江湖吾將發榮於蟠桃兮奚獨守此蒿蔞吾
將蕩其魄兮驂風軔與軋車謁帝於冥冥之天兮秉
其生殺之樞將飄飄以高逝兮亦何必懷此姦邪之
故都
潔死
堯死兮舜滅禹殄兮湯絶似玉兮將沉如金兮未浸
行以仁兮止以義生以貞兮死以潔念余曽不足以
蹈聖閫兮亦慕茲而自悅湘浦兮煙深沅江兮風切
顧影兮自憐撫躬兮永訣鬼慘兮天愁雨泣兮泉咽
竟汩沒以奫淪兮永幽憂而怫鬱湘之山兮未盡湘
之流兮不竭千秋兮愁雲萬古兮明月靈均之冤兮
孰能銷其氣靈均之愁兮孰能釋其結來者之目鑒
兮無致位於牙孽
悼賈【并序】
余嘗讀賈誼新書見其經濟之道真命世王佐之才
也自漢氏革嬴高祖得於矢石不暇延儒人及爲天
子制缺度弛處華而夷是時獨有叔孫生能定朝儀
其制未悉唯生草其書欲以制屈諸矦推定正朔調
革輿服通流貨幣天不祐漢絳灌興謗竟枉其道出","兮如慕臭之蟞蜉以大鵬爲爵兮以康瓠爲㼶以袞
衣爲褋兮以黎丘爲墟以鄭姬爲醜兮以子產爲愚
以鮑焦爲貪兮以孔聖爲誣吾將奮鱗於大空兮奚
獨慕此江湖吾將發榮於蟠桃兮奚獨守此蒿蔞吾
將蕩其魄兮驂風軔與軋車謁帝於冥冥之天兮秉
其生殺之樞將飄飄以高逝兮亦何必懷此姦邪之
故都
潔死
堯死兮舜滅禹殄兮湯絶似玉兮將沉如金兮未浸
行以仁兮止以義生以貞兮死以潔念余曽不足以
蹈聖閫兮亦慕茲而自悅湘浦兮煙深沅江兮風切
顧影兮自憐撫躬兮永訣鬼慘兮天愁雨泣兮泉咽
竟汩沒以奫淪兮永幽憂而怫鬱湘之山兮未盡湘
之流兮不竭千秋兮愁雲萬古兮明月靈均之冤兮
孰能銷其氣靈均之愁兮孰能釋其結來者之目鑒
兮無致位於牙孽
悼賈【并序】
余嘗讀賈誼新書見其經濟之道真命世王佐之才
也自漢氏革嬴高祖得於矢石不暇延儒人及爲天
子制缺度弛處華而夷是時獨有叔孫生能定朝儀
其制未悉唯生草其書欲以制屈諸矦推定正朔調
革輿服通流貨幣天不祐漢絳灌興謗竟枉其道出",待标注,"{""行款"":""半页18行，行20字""}",,
174,174.jpg,174.jpg,一期,一期,"適子素館撫孤相泣【濟曰素故也孤湛子也言適湛故館撫湛之子與之同泣也善曰毛孫曰適
子之館兮撫孤羊舌氏叔向也已見廣絶交論】前思未弭後感仍集積悲滿懐
逝矣安及嗚呼哀哉【良曰前思謂平生所思也弭止也後感謂其孤子也仍重也逝往也言我徒積
悲懐往者何能追及也善曰賈逵國語注曰弭忘也】
馬汧督誄一首【並序翰曰馬敦爲汧督爲氏羌所攻執節戰而存汧城爲州司所
嫉發憤死於獄中善曰臧榮緒晉書曰汧督馬敦立功孤城爲州司所枉死於囹圄岳誄之】
潘安仁
惟元康七年秋九月十五日晉故督守關中侯
扶風馬君卒嗚呼哀哉初雍部之內屬羗友未
弭而編戶之氐又肆逆焉【銑曰元康惠帝年號弭息也編戶謂附晉爲百姓之氐也肆縱
也言縱暴爲逆也善曰傳暢晉諸公讃曰惠帝元康五年武庫火
地盧水胡蘭羗因此爲亂推齊萬年爲主社預左氏傳注曰弭息
也漢書呂后曰諸將與帝爲編戶人】雖王旅致討終於殄滅而蜂蠆【勑邁】
有毒驟失小利【向曰王旅王師也蜂蠆謂蟲之有毒者喻羌氐爲患也驟數也言雖爲國家絶滅然數失
小利也善曰毛詩曰王旅嘽嘽左氏傳臧文仲曰君無謂邾小蜂蠆有毒況國乎】俾百姓流亡頻於
塗炭【齊曰俾使也使百姓流喪頻墜塗炭也善曰毛詩曰人卒流亡尚書曰有夏昏德民墜塗炭】建威喪
元於好畤州伯宵遯乎大谿【良曰周處為建威將軍元首爲氏羌賊齊萬年所殺
好畤縣名解系爲雍州刺史爲氐羌賊庶元所破夜走大谿宵夜也大谿地名善曰王隱晉書解系為雍州刺史又曰朝廷以周處忠
烈欲遣討氏乃拜為建威將軍又曰周處解系與賊戰于六陌軍敗周處死之孟子曰勇士不忘喪其元左氏傳曰秦師夜逐】若
夫偏師裨【毗】將之隕首覆車【善本作軍】者蓋以十數
【翰曰偏邪亦偏也言偏將爲賊所敗殺者數十人也善曰左氏傳韓子曰彘以偏師陷子罪大矣漢書曰大將軍霍去病禆將侯者九人
漢書谷永上書曰齊客殞首公門以報恩施史記齊使人說越曰韓之攻楚覆其軍殺其將】剖符專城紆青
拖紫【善本作墨字】之司奔走失其守者相望於境【銑曰剖符謂剖】","適子素館撫孤相泣【濟曰素故也孤湛子也言適湛故館撫湛之子與之同泣也善曰毛孫曰適
子之館兮撫孤羊舌氏叔向也已見廣絶交論】前思未弭後感仍集積悲滿懐
逝矣安及嗚呼哀哉【良曰前思謂平生所思也弭止也後感謂其孤子也仍重也逝往也言我徒積
悲懐往者何能追及也善曰賈逵國語注曰弭忘也】
馬汧督誄一首【並序翰曰馬敦爲汧督爲氏羌所攻執節戰而存汧城爲州司所
嫉發憤死於獄中善曰臧榮緒晉書曰汧督馬敦立功孤城爲州司所枉死於囹圄岳誄之】
潘安仁
惟元康七年秋九月十五日晉故督守關中侯
扶風馬君卒嗚呼哀哉初雍部之內屬羗友未
弭而編戶之氐又肆逆焉【銑曰元康惠帝年號弭息也編戶謂附晉爲百姓之氐也肆縱
也言縱暴爲逆也善曰傳暢晉諸公讃曰惠帝元康五年武庫火
地盧水胡蘭羗因此爲亂推齊萬年爲主社預左氏傳注曰弭息
也漢書呂后曰諸將與帝爲編戶人】雖王旅致討終於殄滅而蜂蠆【勑邁】
有毒驟失小利【向曰王旅王師也蜂蠆謂蟲之有毒者喻羌氐爲患也驟數也言雖爲國家絶滅然數失
小利也善曰毛詩曰王旅嘽嘽左氏傳臧文仲曰君無謂邾小蜂蠆有毒況國乎】俾百姓流亡頻於
塗炭【齊曰俾使也使百姓流喪頻墜塗炭也善曰毛詩曰人卒流亡尚書曰有夏昏德民墜塗炭】建威喪
元於好畤州伯宵遯乎大谿【良曰周處為建威將軍元首爲氏羌賊齊萬年所殺
好畤縣名解系爲雍州刺史爲氐羌賊庶元所破夜走大谿宵夜也大谿地名善曰王隱晉書解系為雍州刺史又曰朝廷以周處忠
烈欲遣討氏乃拜為建威將軍又曰周處解系與賊戰于六陌軍敗周處死之孟子曰勇士不忘喪其元左氏傳曰秦師夜逐】若
夫偏師裨【毗】將之隕首覆車【善本作軍】者蓋以十數
【翰曰偏邪亦偏也言偏將爲賊所敗殺者數十人也善曰左氏傳韓子曰彘以偏師陷子罪大矣漢書曰大將軍霍去病禆將侯者九人
漢書谷永上書曰齊客殞首公門以報恩施史記齊使人說越曰韓之攻楚覆其軍殺其將】剖符專城紆青
拖紫【善本作墨字】之司奔走失其守者相望於境【銑曰剖符謂剖】",待标注,"{""行款"":""半页16行，行42字""}",,
175,175.jpg,175.jpg,一期,一期,"追【銑曰此榮非庶幾所能及但親密之情是所希望豈不慕髙軌但蹤跡貌遠難可追攀也善曰賈逵國語注曰庶異也廣雅
曰希庶也司馬彪莊子注曰企望也蔡邕袁陽碑曰邈矣髙蹤孰能克茲毛詩曰麟之趾振振公子】臨川靡芳餌
何爲守空【善本作空守】坻【翰曰餌釣肉也坻河岸也言釣者無餌守於空岸終非得魚言此以喻於已也
善曰芳餌以喻令德也歸田賦曰徒臨川以羨魚吳越春秋大夫種曰深川之魚死於芳餌餌魚食也莊子曰任公爲大釣犗牛以為餌
淮南子曰黃帝化天下也漁者不爭坻】槁葉待風飄逝將與君違【濟曰咸時出爲異州
刺史將發如枯槁之葉待風之飄也逝往違離也善曰槁葉自喻也毛詩曰籜兮籜兮風其吹女鄭玄曰木葉槁得風乃落毛詩曰逝
將去汝毛長詩傳曰違離也】違君能無戀尸素當言歸【良曰離君豈能無眷戀但
自恨尸祿素餐當歸也善曰韓詩曰何謂素餐素者質人但有質朴無治之材名曰素餐尸祿者頗有所知善惡不言默然不語苟欲
得祿而已譬若尸矣毛詩曰旋言歸】歸身蓬蓽廬藥道以忘饑【向曰蓬蓽
廬草庵也言歸此以樂先王之道將忘其饑也善曰劉向雅琴賦曰潛坐蓬蓽之中禮記孔子曰儒有蓽門圭竇毛詩曰泌之洋洋可
以樂饑毛萇曰言可以樂道忘饑】進則無云補退則恤其私【濟曰云補謂以言補","追【銑曰此榮非庶幾所能及但親密之情是所希望豈不慕髙軌但蹤跡貌遠難可追攀也善曰賈逵國語注曰庶異也廣雅
曰希庶也司馬彪莊子注曰企望也蔡邕袁陽碑曰邈矣髙蹤孰能克茲毛詩曰麟之趾振振公子】臨川靡芳餌
何爲守空【善本作空守】坻【翰曰餌釣肉也坻河岸也言釣者無餌守於空岸終非得魚言此以喻於已也
善曰芳餌以喻令德也歸田賦曰徒臨川以羨魚吳越春秋大夫種曰深川之魚死於芳餌餌魚食也莊子曰任公爲大釣犗牛以為餌
淮南子曰黃帝化天下也漁者不爭坻】槁葉待風飄逝將與君違【濟曰咸時出爲異州
刺史將發如枯槁之葉待風之飄也逝往違離也善曰槁葉自喻也毛詩曰籜兮籜兮風其吹女鄭玄曰木葉槁得風乃落毛詩曰逝
將去汝毛長詩傳曰違離也】違君能無戀尸素當言歸【良曰離君豈能無眷戀但
自恨尸祿素餐當歸也善曰韓詩曰何謂素餐素者質人但有質朴無治之材名曰素餐尸祿者頗有所知善惡不言默然不語苟欲
得祿而已譬若尸矣毛詩曰旋言歸】歸身蓬蓽廬藥道以忘饑【向曰蓬蓽
廬草庵也言歸此以樂先王之道將忘其饑也善曰劉向雅琴賦曰潛坐蓬蓽之中禮記孔子曰儒有蓽門圭竇毛詩曰泌之洋洋可
以樂饑毛萇曰言可以樂道忘饑】進則無云補退則恤其私【濟曰云補謂以言補",待标注,"{""行款"":""半页10行，行51字""}",,
176,176.jpg,176.jpg,一期,一期,"修之筆海周廵緜嶠品盈尺之珍楚望長瀾搜
徑寸之寳故撰斯一集名曰文選後進英髦咸
資準的伏惟
陛下經緯成徳文思垂風則大居尊耀三辰之
珠璧希聲應物宣六代之雲英孰可撮壤崇山
導涓宗海㠯蓬衡最品樗散陋姿汾河委筞夙
非成誦崇山墜簡未議澄心握玩斯文載移涼
燠有欣永日實昧通津故勉十舎之勞寄三餘
之暇弋釣書部願言注緝合成六十巻殺青甫
就輕用上聞享帚自珍緘石知謬敢有塵於廣
內庶無遺於小說謹詣闕奉進伏願鴻慈曲委
照覽謹言
【顯慶三年九月十七日文林郎守太子右內內率府錄事叅軍崇賢館旨一學士臣李善上表】
國子監准
勑節文五臣注文選傳行已久竊見李善文選
援引該贍典故分明若許雕印必大叚流布欲
乞差國子監說書官貟校定浄本後抄冩板本
更切對讀後上板就三館雕造候　勑旨奉
勑冝依所奏施行","修之筆海周廵緜嶠品盈尺之珍楚望長瀾搜
徑寸之寳故撰斯一集名曰文選後進英髦咸
資準的伏惟
陛下經緯成徳文思垂風則大居尊耀三辰之
珠璧希聲應物宣六代之雲英孰可撮壤崇山
導涓宗海㠯蓬衡最品樗散陋姿汾河委筞夙
非成誦崇山墜簡未議澄心握玩斯文載移涼
燠有欣永日實昧通津故勉十舎之勞寄三餘
之暇弋釣書部願言注緝合成六十巻殺青甫
就輕用上聞享帚自珍緘石知謬敢有塵於廣
內庶無遺於小說謹詣闕奉進伏願鴻慈曲委
照覽謹言
【顯慶三年九月十七日文林郎守太子右內內率府錄事叅軍崇賢館旨一學士臣李善上表】
國子監准
勑節文五臣注文選傳行已久竊見李善文選
援引該贍典故分明若許雕印必大叚流布欲
乞差國子監說書官貟校定浄本後抄冩板本
更切對讀後上板就三館雕造候　勑旨奉
勑冝依所奏施行",待标注,"{""行款"":""半页15行，行18字""}",,
177,177.jpg,177.jpg,一期,一期,"趣行事乎【趣司馬行其刑也】丁丑斬慶鄭乃入絳十五年惠
公卒懐公立【懐公子圉也魯僖二十二年自秦逃歸】秦乃召重耳於楚
而納之晉人殺懐公於高梁【高梁晉地】而授重耳實爲文
公
晉語第九國語
晉語第十國語韋氏解
文公在翟十二年【文公晉獻公庶子重耳也避驪姬之難魯僖五年歲在大火子蒲奔
翟至十六年嵗在壽星故在翟十二年】狐偃曰日五來此也【狐偃文公舅子犯也
日往日也】非以翟爲榮可以成事也【榮榮也成事成反國之事】吾曰奔
而易達【達至也】困而有資【資財也】休以擇利可以戾也【休見
也戾定也】今戾久矣戾久將底【底止也】底箸滯淫【箸附也滯廢也淫久
也】誰能興之【興起也】盍速行乎吾不適齊楚避其遠也
蓄力一紀可以遠矣【蓄養也十二年嵗星一周爲一紀】齊矦長矣而
欲親晉【齊矦桓公也長老也是嵗桓公爲淮之會明年而卒】管仲沒矣多讒在
側【沒終也讒謂易側牙豎刁之屬】謀而無正衷而思始【無正無正從也衷中也中","趣行事乎【趣司馬行其刑也】丁丑斬慶鄭乃入絳十五年惠
公卒懐公立【懐公子圉也魯僖二十二年自秦逃歸】秦乃召重耳於楚
而納之晉人殺懐公於高梁【高梁晉地】而授重耳實爲文
公
晉語第九國語
晉語第十國語韋氏解
文公在翟十二年【文公晉獻公庶子重耳也避驪姬之難魯僖五年歲在大火子蒲奔
翟至十六年嵗在壽星故在翟十二年】狐偃曰日五來此也【狐偃文公舅子犯也
日往日也】非以翟爲榮可以成事也【榮榮也成事成反國之事】吾曰奔
而易達【達至也】困而有資【資財也】休以擇利可以戾也【休見
也戾定也】今戾久矣戾久將底【底止也】底箸滯淫【箸附也滯廢也淫久
也】誰能興之【興起也】盍速行乎吾不適齊楚避其遠也
蓄力一紀可以遠矣【蓄養也十二年嵗星一周爲一紀】齊矦長矣而
欲親晉【齊矦桓公也長老也是嵗桓公爲淮之會明年而卒】管仲沒矣多讒在
側【沒終也讒謂易側牙豎刁之屬】謀而無正衷而思始【無正無正從也衷中也中",待标注,"{""行款"":""半页12行，行34字""}",,
178,178.jpg,178.jpg,一期,一期,"善者然所理釋猶有異同昭以木學淺
闇寡聞階數君之成訓思事義之是非
雖聡明䟽達識機之士知所去就然淺
愚心頗有所覺今諸家並行是非相貿
聞初學猶或未能祛過切不自料復爲
之解因賈君之精實採唐虞之信善亦
所以覺増潤補綴參之以五經檢之以
周語上第一國語韋氏解
穆王將征犬戎【穆王周康王之孫昭王之子穆王滿也征正也上討下之稱犬戎西戎之
別名在荒服】祭公謀父諫曰不可【祭畿內之國周公之後爲王卿士謀父字也傳
曰凢蔣邢茅胙祭周公之𦚯】先王耀德不觀兵【耀明也觀示也明徳尚道化也不示
兵者有大罪惡然後致誅不以小小而示威武】夫兵戢而時動動則威【戢聚也威
畏也時動謂王三時務農一時講武守則有時征則有威】觀則玩玩則無震【玩黷也震
懼也】是故周文公之頌曰【文公周公旦之諡也頌時邁之詩武王既伐紂周公爲作
此詩巡守告祭之樂歌】載戢干戈載櫜弓矢【戢則也干盾也戈戰也櫜韜也言天
下已定聚斂其干戈韜藏其弓矢示不復用】我求懿德肆于時夏【懿美也肆陳也
于於也時是也夏大也言武王常求美徳故陳其功於是夏而歌之樂章大#曰夏】#王保之
","善者然所理釋猶有異同昭以木學淺
闇寡聞階數君之成訓思事義之是非
雖聡明䟽達識機之士知所去就然淺
愚心頗有所覺今諸家並行是非相貿
聞初學猶或未能祛過切不自料復爲
之解因賈君之精實採唐虞之信善亦
所以覺増潤補綴參之以五經檢之以
周語上第一國語韋氏解
穆王將征犬戎【穆王周康王之孫昭王之子穆王滿也征正也上討下之稱犬戎西戎之
別名在荒服】祭公謀父諫曰不可【祭畿內之國周公之後爲王卿士謀父字也傳
曰凢蔣邢茅胙祭周公之𦚯】先王耀德不觀兵【耀明也觀示也明徳尚道化也不示
兵者有大罪惡然後致誅不以小小而示威武】夫兵戢而時動動則威【戢聚也威
畏也時動謂王三時務農一時講武守則有時征則有威】觀則玩玩則無震【玩黷也震
懼也】是故周文公之頌曰【文公周公旦之諡也頌時邁之詩武王既伐紂周公爲作
此詩巡守告祭之樂歌】載戢干戈載櫜弓矢【戢則也干盾也戈戰也櫜韜也言天
下已定聚斂其干戈韜藏其弓矢示不復用】我求懿德肆于時夏【懿美也肆陳也
于於也時是也夏大也言武王常求美徳故陳其功於是夏而歌之樂章大#曰夏】#王保之
",待标注,"{""行款"":""半页9行，行33字""}",,
179,179.jpg,179.jpg,一期,一期,"有原隰衍沃也衣食於是乎生【厲平曰原下濕曰隰下平曰衍有漑曰沃】
口之宣言也善敗於是乎興行善而備敗【民所善者行之其所
惡者備之】所以阜財用衣食者也【阜厚也】夫民慮之於心而
宣之於口成而行之胡可壅也若壅其口其與能幾
何【與辭也能幾何言不乆也】王弗聽於是國人莫敢出言三年乃
流王于彘【流放也彘晉地漢爲彘縣屬河東今曰永安】
厲王說榮夷公【說好也榮國名夷溢也】芮良夫曰【芮良夫周大夫芮伯也】
王室其將卑乎【卑微也】夫榮公好專利而不知大難【專擅
也】夫利百物之所生也【利生於物也專利是專百物】天地之所載
也【載成也地受天氣以成百物】而或專之其害多矣【害謂惡害榮公者多也孔
子曰放於利而行多怨】天地百物皆將取焉胡可專也【天地成百物民
皆將取用之何可專其利】所怒甚多而不備大難以是教王王能
久乎夫王人者將導利而布之上下者也【導開也布賦也上謂
天神下謂人物】使神人百物無不得其極【極中也】猶日怵惕懼
怨之來也【怵惕恐懼也】故頌曰思文后稷克配彼天立我
烝民莫匪爾極【頌周頌也思文謂郊祀后稷以配天之樂歌經緯天地曰文克能也烝眾
也莫無也匪不也爾女也極中也言周公思有文德者后稷其功乃能配於天謂堯時鴻水稷播百穀立
我眾民之道無不於女時得其中者功至大也】大雅曰陳錫載周【大雅文王之二章陳
布也錫賜也言文王布賜施利以載成周道】是不布利而懼難乎【言后稷文王既
布利又懼難也】故能載周以至于今今王學專利其可乎【言不","有原隰衍沃也衣食於是乎生【厲平曰原下濕曰隰下平曰衍有漑曰沃】
口之宣言也善敗於是乎興行善而備敗【民所善者行之其所
惡者備之】所以阜財用衣食者也【阜厚也】夫民慮之於心而
宣之於口成而行之胡可壅也若壅其口其與能幾
何【與辭也能幾何言不乆也】王弗聽於是國人莫敢出言三年乃
流王于彘【流放也彘晉地漢爲彘縣屬河東今曰永安】
厲王說榮夷公【說好也榮國名夷溢也】芮良夫曰【芮良夫周大夫芮伯也】
王室其將卑乎【卑微也】夫榮公好專利而不知大難【專擅
也】夫利百物之所生也【利生於物也專利是專百物】天地之所載
也【載成也地受天氣以成百物】而或專之其害多矣【害謂惡害榮公者多也孔
子曰放於利而行多怨】天地百物皆將取焉胡可專也【天地成百物民
皆將取用之何可專其利】所怒甚多而不備大難以是教王王能
久乎夫王人者將導利而布之上下者也【導開也布賦也上謂
天神下謂人物】使神人百物無不得其極【極中也】猶日怵惕懼
怨之來也【怵惕恐懼也】故頌曰思文后稷克配彼天立我
烝民莫匪爾極【頌周頌也思文謂郊祀后稷以配天之樂歌經緯天地曰文克能也烝眾
也莫無也匪不也爾女也極中也言周公思有文德者后稷其功乃能配於天謂堯時鴻水稷播百穀立
我眾民之道無不於女時得其中者功至大也】大雅曰陳錫載周【大雅文王之二章陳
布也錫賜也言文王布賜施利以載成周道】是不布利而懼難乎【言后稷文王既
布利又懼難也】故能載周以至于今今王學專利其可乎【言不",待标注,"{""行款"":""半页19行，行35字""}",,
180,180.jpg,180.jpg,一期,一期,"谷渾自晉永嘉之末始西渡洮水建國於群羌之故地至龍朔三年
爲吐蕃所滅凡三百五十年
焉耆國在京師西四千三百里東接髙昌西鄰龜茲即漢時故地其
王姓龍氏名突騎支勝兵二千餘人常役屬於西突厥其地良沃多
蒲萄頗有魚鹽之利貞觀六年突騎支遣使貢方物復請開大磧路
以便行李太宗許之自隋末罹亂磧路遂閉西域朝貢者皆由髙昌
及是髙昌大怒遂與焉耆結怨遣兵襲焉耆大掠而去西突厥莫賀
誤與咄陸弩失畢不恊奔于焉耆咄陸復來攻之六年遣便言狀幷
貢名馬時西突厥國亂太宗遣中郎將桑孝彥領左右升曹韋弘機
徃安撫之仍冊立咥利失可汗可汗既立素善焉耆今與焉耆爲援
十二年處月處密與髙昌攻陷焉耆五城掠男女一千五百人焚其
廬舍而去十四年侯君集討髙昌遣使與之相結焉耆王大喜請爲
聲援及破髙昌其王詣軍門稱謁焉耆人先爲髙昌所虜者悉歸之
由是遣使謝恩并貢方物具年西突厥重臣屈利啜爲其弟娶馬耆
王女由是相爲唇齒朝貢遂闕安西都護郭孝恪請擊之太宗許焉
會焉耆王弟頡單葉護兄弟三人來至西州孝恪選步騎三十出銀
山道以頡單弟粟婆臯爲鄉導焉耆所都城四面有水自恃險固不
虞於我孝恪倍道兼行夜至城下潛遣將士浮水而渡至曉一時攀
堞皷角齊震城中大擾孝恪縱兵擊之虜其王突騎支首虜千餘級
以粟婆凖導軍有功留攝國事而還時駕幸洛陽宮孝恪鏁突騎支
幷其妻子送行在所詔宥之初西突厥屈利啜將兵來援焉耆孝恪
還師三日屈利啜乃囚粟婆準而西突厥處般啜令其吐屯來攝焉
耆遣使朝貢大宗數之曰焉耆者我兵擊得決向人輒來統攝吐屯
懼而返國焉耆又立粟婆凖從父兄薛婆阿那支爲王處般啜乃執
粟婆凖送於龜茲皆爲所殺薛婆阿那支既得處般啜爲援遂有國
及阿史那杜爾之討龜茲阿那支大懼遂奔龜茲保其東城以禦官
軍杜爾擊擒之數其罪而斬焉求得阿那支從父弟先那凖立爲王
以修職貢及太宗葬昭陵乃刻石像龍突騎支之形列於玄闕之下","谷渾自晉永嘉之末始西渡洮水建國於群羌之故地至龍朔三年
爲吐蕃所滅凡三百五十年
焉耆國在京師西四千三百里東接髙昌西鄰龜茲即漢時故地其
王姓龍氏名突騎支勝兵二千餘人常役屬於西突厥其地良沃多
蒲萄頗有魚鹽之利貞觀六年突騎支遣使貢方物復請開大磧路
以便行李太宗許之自隋末罹亂磧路遂閉西域朝貢者皆由髙昌
及是髙昌大怒遂與焉耆結怨遣兵襲焉耆大掠而去西突厥莫賀
誤與咄陸弩失畢不恊奔于焉耆咄陸復來攻之六年遣便言狀幷
貢名馬時西突厥國亂太宗遣中郎將桑孝彥領左右升曹韋弘機
徃安撫之仍冊立咥利失可汗可汗既立素善焉耆今與焉耆爲援
十二年處月處密與髙昌攻陷焉耆五城掠男女一千五百人焚其
廬舍而去十四年侯君集討髙昌遣使與之相結焉耆王大喜請爲
聲援及破髙昌其王詣軍門稱謁焉耆人先爲髙昌所虜者悉歸之
由是遣使謝恩并貢方物具年西突厥重臣屈利啜爲其弟娶馬耆
王女由是相爲唇齒朝貢遂闕安西都護郭孝恪請擊之太宗許焉
會焉耆王弟頡單葉護兄弟三人來至西州孝恪選步騎三十出銀
山道以頡單弟粟婆臯爲鄉導焉耆所都城四面有水自恃險固不
虞於我孝恪倍道兼行夜至城下潛遣將士浮水而渡至曉一時攀
堞皷角齊震城中大擾孝恪縱兵擊之虜其王突騎支首虜千餘級
以粟婆凖導軍有功留攝國事而還時駕幸洛陽宮孝恪鏁突騎支
幷其妻子送行在所詔宥之初西突厥屈利啜將兵來援焉耆孝恪
還師三日屈利啜乃囚粟婆準而西突厥處般啜令其吐屯來攝焉
耆遣使朝貢大宗數之曰焉耆者我兵擊得決向人輒來統攝吐屯
懼而返國焉耆又立粟婆凖從父兄薛婆阿那支爲王處般啜乃執
粟婆凖送於龜茲皆爲所殺薛婆阿那支既得處般啜爲援遂有國
及阿史那杜爾之討龜茲阿那支大懼遂奔龜茲保其東城以禦官
軍杜爾擊擒之數其罪而斬焉求得阿那支從父弟先那凖立爲王
以修職貢及太宗葬昭陵乃刻石像龍突騎支之形列於玄闕之下",待标注,"{""行款"":""半页27行，行26字""}",,
181,181.jpg,181.jpg,一期,一期,"唐書本紀卷第四
劉晌等修
聞人詮校刻沈桐同校
高宗上
高宗天皇大聖大弘孝皇帝諱治太宗第九子也母曰文德順聖長
孫皇后以貞觀二年六月生於東宮之麗正殿五年封晉王七年遙
授幷州都督幼而岐嶷端審寬仁孝友初授孝經於著作郎蕭德言
太宗問曰此書中何言爲對曰夫孝始於事親中於事君終於安身
君子之事上進思盡忠退思補過將順其美匡救其惡太宗大悅曰
行此足以事父兄爲臣子矣及文德皇后崩晉王時年九歲哀慕感
動左右太宗屢加慰撫由是特深寵異尋拜右武候大將軍十七年
皇太子承乾廢魏王泰亦以罪黜太宗與長孫無忌房多齡李勣等
計議立晉王爲皇太子太宗母視朝常令在側觀決庻政或令叅議
太宗數稱其善十八年太宗將伐高麗命太子留鎮定州及駕發有
聞人詮校刻尤桐同校","唐書本紀卷第四
劉晌等修
聞人詮校刻沈桐同校
高宗上
高宗天皇大聖大弘孝皇帝諱治太宗第九子也母曰文德順聖長
孫皇后以貞觀二年六月生於東宮之麗正殿五年封晉王七年遙
授幷州都督幼而岐嶷端審寬仁孝友初授孝經於著作郎蕭德言
太宗問曰此書中何言爲對曰夫孝始於事親中於事君終於安身
君子之事上進思盡忠退思補過將順其美匡救其惡太宗大悅曰
行此足以事父兄爲臣子矣及文德皇后崩晉王時年九歲哀慕感
動左右太宗屢加慰撫由是特深寵異尋拜右武候大將軍十七年
皇太子承乾廢魏王泰亦以罪黜太宗與長孫無忌房多齡李勣等
計議立晉王爲皇太子太宗母視朝常令在側觀決庻政或令叅議
太宗數稱其善十八年太宗將伐高麗命太子留鎮定州及駕發有
聞人詮校刻尤桐同校",待标注,"{""行款"":""半页10行，行26字""}",,
182,182.jpg,182.jpg,一期,一期,"之天億斯慶兆斯年
配帝舞
帝出於震蒼德於神其明在日其位居春勞以定國
功以施人言從配祀近取諸身
赤帝雲門舞
招搖指午對南宮日月相會實沈中離光布政動溫
風純陽之月樂炎精赤雀丹書飛送迎朱絃絳鼔罄
虔誠萬物含養各長生
配帝舞
以炎爲政以火爲官位司南陸享配離壇三和實爼
百味浮蘭神其茂豫天步艱難
皇帝雲門舞
三光儀表正四氣風雲同戊己行初曆黃鐘始變官
平琮禮內鎮隂管奏司中齊壇芝曄曄清野桂馮馮
夕牢芬六鼎安歌韻八風神光乃超忽嘉氣恆蔥蔥
配帝舞
四時咸一徳五氣或同論猶吹鳳皇管尚對梧桐園
器圜居土厚位總配神宗始知今奏樂還用我雲門
白帝雲門舞
肅靈兊景承配秋壇雲髙火落露白蟬寒帝律登年
金精行令瑞獸霜耀祥禽雲暎司藏肅殺萬寶咸宜
厥田上收功在斯","之天億斯慶兆斯年
配帝舞
帝出於震蒼德於神其明在日其位居春勞以定國
功以施人言從配祀近取諸身
赤帝雲門舞
招搖指午對南宮日月相會實沈中離光布政動溫
風純陽之月樂炎精赤雀丹書飛送迎朱絃絳鼔罄
虔誠萬物含養各長生
配帝舞
以炎爲政以火爲官位司南陸享配離壇三和實爼
百味浮蘭神其茂豫天步艱難
皇帝雲門舞
三光儀表正四氣風雲同戊己行初曆黃鐘始變官
平琮禮內鎮隂管奏司中齊壇芝曄曄清野桂馮馮
夕牢芬六鼎安歌韻八風神光乃超忽嘉氣恆蔥蔥
配帝舞
四時咸一徳五氣或同論猶吹鳳皇管尚對梧桐園
器圜居土厚位總配神宗始知今奏樂還用我雲門
白帝雲門舞
肅靈兊景承配秋壇雲髙火落露白蟬寒帝律登年
金精行令瑞獸霜耀祥禽雲暎司藏肅殺萬寶咸宜
厥田上收功在斯",待标注,"{""行款"":""半页13行，行20字""}",,
183,183.jpg,183.jpg,一期,一期,"離子勦絶
庾開府詩集巻一
庾開府詩集巻二
庾信子山
詩
奉和永豐殿下言志【十首】
立德齊今古咨仁一毀譽無機抱甕汲有道帶經鋤
處下唯名惠能賢本姓蘧末論驚寵辱安知繫【慘舒】
王子從邊服臨卭惜第如星橋擁冦蓋錦水照簮裾
論文報潘岳詠史答應璩帳幕參三顧風流盛【七輿】
茫茫實宇宙與善定馮虛大夫傷魯道君子念殷墟
程卿既開國安平遂徙居詎能從小隱終能遊【太初】
直城風日美平陵雲霧除來往金張舘絃歌許史閭","離子勦絶
庾開府詩集巻一
庾開府詩集巻二
庾信子山
詩
奉和永豐殿下言志【十首】
立德齊今古咨仁一毀譽無機抱甕汲有道帶經鋤
處下唯名惠能賢本姓蘧末論驚寵辱安知繫【慘舒】
王子從邊服臨卭惜第如星橋擁冦蓋錦水照簮裾
論文報潘岳詠史答應璩帳幕參三顧風流盛【七輿】
茫茫實宇宙與善定馮虛大夫傷魯道君子念殷墟
程卿既開國安平遂徙居詎能從小隱終能遊【太初】
直城風日美平陵雲霧除來往金張舘絃歌許史閭",待标注,"{""行款"":""半页8行，行20字""}",,
184,184.jpg,184.jpg,一期,一期,"實欣懐謾問逢君理入微
和王少保遙傷周處士
冥漠爾逰岱悽涼余向秦雖言異生死同是不歸人
㫺余仕寇蓋值子避風塵望氣求真隱伺關待逸民
忽聞泉石友芝桂不防身悵然張仲蔚悲哉鄭子真
三山猶有鶴五柳㪅應春逺令從渭水投釣往江濱
擬詠懷【二十七首】
步兵未飲酒中散未彈琴索索無真氣昏昏有俗心
涸鮒常思水驚飛每失林風雲能變色松竹且悲吟
由來不得意何必往長岑
倐忽市朝變蒼茫人事非避讒應采葛忘情遂食薇
懷愁正搖落中心愴有違獨憐生意盡空驚槐【樹衰】
赭衣居傅巖垂綸在渭川乗舟能上月飛幰欲捫天
誰知志不就空有直如弦洛陽蘇季子連橫遂不連
既無六國印翻思二頃田
俎豆非所習帷幄復無謀不言班定逺應爲萬里侯
燕客思遼水秦人望隴頭倡家遭強聘質子值仍留
自憐才智盡空傷年鬢秋
楚材稱晉用秦臣即趙冠離宮延子產羈旅接陳完
寓衛非所寓安齊獨未安雪泣悲去魯悽然憶相韓
唯彼途窮慟知余行路難
惟忠且惟孝爲子復爲臣一朝人事盡身名不足親","實欣懐謾問逢君理入微
和王少保遙傷周處士
冥漠爾逰岱悽涼余向秦雖言異生死同是不歸人
㫺余仕寇蓋值子避風塵望氣求真隱伺關待逸民
忽聞泉石友芝桂不防身悵然張仲蔚悲哉鄭子真
三山猶有鶴五柳㪅應春逺令從渭水投釣往江濱
擬詠懷【二十七首】
步兵未飲酒中散未彈琴索索無真氣昏昏有俗心
涸鮒常思水驚飛每失林風雲能變色松竹且悲吟
由來不得意何必往長岑
倐忽市朝變蒼茫人事非避讒應采葛忘情遂食薇
懷愁正搖落中心愴有違獨憐生意盡空驚槐【樹衰】
赭衣居傅巖垂綸在渭川乗舟能上月飛幰欲捫天
誰知志不就空有直如弦洛陽蘇季子連橫遂不連
既無六國印翻思二頃田
俎豆非所習帷幄復無謀不言班定逺應爲萬里侯
燕客思遼水秦人望隴頭倡家遭強聘質子值仍留
自憐才智盡空傷年鬢秋
楚材稱晉用秦臣即趙冠離宮延子產羈旅接陳完
寓衛非所寓安齊獨未安雪泣悲去魯悽然憶相韓
唯彼途窮慟知余行路難
惟忠且惟孝爲子復爲臣一朝人事盡身名不足親",待标注,"{""行款"":""半页15行，行20字""}",,
185,185.jpg,185.jpg,一期,一期,"不可取者非其說也夫善用鍼者取其疾也
猶拔刺也猶雪汚也猶解結也猶決閇也疾
雖久猶可畢也言不可治者未得其術也刺
諸熱者如以手探湯刺寒清者如人不欲行
隂有陽疾者取之下陵三里正徃無殆氣下
乃止不下復始也疾高而內者取之隂之陵
泉疾高而外者取之陽之陵泉也
宛陳【上音鬱又音蘊又於阮切】氂【莫髙切又音毫】在腧【春遇切】鑱
【鉏銜切】鍉【音低】鈹【音皮】蚩喙【下計穢切】取三脈者恇【曲王
切謹按恇謂不足也】脖胦【上蒲沒切下烏朗切又於桑切】溜【謹按難經當作
流】榮【音營絶小水也】
○本輸第二【法地】
黃帝問於歧伯曰凡刺之道必通十二經絡
之所終始絡脈之所別處五輸之所留六府
之所與合四時之所出入五藏之所溜處闢
數之度淺深之狀髙下所至願聞其解歧伯
【趙府居敬堂靈區經卷二雲】","不可取者非其說也夫善用鍼者取其疾也
猶拔刺也猶雪汚也猶解結也猶決閇也疾
雖久猶可畢也言不可治者未得其術也刺
諸熱者如以手探湯刺寒清者如人不欲行
隂有陽疾者取之下陵三里正徃無殆氣下
乃止不下復始也疾高而內者取之隂之陵
泉疾高而外者取之陽之陵泉也
宛陳【上音鬱又音蘊又於阮切】氂【莫髙切又音毫】在腧【春遇切】鑱
【鉏銜切】鍉【音低】鈹【音皮】蚩喙【下計穢切】取三脈者恇【曲王
切謹按恇謂不足也】脖胦【上蒲沒切下烏朗切又於桑切】溜【謹按難經當作
流】榮【音營絶小水也】
○本輸第二【法地】
黃帝問於歧伯曰凡刺之道必通十二經絡
之所終始絡脈之所別處五輸之所留六府
之所與合四時之所出入五藏之所溜處闢
數之度淺深之狀髙下所至願聞其解歧伯
【趙府居敬堂靈區經卷二雲】",待标注,"{""行款"":""半页16行，行17字""}",,
186,186.jpg,186.jpg,一期,一期,"泄按而引鍼是謂內溫血不得散氣不得出
也補曰隨之隨之意若妄之若行若按如蟁
蚩止如留如還去如絃絶令左屬右其氣故
止外門已閑中氣乃實必無留血急取誅之
持鍼之道堅者爲寳正指直刺無鍼左右神
在秋毫屬意病者審視血脈者刺之無殆方
刺之時必在懸陽及與兩衛神屬勿去知病
存亾血脈者在腧橫居視之獨澄切之獨堅
九鍼之名各不同形一曰鑱鍼長一寸六分
二曰員鍼長一寸六分三曰鍉鍼長三寸半
四曰鋒鍼長一寸六分五曰鈹鍼長四寸廣
二分半六曰員利鍼長一寸六分七曰毫鍼
長三寸六分八曰長鍼長七寸九曰大鍼長
四寸鑱鍼者頭大末鋭去寫陽氣員鍼者鍼
如卵形揩摩分間不得傷肌肉以寫分氣鍉
鍼者鋒如黍粟之銳主按脈勿陷以致其氣
【趙府居敬堂雲區經卷二三悌】","泄按而引鍼是謂內溫血不得散氣不得出
也補曰隨之隨之意若妄之若行若按如蟁
蚩止如留如還去如絃絶令左屬右其氣故
止外門已閑中氣乃實必無留血急取誅之
持鍼之道堅者爲寳正指直刺無鍼左右神
在秋毫屬意病者審視血脈者刺之無殆方
刺之時必在懸陽及與兩衛神屬勿去知病
存亾血脈者在腧橫居視之獨澄切之獨堅
九鍼之名各不同形一曰鑱鍼長一寸六分
二曰員鍼長一寸六分三曰鍉鍼長三寸半
四曰鋒鍼長一寸六分五曰鈹鍼長四寸廣
二分半六曰員利鍼長一寸六分七曰毫鍼
長三寸六分八曰長鍼長七寸九曰大鍼長
四寸鑱鍼者頭大末鋭去寫陽氣員鍼者鍼
如卵形揩摩分間不得傷肌肉以寫分氣鍉
鍼者鋒如黍粟之銳主按脈勿陷以致其氣
【趙府居敬堂雲區經卷二三悌】",待标注,"{""行款"":""半页17行，行17字""}",,
187,187.jpg,187.jpg,一期,一期,"液之府也少陽屬腎腎上連肺故將兩藏三
焦者中瀆之府也水道出焉屬膀胱是孤之
府也是六府之所與合者春取絡脈諸榮大
經分肉之間甚者深取之間者淺取之夏取
諸腧孫絡肌肉皮膚之上秋取諸合餘如春
法冬取諸井諸腧之分欲深而留之此四時
之序氣之所處病之所含藏之所宜轉筋者
立而取之可今遂已痿厥者張而刺之可令
立快也
闊數【下色角切】足跗【下音夫】呿【祛遮切】腨【時兖切】
○小鍼解第三【法人】
所謂易陳者易言也難入者難著于人也麤
守形者守刺法也上守神者守人之血氣有
餘不足可補冩也神客者正邪共會也神者
正氣也客者邪氣也在門者邪循正氣之所
出入也未覩其疾者先知邪正何經之疾也
【趙府居敬堂二靈區經卷二一四雲】","液之府也少陽屬腎腎上連肺故將兩藏三
焦者中瀆之府也水道出焉屬膀胱是孤之
府也是六府之所與合者春取絡脈諸榮大
經分肉之間甚者深取之間者淺取之夏取
諸腧孫絡肌肉皮膚之上秋取諸合餘如春
法冬取諸井諸腧之分欲深而留之此四時
之序氣之所處病之所含藏之所宜轉筋者
立而取之可今遂已痿厥者張而刺之可令
立快也
闊數【下色角切】足跗【下音夫】呿【祛遮切】腨【時兖切】
○小鍼解第三【法人】
所謂易陳者易言也難入者難著于人也麤
守形者守刺法也上守神者守人之血氣有
餘不足可補冩也神客者正邪共會也神者
正氣也客者邪氣也在門者邪循正氣之所
出入也未覩其疾者先知邪正何經之疾也
【趙府居敬堂二靈區經卷二一四雲】",待标注,"{""行款"":""半页15行，行17字""}",,
188,188.jpg,188.jpg,一期,一期,"一先生之未見者二百斯其一也字勢權竒蓋莫之
辨嗚呼有虞氏之明德千古被之而無斁者孰有世
祀之不明者乎繇數千歳之後予得論而次之夫定
喪斯文哉呂梁者龍門也而彭城之東一亭亦有所
謂呂梁蓋猶夷陵陸渾交阯等處之龍門云
　　　歴山
歴山今河東縣之雷首山也其山九名一曰首陽臨
河與大華對峙即謂歴觀揚雄所云登歴觀以逕望
者樂史謂在偃師西北二十五里有舜廟舜井嬀水
白水嬀南汭北【嬀一作潙潙汭舜朝後周宇文護#地記云二泉在首山北山中皆經山
下而入河然孔安國馬融王肅杜預皇甫謐皆以潙汭爲嬀水之曲云】然後魏輿地
圖上谷記下洛城西南四十有潘城城西北三里亦
有歴山形如覆釜下有舜瞽二祠云是舜居帝之蹤
迹何聞至是而齊之歴城南五里又有歴山水經注
云上有舜祠縣東復有舜井亦云耕處寰宇記在縣
東百歩云舜之所穿又有華水與歴山井通曾子固
言舜耕歴山漁雷澤陶河濵作什器於夀丘就時於
負夏康成謂歴山在河東雷澤在濟隂而負夏則衛
地皇甫謐乃謂夀丘在魯東門之北河濵爲即陶丘
乃定陶西南之陶丘亭耕稼陶漁皆舜之初年其地","一先生之未見者二百斯其一也字勢權竒蓋莫之
辨嗚呼有虞氏之明德千古被之而無斁者孰有世
祀之不明者乎繇數千歳之後予得論而次之夫定
喪斯文哉呂梁者龍門也而彭城之東一亭亦有所
謂呂梁蓋猶夷陵陸渾交阯等處之龍門云
　　　歴山
歴山今河東縣之雷首山也其山九名一曰首陽臨
河與大華對峙即謂歴觀揚雄所云登歴觀以逕望
者樂史謂在偃師西北二十五里有舜廟舜井嬀水
白水嬀南汭北【嬀一作潙潙汭舜朝後周宇文護#地記云二泉在首山北山中皆經山
下而入河然孔安國馬融王肅杜預皇甫謐皆以潙汭爲嬀水之曲云】然後魏輿地
圖上谷記下洛城西南四十有潘城城西北三里亦
有歴山形如覆釜下有舜瞽二祠云是舜居帝之蹤
迹何聞至是而齊之歴城南五里又有歴山水經注
云上有舜祠縣東復有舜井亦云耕處寰宇記在縣
東百歩云舜之所穿又有華水與歴山井通曾子固
言舜耕歴山漁雷澤陶河濵作什器於夀丘就時於
負夏康成謂歴山在河東雷澤在濟隂而負夏則衛
地皇甫謐乃謂夀丘在魯東門之北河濵爲即陶丘
乃定陶西南之陶丘亭耕稼陶漁皆舜之初年其地",待标注,"{""行款"":""半页10行，行20字""}",,
189,189.jpg,189.jpg,一期,一期,"秋之厲國【僖十五年齊伐厲】通爲頼然厲賴異【見周
世國】
姜扶風羙陽有姜氏城南有姜水
封封鉅國黃帝封之是爲封胡通典云封丘
古封國也今隷開封有封父亭封丘臺即
封父國【魯國都記衛之延鄉髙祖以為封丘村翟母】
逢【龐】伯爵伯陵之國黃帝所封夏有逢蒙【一作蠭又
作龐】穆天子傳逢公其後也地今開封蓬池
一曰逢澤【縣東北十四里九域志逢陂忌澤汲家紀年梁惠王發逢忌之
藪以賜民者字當音龐史音史秦孝公使公子少官魯諸侯於蓬澤人寶初載更名
福源】
比齊內傳齊之先有逢伯陵蓋伯陵前封逢後
改於齊故山海經有北齊之國姜姓是兩
齊云
旻伯陵之子堯代有殳戕即齊地冒淳也一
作朱故傳作朱戕
江水祝庸之封地今朱提
呂【甫】侯爵伯夷之封杜預謂在南陽宛西南陽
今隷鄧【宛後周併入南陽】而太公乃出東呂呂莒
也【轉物志曲海城有東呂鄉東呂里太公望所出也寰宇記密之莒縣東百六十】","秋之厲國【僖十五年齊伐厲】通爲頼然厲賴異【見周
世國】
姜扶風羙陽有姜氏城南有姜水
封封鉅國黃帝封之是爲封胡通典云封丘
古封國也今隷開封有封父亭封丘臺即
封父國【魯國都記衛之延鄉髙祖以為封丘村翟母】
逢【龐】伯爵伯陵之國黃帝所封夏有逢蒙【一作蠭又
作龐】穆天子傳逢公其後也地今開封蓬池
一曰逢澤【縣東北十四里九域志逢陂忌澤汲家紀年梁惠王發逢忌之
藪以賜民者字當音龐史音史秦孝公使公子少官魯諸侯於蓬澤人寶初載更名
福源】
比齊內傳齊之先有逢伯陵蓋伯陵前封逢後
改於齊故山海經有北齊之國姜姓是兩
齊云
旻伯陵之子堯代有殳戕即齊地冒淳也一
作朱故傳作朱戕
江水祝庸之封地今朱提
呂【甫】侯爵伯夷之封杜預謂在南陽宛西南陽
今隷鄧【宛後周併入南陽】而太公乃出東呂呂莒
也【轉物志曲海城有東呂鄉東呂里太公望所出也寰宇記密之莒縣東百六十】",待标注,"{""行款"":""半页7行，行23字""}",,
190,190.jpg,190.jpg,一期,一期,"以見太史公爲得聖人之意也夫春秋編年以王
次春示天下不可一日無王也太史公不敢儗聖
人而作經於是法外傳之體以爲紀表世家焉是
編年之法也恵帝死孝文未立呂后爲政者八年
今不紀則將屹然中絶其統邪知此則知太史公
紀呂后之意矣班固作書吾不知其知是否也然
亦紀呂后而不敢緋唐之萑史因之列武后于本
紀歐陽子不知出此乃以爲春秋之法所以著其
大惡而不隠此歐陽子之失言也聖人之作經逆
事畢實非以意而遇事是故五罰在御而一隂得
位則哲以大有天地之義事則逆兩統在恵則紀
恵統在呂則紀呂豈固曰婦人不得爲君吾不紀
邪【恵帝立七年而史不紀政實出于后也固乃立惠紀于呂后之前唐高宗崩中宗即位武后廢
之及其文正史逐紀之武后之下范祖禹以爲春秋不于吳楚以存周室唐有天下武后烏得聞之
遂復中宗之年絀武氏之号此尤倍理不知周既革号而易萍矣范曄華嶠之徒乃以謂后者配天
作合前史録于戚于末編非其義乃盡取诸后纪之斯無識矣不知何所見而紀#】夷王崩
厲王立無道三十有七年王流于彘宣王未立有
共伯和者釋位以間王政盖十有四年矣宣王有
志而後效官共伯歸國故當時史氏以是十四年
者繫之號共和焉知此則知予紀女皇氏之意矣","以見太史公爲得聖人之意也夫春秋編年以王
次春示天下不可一日無王也太史公不敢儗聖
人而作經於是法外傳之體以爲紀表世家焉是
編年之法也恵帝死孝文未立呂后爲政者八年
今不紀則將屹然中絶其統邪知此則知太史公
紀呂后之意矣班固作書吾不知其知是否也然
亦紀呂后而不敢緋唐之萑史因之列武后于本
紀歐陽子不知出此乃以爲春秋之法所以著其
大惡而不隠此歐陽子之失言也聖人之作經逆
事畢實非以意而遇事是故五罰在御而一隂得
位則哲以大有天地之義事則逆兩統在恵則紀
恵統在呂則紀呂豈固曰婦人不得爲君吾不紀
邪【恵帝立七年而史不紀政實出于后也固乃立惠紀于呂后之前唐高宗崩中宗即位武后廢
之及其文正史逐紀之武后之下范祖禹以爲春秋不于吳楚以存周室唐有天下武后烏得聞之
遂復中宗之年絀武氏之号此尤倍理不知周既革号而易萍矣范曄華嶠之徒乃以謂后者配天
作合前史録于戚于末編非其義乃盡取诸后纪之斯無識矣不知何所見而紀#】夷王崩
厲王立無道三十有七年王流于彘宣王未立有
共伯和者釋位以間王政盖十有四年矣宣王有
志而後效官共伯歸國故當時史氏以是十四年
者繫之號共和焉知此則知予紀女皇氏之意矣",待标注,"{""行款"":""半页10行，行19字""}",,
191,191.jpg,191.jpg,一期,一期,"　　　　管繕學錢糧內計料合用紙板工價兩平
　　　　顧買刊印具依准申省奉此照得近承
　　　　江浙等處行中書省劄付欽奉
聖旨節該王真人根底與五箇鋪馬教直南田地裏
　　　　名山去處尋訪行法録有本事的好人有
　　　　呵交各處官司依着在先
世祖皇帝時分起發好人的體例與氣力起發上來
　　　　欽此除欽遵外延祐五年十二月十八日
　　　　准宏文輔道粹徳真人關尋訪至饒州路
　　　　據本路儒學狀申准本路楊教授關該切
            見本路樂平州儒人馬端臨前宋宰相碧
            梧先生之子昨蒙
　　　   都省咨發再任衢州路柯山書院山長見
            類各路儒學教授選內即目閒居聴除本
            儒行優端純詞章雅麗家傳鼎鼐之譜幼
            繙館閣之儲知前代之典章識當世之體
　　　   要以所見聞著爲成書名曰文獻通考凡
　　　   二十四類三百四十八卷天文地理禮樂
            兵刑財用貢賦官職選舉學校經籍郊祀
            封建戸口征役之屬凡於治道有關者無","　　　　管繕學錢糧內計料合用紙板工價兩平
　　　　顧買刊印具依准申省奉此照得近承
　　　　江浙等處行中書省劄付欽奉
聖旨節該王真人根底與五箇鋪馬教直南田地裏
　　　　名山去處尋訪行法録有本事的好人有
　　　　呵交各處官司依着在先
世祖皇帝時分起發好人的體例與氣力起發上來
　　　　欽此除欽遵外延祐五年十二月十八日
　　　　准宏文輔道粹徳真人關尋訪至饒州路
　　　　據本路儒學狀申准本路楊教授關該切
            見本路樂平州儒人馬端臨前宋宰相碧
            梧先生之子昨蒙
　　　   都省咨發再任衢州路柯山書院山長見
            類各路儒學教授選內即目閒居聴除本
            儒行優端純詞章雅麗家傳鼎鼐之譜幼
            繙館閣之儲知前代之典章識當世之體
　　　   要以所見聞著爲成書名曰文獻通考凡
　　　   二十四類三百四十八卷天文地理禮樂
            兵刑財用貢賦官職選舉學校經籍郊祀
            封建戸口征役之屬凡於治道有關者無",待标注,"{""行款"":""半页19行，行16字""}",,
192,192.jpg,192.jpg,一期,一期,"   一視同仁
   若神堯之御下
   九功惟叙
   體大禹之恊中
   隂陽順而風雨時
   禮樂興而刑罰中是皆
陛下本乎清浄臻茲太平下至飛潛動植之微均被
   鼓舞甄陶之化使指所及雖芻蕘之言必詢人才
   之難由𣏌梓之朽弗棄是以采儒流之著述庶幾
   益
   聖主之謀猷【臣】伏覩饒州路樂平州儒人馬端臨
   乃故宋丞相建鸞之子甞著述文獻通考三百四
   十八巻總二十四類其書與唐杜佑通典相爲出
   入杜書肇自隆古以至唐之天寳今馬氏所著天
   寳以前者視杜氏加詳焉天寳以後至宋寜宗者
   又足以補杜氏之闕其二十四類類各有考一曰
   田賦二曰錢幣三曰戶口四曰職役五曰征榷六
   曰市糴七曰土貢八曰國用九曰選舉十曰學校
   十一曰職官十二曰郊社十三曰宗廟十四曰王
   禮十五曰樂十六曰兵十七曰刑十八曰經籍十","   一視同仁
   若神堯之御下
   九功惟叙
   體大禹之恊中
   隂陽順而風雨時
   禮樂興而刑罰中是皆
陛下本乎清浄臻茲太平下至飛潛動植之微均被
   鼓舞甄陶之化使指所及雖芻蕘之言必詢人才
   之難由𣏌梓之朽弗棄是以采儒流之著述庶幾
   益
   聖主之謀猷【臣】伏覩饒州路樂平州儒人馬端臨
   乃故宋丞相建鸞之子甞著述文獻通考三百四
   十八巻總二十四類其書與唐杜佑通典相爲出
   入杜書肇自隆古以至唐之天寳今馬氏所著天
   寳以前者視杜氏加詳焉天寳以後至宋寜宗者
   又足以補杜氏之闕其二十四類類各有考一曰
   田賦二曰錢幣三曰戶口四曰職役五曰征榷六
   曰市糴七曰土貢八曰國用九曰選舉十曰學校
   十一曰職官十二曰郊社十三曰宗廟十四曰王
   禮十五曰樂十六曰兵十七曰刑十八曰經籍十",待标注,"{""行款"":""半页13行，行19字""}",,
193,193.jpg,193.jpg,一期,一期,"之徒得以出入宮禁陪侍宴私陳誼格非拾遺補過
其才能卓異者望爲公卿將相爲國家任大事霍光
張安世是也中漢以來此意不存於是非閹豎嬖倖
不得以日侍宮庭而賢能搢紳特以之備貟表著漢
有官中府中之分唐有南司北司之黨職掌不相爲
謀品流亦復殊異而官之內外始分矣古者文以經
邦武以撥亂其在大臣則出可以將入可以相其在
小臣則簮筆可以待問荷戈可以前驅後世人才日
衰不供器使司文墨者不能知戰陣被介胄者不復
識簡編於是官人者制爲左右兩選而官之文武始
分矣至於有侍中給事中之官而未嘗司宮禁之事
是名內而實外也【唐以來以侍中爲三公唐以䖏勲臣又以給事中爲之爲封駮之官皆以
外庭之臣爲之並不預宮中之事】有太尉司馬司徒之官而未嘗司官兵戎
之事走名武而實文也【太尉漢文秦以爲三公然猶掌武事也唐以後亦爲三公
宋時呂夷簡王旦韓琦皆嘗爲太尉非武臣也大司馬周官掌兵至漢元成以後爲三公並扵司徒乃後
來執政之任亦非武臣也】太常有卿佐而未嘗審音樂將作有監
貳而未嘗諳營繕不過爲儒臣養飬之官是名濁而
實清也尚書今在漢爲司牘小吏而後世則爲大臣
所不敢當之穹官校尉在漢爲兵師要職而後世則
爲武弁所不齒之冗秩【尚書今僕初其秩至卑銅章青綬主官禁文書而已至唐】","之徒得以出入宮禁陪侍宴私陳誼格非拾遺補過
其才能卓異者望爲公卿將相爲國家任大事霍光
張安世是也中漢以來此意不存於是非閹豎嬖倖
不得以日侍宮庭而賢能搢紳特以之備貟表著漢
有官中府中之分唐有南司北司之黨職掌不相爲
謀品流亦復殊異而官之內外始分矣古者文以經
邦武以撥亂其在大臣則出可以將入可以相其在
小臣則簮筆可以待問荷戈可以前驅後世人才日
衰不供器使司文墨者不能知戰陣被介胄者不復
識簡編於是官人者制爲左右兩選而官之文武始
分矣至於有侍中給事中之官而未嘗司宮禁之事
是名內而實外也【唐以來以侍中爲三公唐以䖏勲臣又以給事中爲之爲封駮之官皆以
外庭之臣爲之並不預宮中之事】有太尉司馬司徒之官而未嘗司官兵戎
之事走名武而實文也【太尉漢文秦以爲三公然猶掌武事也唐以後亦爲三公
宋時呂夷簡王旦韓琦皆嘗爲太尉非武臣也大司馬周官掌兵至漢元成以後爲三公並扵司徒乃後
來執政之任亦非武臣也】太常有卿佐而未嘗審音樂將作有監
貳而未嘗諳營繕不過爲儒臣養飬之官是名濁而
實清也尚書今在漢爲司牘小吏而後世則爲大臣
所不敢當之穹官校尉在漢爲兵師要職而後世則
爲武弁所不齒之冗秩【尚書今僕初其秩至卑銅章青綬主官禁文書而已至唐】",待标注,"{""行款"":""半页20行，行20字""}",,
194,194.jpg,194.jpg,一期,一期,"【則爲三省長官髙祖入長安時太宗以秦王爲之後郭子儀以勲位當拜以太宗曾為之辭不敢受自後
至宋無敢拜此官者漢八校尉領禁衞諸軍皆尊顯之官宰相之罷政者至爲城門校尉又司隸校尉督
察三輔彈劾功卿其權至雄尊護羌校尉護烏桓校尉皆領軍兵鎮方面乃大師之職至宋時校尉副尉
爲武職初階不入品從至爲冗賤】蓋官之名同而古今之崇卑懸絕
如此參稽互考曲暢旁通而因革之故可以類推作
職官考第十一首叙官制次序官數內官則自公師
宰相而下外官則自州牧郡守而下以至散官祿秩
品從之詳凡二十一卷
郊特牲曰禮之所尊尊其義也失其義陳其數祝史
之事也故其數可陳也其義難知也荀卿子曰不知
其義謹守其數慎不敢損益父子相傳以持王公是
故三代雖亡治法猶存是官人百吏之所以取祿秩
也然則義者祭之理也數者祭之儀也古者人習於
禮故家國之祭祀其品節儀文祝史有司皆能知之
然其義則非儒宗講師不能明也周衰禮廢而其儀
亡矣秦漢以來諸儒口耳所授簡冊所載特能言其
義理而已戴記是也儀禮所言止於卿士大夫之禮
六典所載特以其有關於職掌者則言之而國之大
祀蓋未有能知其品節儀文者漢鄭康成深於禮學
作為傳註頗能補經之所未備然以讖緯之言而釋","【則爲三省長官髙祖入長安時太宗以秦王爲之後郭子儀以勲位當拜以太宗曾為之辭不敢受自後
至宋無敢拜此官者漢八校尉領禁衞諸軍皆尊顯之官宰相之罷政者至爲城門校尉又司隸校尉督
察三輔彈劾功卿其權至雄尊護羌校尉護烏桓校尉皆領軍兵鎮方面乃大師之職至宋時校尉副尉
爲武職初階不入品從至爲冗賤】蓋官之名同而古今之崇卑懸絕
如此參稽互考曲暢旁通而因革之故可以類推作
職官考第十一首叙官制次序官數內官則自公師
宰相而下外官則自州牧郡守而下以至散官祿秩
品從之詳凡二十一卷
郊特牲曰禮之所尊尊其義也失其義陳其數祝史
之事也故其數可陳也其義難知也荀卿子曰不知
其義謹守其數慎不敢損益父子相傳以持王公是
故三代雖亡治法猶存是官人百吏之所以取祿秩
也然則義者祭之理也數者祭之儀也古者人習於
禮故家國之祭祀其品節儀文祝史有司皆能知之
然其義則非儒宗講師不能明也周衰禮廢而其儀
亡矣秦漢以來諸儒口耳所授簡冊所載特能言其
義理而已戴記是也儀禮所言止於卿士大夫之禮
六典所載特以其有關於職掌者則言之而國之大
祀蓋未有能知其品節儀文者漢鄭康成深於禮學
作為傳註頗能補經之所未備然以讖緯之言而釋",待标注,"{""行款"":""半页19行，行20字""}",,
195,195.jpg,195.jpg,一期,一期,"苟昧於權利越次妄據外不量力內不知命則必喪保
家之主失矢年之夀伏鉄鉞之誅英雄誠知覺寤畏若
禍戒【若順也】超然遠覽淵然深識收陵嬰之明分絶信布
之覬覦【覬音冀覯音踰】距逐鹿之瞽說審神器之有受毋貪不
可幾【讀曰冀】爲二母之所咲則福祚流于子孫天祿其求
終矣
　　　　說帝延攬英雄　　　　　　　鄧禹
【出本傳禹聞光武安集河北即杖策北
渡追及光武因進説云云光武大悅也】
更始雖都關西今山東未安赤眉青犢之屬動以萬數
三輔假號徃徃群聚更始諸將皆庸人屈起志在財幣
爭用威力朝夕自快而已非有忠良明智深慮遠圗尊
主安民者也四方分崩離析形埶可見明公雖建藩輔
之功猶恐無所成立於今之計莫如延攬英雄務悅民
心立髙祖之業救萬民之命以公而慮天下不足定也
　　　　遣劉鈞奉書效順　　　　　　　竇融
先是融行河西五郡大將軍事光武即位融於是召
豪傑及諸太守計議皆曰漢承堯運歴數延長今皇
帝姓號見於圖書前世道術之士谷子雲夏賀良等
建明漢有再受命之符言之久矣故劉子駿改易名
字冀應其占及莽末道士君惠言劉秀當爲天子遂","苟昧於權利越次妄據外不量力內不知命則必喪保
家之主失矢年之夀伏鉄鉞之誅英雄誠知覺寤畏若
禍戒【若順也】超然遠覽淵然深識收陵嬰之明分絶信布
之覬覦【覬音冀覯音踰】距逐鹿之瞽說審神器之有受毋貪不
可幾【讀曰冀】爲二母之所咲則福祚流于子孫天祿其求
終矣
　　　　說帝延攬英雄　　　　　　　鄧禹
【出本傳禹聞光武安集河北即杖策北
渡追及光武因進説云云光武大悅也】
更始雖都關西今山東未安赤眉青犢之屬動以萬數
三輔假號徃徃群聚更始諸將皆庸人屈起志在財幣
爭用威力朝夕自快而已非有忠良明智深慮遠圗尊
主安民者也四方分崩離析形埶可見明公雖建藩輔
之功猶恐無所成立於今之計莫如延攬英雄務悅民
心立髙祖之業救萬民之命以公而慮天下不足定也
　　　　遣劉鈞奉書效順　　　　　　　竇融
先是融行河西五郡大將軍事光武即位融於是召
豪傑及諸太守計議皆曰漢承堯運歴數延長今皇
帝姓號見於圖書前世道術之士谷子雲夏賀良等
建明漢有再受命之符言之久矣故劉子駿改易名
字冀應其占及莽末道士君惠言劉秀當爲天子遂",待标注,"{""行款"":""半页18行，行21字""}",,
196,196.jpg,196.jpg,一期,一期,"夜號以章赤帝之符由是言之帝王之祚必有明聖顯
懿之徳豐功厚利積累之業然後精神通于神明流澤
加於生民故能爲鬼神所福享天下所歸徃未見運世
無本功徳不紀【不紀不爲人所記】而得屈起在此位者也【屈怒特起
也】世徒見髙祖興於布衣不逹其故以爲迺遭暴亂得
奮其劒游説之士至此天下於逐鹿幸捷而得之不知
神器有命不可以智力求也悲夫此世所以多亂臣賊
子者也若然者豈徒闇於天道哉又不曉之於人事矣
夫餓饉流隸餓寒道路【隸賤隸】思有短褐之褻儋【丁監反】石
之畜所願不過一金然終於轉死溝壑何則貧窮亦有
命也況虖天子之貴四海之富神明之祚可得而妄處
哉故雖遭罹阨會竊其權柄勇如信布彊如梁籍成如
王莽然卒潤鑊伏質亨醢分裂又况么䯢【么麼小也么一堯反䯢莫
可反】尚不及數子而欲聞奸【音干】天位者虖是故駑蹇之乗
不騁千里之塗燕雀之疇不奮六翮之用楶【音節】棁【之説反】
之才不荷棟梁之任【顏曰楶桁也棁梁上短柱也】斗筲之子不乘帝
王之重【十筲小器也】當秦之末豪傑共推陳嬰而王之嬰母
止之曰自吾爲子家婦而世貧賤卒富貴不祥不如以
兵屬人事成少受其利不成禍有所歸嬰從其言而陳
氏以寜王陵之母亦見項氏之必亡而劉氏之將興也","夜號以章赤帝之符由是言之帝王之祚必有明聖顯
懿之徳豐功厚利積累之業然後精神通于神明流澤
加於生民故能爲鬼神所福享天下所歸徃未見運世
無本功徳不紀【不紀不爲人所記】而得屈起在此位者也【屈怒特起
也】世徒見髙祖興於布衣不逹其故以爲迺遭暴亂得
奮其劒游説之士至此天下於逐鹿幸捷而得之不知
神器有命不可以智力求也悲夫此世所以多亂臣賊
子者也若然者豈徒闇於天道哉又不曉之於人事矣
夫餓饉流隸餓寒道路【隸賤隸】思有短褐之褻儋【丁監反】石
之畜所願不過一金然終於轉死溝壑何則貧窮亦有
命也況虖天子之貴四海之富神明之祚可得而妄處
哉故雖遭罹阨會竊其權柄勇如信布彊如梁籍成如
王莽然卒潤鑊伏質亨醢分裂又况么䯢【么麼小也么一堯反䯢莫
可反】尚不及數子而欲聞奸【音干】天位者虖是故駑蹇之乗
不騁千里之塗燕雀之疇不奮六翮之用楶【音節】棁【之説反】
之才不荷棟梁之任【顏曰楶桁也棁梁上短柱也】斗筲之子不乘帝
王之重【十筲小器也】當秦之末豪傑共推陳嬰而王之嬰母
止之曰自吾爲子家婦而世貧賤卒富貴不祥不如以
兵屬人事成少受其利不成禍有所歸嬰從其言而陳
氏以寜王陵之母亦見項氏之必亡而劉氏之將興也",待标注,"{""行款"":""半页20行，行21字""}",,
197,197.jpg,197.jpg,一期,一期,"而背之謂吏士何忍而棄之謂留子何融聞爲忠甚易
得宜實難憂人大過以徳取怨知且以言獲罪也區區
所獻唯將軍省焉
   詔報曰從天水來者寫將軍所讓隗囂書痛入骨髓
   畔臣見之當股慄慙愧忠臣則酸鼻流涕義士則曠
   若發朦非忠孝慤誠孰能如此豈其徳薄者所能克
   堪
　　　乞速進兵征囂                竇融
         【出本傳融恐大兵不出乃上書云云八年夏車駕西征融率五郡太守及羌虜等步騎數
           萬與大軍會遂共進軍囂眾大潰城邑皆降帝高融功封為安豐侯】
隗囂聞車駕西征臣融東下士衆騷動計且不戰囂將
高峻之屬皆欲逢迎大軍後聞兵罷峻等復疑囂揚言
東方有變西州豪傑遂復附從囂又引公孫述將令守
突門【墨子曰城百步爲一突門】臣融孤弱介在其間雖承威靈宜速
救助國家當其前臣融促其後緩急迭用首尾相資囂
埶排迮【謂蹙迫也】不得進退此必破也若兵不早進久生持
疑則外長寇讎內示困弱復令讒邪得有因縁臣竊憂
之唯陛下哀憐
         曉說諸將歸漢               王常
　　　【出本傳常起兵緑林中後興成丹張卬號下
           江兵至宜秋伯升興光武俱造常壁常大悟】
","而背之謂吏士何忍而棄之謂留子何融聞爲忠甚易
得宜實難憂人大過以徳取怨知且以言獲罪也區區
所獻唯將軍省焉
   詔報曰從天水來者寫將軍所讓隗囂書痛入骨髓
   畔臣見之當股慄慙愧忠臣則酸鼻流涕義士則曠
   若發朦非忠孝慤誠孰能如此豈其徳薄者所能克
   堪
　　　乞速進兵征囂                竇融
         【出本傳融恐大兵不出乃上書云云八年夏車駕西征融率五郡太守及羌虜等步騎數
           萬與大軍會遂共進軍囂眾大潰城邑皆降帝高融功封為安豐侯】
隗囂聞車駕西征臣融東下士衆騷動計且不戰囂將
高峻之屬皆欲逢迎大軍後聞兵罷峻等復疑囂揚言
東方有變西州豪傑遂復附從囂又引公孫述將令守
突門【墨子曰城百步爲一突門】臣融孤弱介在其間雖承威靈宜速
救助國家當其前臣融促其後緩急迭用首尾相資囂
埶排迮【謂蹙迫也】不得進退此必破也若兵不早進久生持
疑則外長寇讎內示困弱復令讒邪得有因縁臣竊憂
之唯陛下哀憐
         曉說諸將歸漢               王常
　　　【出本傳常起兵緑林中後興成丹張卬號下
           江兵至宜秋伯升興光武俱造常壁常大悟】
",待标注,"{""行款"":""半页16行，行21字""}",,
198,198.jpg,198.jpg,一期,一期,"【怠而惡怒泯】
戎成不退飢成不遂【災禍並至乃不改惡爲善】
我日斯邁而月斯征【彼此皆當日就月將】
溫溫恭人如集于木惴惴小心如臨于谷【讙畏之人皆持其敬】
君子如怒亂庶遄沮君子如祉亂庶遄已【正人喜怒可以息讒】
君子晏盟亂是用長君子信盜亂是用暴【議疑信讒讒言益進】
君子所獲小人所視【君子小人共獲共視】
左之左之君子宜之右之右之君子有之【無所不能】
恒之秬秠是穫是畝恒之穈芑是任是负【種殖四者刈取以歸】
洗爵奠斝【析用爵斝或洗或奠】不明爾徳以無皆無側爾
徳不明以無陪無鄉【人君無明徳是以無賢臣】
肅雝顯相秉文之徳【人中秉執文王和敬之徳】
有来雝雝至止肅肅【來亦雍至亦雍】
在彼無惡在此無斁【在彼在此皆無惡斁】
　　反說【反説多用不字無字不字是豈不無字是得無】
不知徳行　　　無庶予子憎　　　那不韡韡
無滄胥以敗　　不屬於毛不離于裏
不戢不難受禍不那                     不尚息焉
不尚愒焉　　　有周不顯帝命不時
不顯亦世　　　世之不顯　　　無念爾祖
不顯其光　　　上帝不寜不康禋祀
無滄胥以亡　　不顯申伯　　　不烖我躬
不尚有舊　　　不顯不承　　　於乎不顯
不顯維徳　　　亦不夷懌","【怠而惡怒泯】
戎成不退飢成不遂【災禍並至乃不改惡爲善】
我日斯邁而月斯征【彼此皆當日就月將】
溫溫恭人如集于木惴惴小心如臨于谷【讙畏之人皆持其敬】
君子如怒亂庶遄沮君子如祉亂庶遄已【正人喜怒可以息讒】
君子晏盟亂是用長君子信盜亂是用暴【議疑信讒讒言益進】
君子所獲小人所視【君子小人共獲共視】
左之左之君子宜之右之右之君子有之【無所不能】
恒之秬秠是穫是畝恒之穈芑是任是负【種殖四者刈取以歸】
洗爵奠斝【析用爵斝或洗或奠】不明爾徳以無皆無側爾
徳不明以無陪無鄉【人君無明徳是以無賢臣】
肅雝顯相秉文之徳【人中秉執文王和敬之徳】
有来雝雝至止肅肅【來亦雍至亦雍】
在彼無惡在此無斁【在彼在此皆無惡斁】
　　反說【反説多用不字無字不字是豈不無字是得無】
不知徳行　　　無庶予子憎　　　那不韡韡
無滄胥以敗　　不屬於毛不離于裏
不戢不難受禍不那                     不尚息焉
不尚愒焉　　　有周不顯帝命不時
不顯亦世　　　世之不顯　　　無念爾祖
不顯其光　　　上帝不寜不康禋祀
無滄胥以亡　　不顯申伯　　　不烖我躬
不尚有舊　　　不顯不承　　　於乎不顯
不顯維徳　　　亦不夷懌",待标注,"{""行款"":""半页14行，行26字""}",,
199,199.jpg,199.jpg,一期,一期,"傳求經不難也抑嘗從事於涉矣持
其無敢慢之心堅其欲自得之志語
助之聲隨而爲之上下也立言之趣
從而與之周旋也優柔饜飫積日累
月乃若有默契焉此不敏之資困學
之方而未敢以爲是也夫惟以意逆
志者必有大過於茲憫而教之則幸矣
至正丁亥秋八月朔番易後學朱【公】遷序
詩經疏義序
或有問於予曰詩何爲而作也予應曰人生而靜天之
性也感於物而動性之欲也【輯錄見禮記o其未滅也#粹至善萬理具憑所謂性也
感於物而動則性之欲出焉而善惡於是乎分矣性之欲則所謂情也以下雜引而不書名氏者省繁也】夫既
有欲矣則不能無思既有思矣則不能無言既有言矣則
言之所不能盡而發於咨嗟咏歎之餘者必有自然之音
響節族【音奏】而不能已焉此詩之所以作也【漢嚴安傳調五声徒有節族發
亦作奏音樂作止高下緩急之度】曰然則其所以教者何也曰詩者人心
之感物而形於言之餘也心之所感有邪正故言之所形
有是非【正則是而善邪則非而惡】惟聖人在上則其所感者無不正而
其言皆足以為教【無有不善正詩是也】其或感之之雜而所發不能
無可擇者【有善有惡變詩是也】則上之人必思所以自反而因有以","傳求經不難也抑嘗從事於涉矣持
其無敢慢之心堅其欲自得之志語
助之聲隨而爲之上下也立言之趣
從而與之周旋也優柔饜飫積日累
月乃若有默契焉此不敏之資困學
之方而未敢以爲是也夫惟以意逆
志者必有大過於茲憫而教之則幸矣
至正丁亥秋八月朔番易後學朱【公】遷序
詩經疏義序
或有問於予曰詩何爲而作也予應曰人生而靜天之
性也感於物而動性之欲也【輯錄見禮記o其未滅也#粹至善萬理具憑所謂性也
感於物而動則性之欲出焉而善惡於是乎分矣性之欲則所謂情也以下雜引而不書名氏者省繁也】夫既
有欲矣則不能無思既有思矣則不能無言既有言矣則
言之所不能盡而發於咨嗟咏歎之餘者必有自然之音
響節族【音奏】而不能已焉此詩之所以作也【漢嚴安傳調五声徒有節族發
亦作奏音樂作止高下緩急之度】曰然則其所以教者何也曰詩者人心
之感物而形於言之餘也心之所感有邪正故言之所形
有是非【正則是而善邪則非而惡】惟聖人在上則其所感者無不正而
其言皆足以為教【無有不善正詩是也】其或感之之雜而所發不能
無可擇者【有善有惡變詩是也】則上之人必思所以自反而因有以",待标注,"{""行款"":""半页19行，行22字""}",,
200,200.jpg,200.jpg,一期,一期,"      此詩以篇內有漢之廣矣一句得名而序者謬誤乃以
      徳廣所及爲言失之逺矣然其下文復得詩意而所謂
      文王之化者尤可以正前篇之誤先儒嘗謂序非出於
      一人之手者此其一驗但首句未必是下文未必非耳
      蘇氏乃例取首句而去其下文則於此類兩失之矣
○汝墳道化行也文王之化行乎故墳之國婦人
能閔其君子猶勉之以正也
○麟之趾關雎之應也關雎之化行則天下無
犯非禮雖衰世之公子皆信厚如麟趾之時也
      之時二字可刪【若曰信厚如文王之時則可耳】
      疏義從集傳改定小序
　　關雎文王宮中之人作也文王得后妃以爲配宮中之
      人於其始至而作詩以美之而文王身脩家齊之化可
      見也○葛覃后妃自述也后妃勤儉孝敬轉謀歸寧而
      澣濯衣服故作此詩以見志也○卷耳后妃思君子也
      ○樛木衆妾美后妃也后妃能逮下而無嫉妬之心故
      樂其德而稱願之也○螽斯衆姜姜后妃也不妒忌而
      羣處和輯如螽斯則子孫衆多亦如螽斯故述其稱願
      之意如此也○桃夭美女子之賢也化行俗美男女以
      正婚姻以時詩人因其賢而美之也○兔罝美賢才之
      衆多也罝兔野人而皆有用之賢才則文王徳化可見
      也○芣苢婦人自賦也化行俗美家室和平婦人無事
      采芣苢以相樂也○漢廣美風俗也文王之化先及於
      江漢之間淫亂變而貞正也○汝墳婦人喜見君子也","      此詩以篇內有漢之廣矣一句得名而序者謬誤乃以
      徳廣所及爲言失之逺矣然其下文復得詩意而所謂
      文王之化者尤可以正前篇之誤先儒嘗謂序非出於
      一人之手者此其一驗但首句未必是下文未必非耳
      蘇氏乃例取首句而去其下文則於此類兩失之矣
○汝墳道化行也文王之化行乎故墳之國婦人
能閔其君子猶勉之以正也
○麟之趾關雎之應也關雎之化行則天下無
犯非禮雖衰世之公子皆信厚如麟趾之時也
      之時二字可刪【若曰信厚如文王之時則可耳】
      疏義從集傳改定小序
　　關雎文王宮中之人作也文王得后妃以爲配宮中之
      人於其始至而作詩以美之而文王身脩家齊之化可
      見也○葛覃后妃自述也后妃勤儉孝敬轉謀歸寧而
      澣濯衣服故作此詩以見志也○卷耳后妃思君子也
      ○樛木衆妾美后妃也后妃能逮下而無嫉妬之心故
      樂其德而稱願之也○螽斯衆姜姜后妃也不妒忌而
      羣處和輯如螽斯則子孫衆多亦如螽斯故述其稱願
      之意如此也○桃夭美女子之賢也化行俗美男女以
      正婚姻以時詩人因其賢而美之也○兔罝美賢才之
      衆多也罝兔野人而皆有用之賢才則文王徳化可見
      也○芣苢婦人自賦也化行俗美家室和平婦人無事
      采芣苢以相樂也○漢廣美風俗也文王之化先及於
      江漢之間淫亂變而貞正也○汝墳婦人喜見君子也",待标注,"{""行款"":""半页22行，行21字""}",,
201,201.jpg,201.jpg,一期,一期,"　　　員外郎制　　　　　　　　薛廷珪
勅具官沈栖逺等由御史屬爲尚書即選擢之重難踐歴
之清切所以廣毓材之道也以栖逺清白嚮正藝實揚名
魯人將以爲木鐸太一下傳其洪範石渠鉛槧諫署淹翔
動靜有常職業惟乆以玄晏詞無枝葉道有汙隆履君子
之中庸練國朝之故實直方之氣無論多之文藝之優前
輩髙詐而皆乗驄衣繡爲我憲臣指佞埋輪恪居官業疇
其乆次爰俾序遷勉思伏奏之勤無怠率職之重可
　　比部員外郎
　   　授莫藏用比部員外郎制　　常袞
敕朝議即檢校尚書倉部員外郎兼侍御史克稅青苗錢
使判官賜緋魚袋莫藏用餙以文行敏於理道【集作政理】自執
霜簡頗振風憲頃馳輶【一作輅#】軒尤詳使命務辨斯切【集作尤詳
使務倚辨斯切】積勞有成宜正列星之次俾承賜筆之寵可行尚
書比部員外郎散官如故
　　   授張勝之比部員外即制　　　李虞仲
勅宣武軍節度判官朝議即檢校尚書戸部郎中兼侍御
史賜緋魚袋張勝之卑以自牧文而有禮既踐憲臺遂叅
相府事人見必盡之操在醜有不爭之美尚書列屬分曹
莅職聼其會計以考嵗成擢用爲郎稱清選勉【一作謹】爾
從政以體輿議可行尚書比部員外郎散官賜如故
　　   授李渾比部員外郎等制　　　崔嘏","　　　員外郎制　　　　　　　　薛廷珪
勅具官沈栖逺等由御史屬爲尚書即選擢之重難踐歴
之清切所以廣毓材之道也以栖逺清白嚮正藝實揚名
魯人將以爲木鐸太一下傳其洪範石渠鉛槧諫署淹翔
動靜有常職業惟乆以玄晏詞無枝葉道有汙隆履君子
之中庸練國朝之故實直方之氣無論多之文藝之優前
輩髙詐而皆乗驄衣繡爲我憲臣指佞埋輪恪居官業疇
其乆次爰俾序遷勉思伏奏之勤無怠率職之重可
　　比部員外郎
　   　授莫藏用比部員外郎制　　常袞
敕朝議即檢校尚書倉部員外郎兼侍御史克稅青苗錢
使判官賜緋魚袋莫藏用餙以文行敏於理道【集作政理】自執
霜簡頗振風憲頃馳輶【一作輅#】軒尤詳使命務辨斯切【集作尤詳
使務倚辨斯切】積勞有成宜正列星之次俾承賜筆之寵可行尚
書比部員外郎散官如故
　　   授張勝之比部員外即制　　　李虞仲
勅宣武軍節度判官朝議即檢校尚書戸部郎中兼侍御
史賜緋魚袋張勝之卑以自牧文而有禮既踐憲臺遂叅
相府事人見必盡之操在醜有不爭之美尚書列屬分曹
莅職聼其會計以考嵗成擢用爲郎稱清選勉【一作謹】爾
從政以體輿議可行尚書比部員外郎散官賜如故
　　   授李渾比部員外郎等制　　　崔嘏",待标注,"{""行款"":""半页16行，行22字""}",,
202,202.jpg,202.jpg,一期,一期,"爲千卷號曰文苑英華昉蒙蒙正至穆範礪淑文仲汀貽
慶鎬雅繼領他任續命蘇易簡王祐范杲宋湜與白等共
成之雍熙三年上帝覽之稱善詔付史舘
【案鄧名世姓氏辨證元有戰姓後漢初戰競爲諫大夫今脩書官戰貽慶殆其後歟國史幷會要並作戰惟淳熙館
閣官以稀姓爲疑偶失稽考既脩中興館閣書目乃改爲戰貽慶誤矣今有忠訓郎戰迪兩任汀州差遣見居于汴】
     【臣】伏覩
太宗皇帝丁時太平以文化成天下既得諸國圖籍聚名
   士于朝詔脩三大書曰太平御覽曰冊府元龜曰文苑
   英華各一千卷今二書閩蜀已刋惟文苑英華士大夫
   家絶無而僅有葢所集止唐文章如南北朝間存一二
   是時印本絶少雖韓栁元白之文尚未甚傳其他如陳
   子昻張說九齡李翱等諸名士文集世尤罕見脩書官
   於宗元居易權德輿李商隱顧雲羅隱輩或全卷收入
   當
真宗朝姚鉉銓擇十一號唐文粹由簡故精所以盛行近
   歲唐文纂印浸多不假英華而傳況卷袠浩繁人力難
   及其不行於世則宜【臣】事
孝宗皇帝間聞
聖諭欲刻江鈿文海【臣】奏其去取差謬不足觀帝乃詔舘
   職裒集
皇朝文鑑【臣】因及英華雖秘閣有本然舛誤不可讀俄聞
   傳旨取入遂經","爲千卷號曰文苑英華昉蒙蒙正至穆範礪淑文仲汀貽
慶鎬雅繼領他任續命蘇易簡王祐范杲宋湜與白等共
成之雍熙三年上帝覽之稱善詔付史舘
【案鄧名世姓氏辨證元有戰姓後漢初戰競爲諫大夫今脩書官戰貽慶殆其後歟國史幷會要並作戰惟淳熙館
閣官以稀姓爲疑偶失稽考既脩中興館閣書目乃改爲戰貽慶誤矣今有忠訓郎戰迪兩任汀州差遣見居于汴】
     【臣】伏覩
太宗皇帝丁時太平以文化成天下既得諸國圖籍聚名
   士于朝詔脩三大書曰太平御覽曰冊府元龜曰文苑
   英華各一千卷今二書閩蜀已刋惟文苑英華士大夫
   家絶無而僅有葢所集止唐文章如南北朝間存一二
   是時印本絶少雖韓栁元白之文尚未甚傳其他如陳
   子昻張說九齡李翱等諸名士文集世尤罕見脩書官
   於宗元居易權德輿李商隱顧雲羅隱輩或全卷收入
   當
真宗朝姚鉉銓擇十一號唐文粹由簡故精所以盛行近
   歲唐文纂印浸多不假英華而傳況卷袠浩繁人力難
   及其不行於世則宜【臣】事
孝宗皇帝間聞
聖諭欲刻江鈿文海【臣】奏其去取差謬不足觀帝乃詔舘
   職裒集
皇朝文鑑【臣】因及英華雖秘閣有本然舛誤不可讀俄聞
   傳旨取入遂經",待标注,"{""行款"":""半页16行，行21字""}",,
203,203.jpg,203.jpg,一期,一期,是名內而實外也【唐以來以侍中爲三公唐以䖏勲臣又以給事中爲之爲封駮之官皆以,是名內而實外也【唐以來以侍中爲三公唐以䖏勲臣又以給事中爲之爲封駮之官皆以,待标注,"{""行款"":""半页1行，行36字""}",,
204,204.jpg,204.jpg,一期,一期,"【仙也】一曰大遺之野【大荒經云大穆之野】
三身國在夏后啓北一首而三身
一臂國在其北一臂一目一鼻孔有黃馬虎文一目
而一手
竒肱之國【肱或作宏奇音羈】在其北其人一臂三目有陰有
陽乗文馬【陰在上陽在下文馬即吉良也】有鳥焉兩頭赤黃色在其
旁【其人善爲機巧以取百禽能作飛車從風逺行湯時得之于豫州界中即壞之不以示人後十年西
風至復作遣之】形天與帝至此爭神帝斷其首葬之常羊之
山乃以乳爲目以臍爲口操干戚以舞【干盾戚斧也是爲無首之
民】
女祭女戚在其北居兩水間戚操魚䱉【鱓魚屬】祭操爼
【肉几】䳐鳥#鳥【次瞻兩音】其色青黃所經國亡【此應禍之鳥即今梟鴟鵲
之類】在女祭北䳐鳥人面居山上一曰維鳥青鳥黃鳥
所集
丈夫國在維鳥北其爲人衣冠帶劒【殷帝太戊使王孟採藥從西王
母至此絶糧不能進食木實衣木皮終身無妻而生二子從形中出其父即死是爲丈夫民】
女丑之屍生而十日炙殺之在丈夫北以右手鄣其
面【蔽面】十日居上女両居山之上
巫威國在女丑北右手操青蛇左手操赤蛇在登葆
山羣巫所從上下也【採藥往來】","【仙也】一曰大遺之野【大荒經云大穆之野】
三身國在夏后啓北一首而三身
一臂國在其北一臂一目一鼻孔有黃馬虎文一目
而一手
竒肱之國【肱或作宏奇音羈】在其北其人一臂三目有陰有
陽乗文馬【陰在上陽在下文馬即吉良也】有鳥焉兩頭赤黃色在其
旁【其人善爲機巧以取百禽能作飛車從風逺行湯時得之于豫州界中即壞之不以示人後十年西
風至復作遣之】形天與帝至此爭神帝斷其首葬之常羊之
山乃以乳爲目以臍爲口操干戚以舞【干盾戚斧也是爲無首之
民】
女祭女戚在其北居兩水間戚操魚䱉【鱓魚屬】祭操爼
【肉几】䳐鳥#鳥【次瞻兩音】其色青黃所經國亡【此應禍之鳥即今梟鴟鵲
之類】在女祭北䳐鳥人面居山上一曰維鳥青鳥黃鳥
所集
丈夫國在維鳥北其爲人衣冠帶劒【殷帝太戊使王孟採藥從西王
母至此絶糧不能進食木實衣木皮終身無妻而生二子從形中出其父即死是爲丈夫民】
女丑之屍生而十日炙殺之在丈夫北以右手鄣其
面【蔽面】十日居上女両居山之上
巫威國在女丑北右手操青蛇左手操赤蛇在登葆
山羣巫所從上下也【採藥往來】",待标注,"{""行款"":""半页8行，行40字""}",,
205,205.jpg,205.jpg,一期,一期,"【有裔國今伎家裔人蓋象此身】
西方蓐收左耳有蛇乘兩龍【金神也人面虎爪白毛執鉞見外傳】
山海經第七終
山海經第八
                            晉      郭璞傳
                            明      吳琯校
海外北經
海外自東北陬至西北陬者
無䏿之國【音啓或作綮】在長股東爲人無䏿【䏿肥腸也其人冗居食土
無男女死即埋之其心不朽死百廿歲乃復更生】
鍾山之神名曰燭隂【燭龍也是燭九隂因名云】視爲晝暝爲夜吹
爲冬呼爲夏不飲不食不息息爲風【息氣息也】身長千里
在無䏿之東其爲物人靣蛇身赤色居鍾山下【淮南子曰","【有裔國今伎家裔人蓋象此身】
西方蓐收左耳有蛇乘兩龍【金神也人面虎爪白毛執鉞見外傳】
山海經第七終
山海經第八
                            晉      郭璞傳
                            明      吳琯校
海外北經
海外自東北陬至西北陬者
無䏿之國【音啓或作綮】在長股東爲人無䏿【䏿肥腸也其人冗居食土
無男女死即埋之其心不朽死百廿歲乃復更生】
鍾山之神名曰燭隂【燭龍也是燭九隂因名云】視爲晝暝爲夜吹
爲冬呼爲夏不飲不食不息息爲風【息氣息也】身長千里
在無䏿之東其爲物人靣蛇身赤色居鍾山下【淮南子曰",待标注,"{""行款"":""半页6行，行27字""}",,
206,206.jpg,206.jpg,一期,一期,"極無聲謂之唴哴【哴音亮今關西語亦然】楚謂之噭咷【呌逃兩音字或
作叴音求】齊宋之間謂之喑【音蔭】或謂之怒【奴歴切】
悼怒悴慭傷也【詩曰不慭遺一老亦恨傷之言也慭漁厺反】自關而東汝
潁陳楚之間通語也汝謂之怒秦謂之悼宋謂之悴
楚潁之間謂之慭
慎濟䁮怒溼桓憂也【䁮者憂而不動也作念反】宋衛或謂之慎或
曰䁮陳楚或曰溼或曰濟自關而西秦晉之間或曰
怒或曰溼自關而西秦晉之間凡志而不得欲而不
獲高而有墜得而中亾謂之溼【溼者失意潛沮之名沮一作阻】或謂
之怒
鬱悠懐怒惟慮願念靖慎思也晉宋衛魯之間謂之
鬱悠【鬱悠猶鬱陶也】惟凡思也慮謀思也願欲思也念常思
也東齊海岱之間曰靖【岱太山】秦晉或曰慎凡思之貌
亦曰慎【謂感思者之容】或曰怒
敦豐厖【鴟鳩】夰【音介】憮【海狐反】般【般桓】嘏【音賈】奕戎京奘【在朗反】將
大也凡物之大貌曰豐厖深之大也東齊海岱之間
曰夰或曰憮宋魯陳衛之間謂之嘏或曰戎秦晉之
間凡物壯大謂之嘏或曰夏秦晉之間凡人之大謂
之奘或謂之壯燕之北鄙齊楚之郊或曰京或曰將
皆古今語也【語聲轉耳】初別國不相徃來之言也今或同","極無聲謂之唴哴【哴音亮今關西語亦然】楚謂之噭咷【呌逃兩音字或
作叴音求】齊宋之間謂之喑【音蔭】或謂之怒【奴歴切】
悼怒悴慭傷也【詩曰不慭遺一老亦恨傷之言也慭漁厺反】自關而東汝
潁陳楚之間通語也汝謂之怒秦謂之悼宋謂之悴
楚潁之間謂之慭
慎濟䁮怒溼桓憂也【䁮者憂而不動也作念反】宋衛或謂之慎或
曰䁮陳楚或曰溼或曰濟自關而西秦晉之間或曰
怒或曰溼自關而西秦晉之間凡志而不得欲而不
獲高而有墜得而中亾謂之溼【溼者失意潛沮之名沮一作阻】或謂
之怒
鬱悠懐怒惟慮願念靖慎思也晉宋衛魯之間謂之
鬱悠【鬱悠猶鬱陶也】惟凡思也慮謀思也願欲思也念常思
也東齊海岱之間曰靖【岱太山】秦晉或曰慎凡思之貌
亦曰慎【謂感思者之容】或曰怒
敦豐厖【鴟鳩】夰【音介】憮【海狐反】般【般桓】嘏【音賈】奕戎京奘【在朗反】將
大也凡物之大貌曰豐厖深之大也東齊海岱之間
曰夰或曰憮宋魯陳衛之間謂之嘏或曰戎秦晉之
間凡物壯大謂之嘏或曰夏秦晉之間凡人之大謂
之奘或謂之壯燕之北鄙齊楚之郊或曰京或曰將
皆古今語也【語聲轉耳】初別國不相徃來之言也今或同",待标注,"{""行款"":""半页18行，行20字""}",,
207,207.jpg,207.jpg,一期,一期,"史裁卷之一            師古齋藏版
史裁卷之二
周七國
王命晉大夫魏斯趙籍韓虔爲諸侯初智宣子將以
瑤爲後智果曰不如宵也瑤之賢於人者五其不逮
者一也美鬚長大則賢射御足力則賢伎藝單給則
賢巧文辯慧則賢彊毅果敢則賢如是而甚不仁夫
以五賢陵人而以不仁行之其誰能待之若果立瑤
也智宗必滅弗聘果乃別族爲輔氏趙簡子之子長
曰伯魯次曰無恤將置後不知所立乃書訓戒之辭
於二簡以授二子曰謹識之三年而問之伯魯不能","史裁卷之一            師古齋藏版
史裁卷之二
周七國
王命晉大夫魏斯趙籍韓虔爲諸侯初智宣子將以
瑤爲後智果曰不如宵也瑤之賢於人者五其不逮
者一也美鬚長大則賢射御足力則賢伎藝單給則
賢巧文辯慧則賢彊毅果敢則賢如是而甚不仁夫
以五賢陵人而以不仁行之其誰能待之若果立瑤
也智宗必滅弗聘果乃別族爲輔氏趙簡子之子長
曰伯魯次曰無恤將置後不知所立乃書訓戒之辭
於二簡以授二子曰謹識之三年而問之伯魯不能",待标注,"{""行款"":""半页8行，行20字""}",,
208,208.jpg,208.jpg,一期,一期,"用者也故有忠義凜如而一死無補如茍息事亦
不戴又權變而不拂干正者也故有徂詐亂經不
可爲訓如曹沫聶政事亦不戴大略于編年之中
做紀傳之體使一人一事自爲本末庶觀者一覽
可得而不必于旁搜其所論史大都出前人無奇
間以已意發之然必切中事情者非是不錄矣
新梓吳勉學書于師古齋
史裁目錄
第一卷東周第二卷周七國
第二卷秦第四卷漢高至景帝
第五卷漢武至新莽第六卷漢元武至靈帝
第七卷漢獻第八卷蜀漢
第九卷晉第十卷東晉
十一卷宋十二卷齊
十三卷梁十四卷陳
十五卷隋十六卷唐高祖至睿宗
十七卷唐玄宗至德宗】十八卷唐順宗至唐末","用者也故有忠義凜如而一死無補如茍息事亦
不戴又權變而不拂干正者也故有徂詐亂經不
可爲訓如曹沫聶政事亦不戴大略于編年之中
做紀傳之體使一人一事自爲本末庶觀者一覽
可得而不必于旁搜其所論史大都出前人無奇
間以已意發之然必切中事情者非是不錄矣
新梓吳勉學書于師古齋
史裁目錄
第一卷東周第二卷周七國
第二卷秦第四卷漢高至景帝
第五卷漢武至新莽第六卷漢元武至靈帝
第七卷漢獻第八卷蜀漢
第九卷晉第十卷東晉
十一卷宋十二卷齊
十三卷梁十四卷陳
十五卷隋十六卷唐高祖至睿宗
十七卷唐玄宗至德宗】十八卷唐順宗至唐末",待标注,"{""行款"":""半页10行，行19字""}",,
209,209.jpg,209.jpg,一期,一期,"既不受矣而復緩師秦將生心先人有奪人之心軍
之善謀也逐寇如追逃軍之善政也訓卒利兵秣馬
蓐食潛師夜起欺秦師先蔑奔秦先蔑之使也荀林
父止之曰夫人大子猶在而外求君此必不行子以
疾辭若何不然將及襵卿何徃可也何必子同官爲
寮吾嘗同寮敢不盡心乎弗聴也
楚子爲陳夏氏亂故伐陳謂陳人無動將討於少西
氏遂入陳殺夏徵舒轘諸栗門固縣陳陳侯在晉申
叔時使於齊反復命而退王使讓之曰夏徵舒爲不
道弒其君寡人以諸侯討而戮之諸侯縣公皆慶寡
人女獨不慶寡人何故對曰猶可辭乎王曰可哉曰
夏徵舒弒其君其罪大矣討而戮之君之義也抑人
亦有言曰牽牛以蹊人之田而奪之牛牽牛以蹊者
信有罪矣而奪之牛罰已重矣諸侯之從也曰討有
罪也今縣陳貪其富也以討召諸侯而以食歸之無
乃不可乎王曰善哉吾未之聞也反之可乎對曰可
哉吾儕小人所謂取諸其懷而與之也乃復封陳鄉
取一人焉以歸謂之夏州
楚子圍鄭旬有七日鄭人卜行成不吉卜臨三大宮
且巷出車吉國人大臨守陣者皆哭楚子退師鄭人","既不受矣而復緩師秦將生心先人有奪人之心軍
之善謀也逐寇如追逃軍之善政也訓卒利兵秣馬
蓐食潛師夜起欺秦師先蔑奔秦先蔑之使也荀林
父止之曰夫人大子猶在而外求君此必不行子以
疾辭若何不然將及襵卿何徃可也何必子同官爲
寮吾嘗同寮敢不盡心乎弗聴也
楚子爲陳夏氏亂故伐陳謂陳人無動將討於少西
氏遂入陳殺夏徵舒轘諸栗門固縣陳陳侯在晉申
叔時使於齊反復命而退王使讓之曰夏徵舒爲不
道弒其君寡人以諸侯討而戮之諸侯縣公皆慶寡
人女獨不慶寡人何故對曰猶可辭乎王曰可哉曰
夏徵舒弒其君其罪大矣討而戮之君之義也抑人
亦有言曰牽牛以蹊人之田而奪之牛牽牛以蹊者
信有罪矣而奪之牛罰已重矣諸侯之從也曰討有
罪也今縣陳貪其富也以討召諸侯而以食歸之無
乃不可乎王曰善哉吾未之聞也反之可乎對曰可
哉吾儕小人所謂取諸其懷而與之也乃復封陳鄉
取一人焉以歸謂之夏州
楚子圍鄭旬有七日鄭人卜行成不吉卜臨三大宮
且巷出車吉國人大臨守陣者皆哭楚子退師鄭人",待标注,"{""行款"":""半页19行，行20字""}",,
210,210.jpg,210.jpg,一期,一期,"一軍爲魏國備九錫王怒不受十二月天子以王爲天
下兵馬元帥王益怒遣人告樞密使將玄暉與何太后
私通殺玄暉而焚之遂弒太后于積善宮又殺宰相栁
燦太常卿張廷範車裂以徇天子下詔以太后故停郊
三年春魏州羅紹威謀殺其牙軍來假兵以虞變王爲
發兵北攻劉仁恭之滄州兵過魏而絶威已殺牙軍其
兵之在外者果皆叛據貝衛澶愽州王以兵悉殺之遂
攻滄州軍于長鷹劉仁恭求救于晉晉人取潞州王乃
旋軍
五代史記卷第一
五代史記卷第二
梁本紀第二
開平元年春正月壬寅天子使御史大夫薛貽矩來勞
軍宰相張文蔚率百官來勸進夏四月壬戌更名晃甲
子皇帝即位【自即位以後大事則書變古則書非常則書意有所示則書後有所因則書非此五
者則否】戊辰大赦【赦文皆曰大赦天下此書大見其志之慾遠及也不曰天下實有所不及也】
改元國號梁封唐王爲濟陰王【謂天子爲唐王錄其本語如此】升汴州
爲開封府建爲東都以唐東都爲西都廢北州府爲雍
州【州縣廢置則職方考惟京郡則書之】賜東都酺一日契丹阿保機使袍
笏梅老來【夷狄不言朝不責其禮不言貢不貴其物故書曰來五代亂世著其屢來以見夷狄之】","一軍爲魏國備九錫王怒不受十二月天子以王爲天
下兵馬元帥王益怒遣人告樞密使將玄暉與何太后
私通殺玄暉而焚之遂弒太后于積善宮又殺宰相栁
燦太常卿張廷範車裂以徇天子下詔以太后故停郊
三年春魏州羅紹威謀殺其牙軍來假兵以虞變王爲
發兵北攻劉仁恭之滄州兵過魏而絶威已殺牙軍其
兵之在外者果皆叛據貝衛澶愽州王以兵悉殺之遂
攻滄州軍于長鷹劉仁恭求救于晉晉人取潞州王乃
旋軍
五代史記卷第一
五代史記卷第二
梁本紀第二
開平元年春正月壬寅天子使御史大夫薛貽矩來勞
軍宰相張文蔚率百官來勸進夏四月壬戌更名晃甲
子皇帝即位【自即位以後大事則書變古則書非常則書意有所示則書後有所因則書非此五
者則否】戊辰大赦【赦文皆曰大赦天下此書大見其志之慾遠及也不曰天下實有所不及也】
改元國號梁封唐王爲濟陰王【謂天子爲唐王錄其本語如此】升汴州
爲開封府建爲東都以唐東都爲西都廢北州府爲雍
州【州縣廢置則職方考惟京郡則書之】賜東都酺一日契丹阿保機使袍
笏梅老來【夷狄不言朝不責其禮不言貢不貴其物故書曰來五代亂世著其屢來以見夷狄之】",待标注,"{""行款"":""半页16行，行21字""}",,
211,211.jpg,211.jpg,一期,一期,"五代史記卷第五十六
雜傳第四十四
和凝字成績鄆州須昌人也其九世祖逢堯為唐監察
御史其後世遂不復宦學渥父矩性嗜酒不拘小節然
獨好禮文士每傾貲以交之以故凝得與之游而凝幼
聦敏形神秀發舉進士梁義成軍節度使賀瓌碎爲從
事瓌與唐莊宗戰于胡柳瓌戰敗脫身走獨凝隨之反
顧見瓌麾之使去凝曰大夫夫當爲知己死吾恨未得
死所爾豈可去也已而一騎追瓌幾及凝叱之不止即
引弓射殺之瓌由此得免瓌歸戒其諸子曰和生志義","五代史記卷第五十六
雜傳第四十四
和凝字成績鄆州須昌人也其九世祖逢堯為唐監察
御史其後世遂不復宦學渥父矩性嗜酒不拘小節然
獨好禮文士每傾貲以交之以故凝得與之游而凝幼
聦敏形神秀發舉進士梁義成軍節度使賀瓌碎爲從
事瓌與唐莊宗戰于胡柳瓌戰敗脫身走獨凝隨之反
顧見瓌麾之使去凝曰大夫夫當爲知己死吾恨未得
死所爾豈可去也已而一騎追瓌幾及凝叱之不止即
引弓射殺之瓌由此得免瓌歸戒其諸子曰和生志義",待标注,"{""行款"":""半页8行，行21字""}",,
212,212.jpg,212.jpg,一期,一期,"李嗣昭代之四月嗣昭戰死以李存進代之八月梁取
衛州九月存進敗鎭人于東單存進戰死十月李存審
克鎮州王兼兼領成徳軍節度使
同光元年春三月李繼韜以潞州叛附于梁夏四月己
巳皇帝即位大赦改元國號唐行臺左丞相豆盧革爲
門下侍郎右丞相盧程爲中書侍郎同中書門下平章
事中門使郭崇韜昭義監軍張居翰爲樞密使【樞密使唐故以
宦者爲之其職甚微至此始參用士人而與宰相權任鈞矣故與宰相並書】以魏州爲東京
太原爲西京鎮州爲北都閏月追尊祖考爲皇帝妣爲
皇后曽祖執宜祖妣崔氏皆諡曰昭烈廟號懿祖祖國
昌祖妣秦氏皆諡曰文景廟號獻祖考諡曰武廟號太
祖立廟于太原自唐高祖太宗懿宗昭宗爲七廟【追尊祖考
則立廟可知故皆不書廟此書者以立高祖已下西廟故也此也大事也舊史失其日】壬寅李嗣源
取鄆州【後唐太祖置義兒弟如李嗣昭等甚眾初皆賜姓
名尔不以子書也與友文從珂異】五月辛酉梁人取徳勝南城六月及
王彥章戰于新壘敗之是月盧程罷秋八月壬申梁人克澤
州【唐未澤路皆屬晉梁初已得澤州至此又屬晉而梁克之中間不見晉得澤州年月蓋舊史闕不書五代
之亂戰爭攻取彼此得失不常多類此也】守將裴約死之九月戊辰李嗣源
及王彥章戰于遞坊敗之冬十月壬申如鄆州以襲梁
【掩其不偹疾馳入之故曰襲文理宜然無褒貶也】甲戌取中都丁丑取曹州巳","李嗣昭代之四月嗣昭戰死以李存進代之八月梁取
衛州九月存進敗鎭人于東單存進戰死十月李存審
克鎮州王兼兼領成徳軍節度使
同光元年春三月李繼韜以潞州叛附于梁夏四月己
巳皇帝即位大赦改元國號唐行臺左丞相豆盧革爲
門下侍郎右丞相盧程爲中書侍郎同中書門下平章
事中門使郭崇韜昭義監軍張居翰爲樞密使【樞密使唐故以
宦者爲之其職甚微至此始參用士人而與宰相權任鈞矣故與宰相並書】以魏州爲東京
太原爲西京鎮州爲北都閏月追尊祖考爲皇帝妣爲
皇后曽祖執宜祖妣崔氏皆諡曰昭烈廟號懿祖祖國
昌祖妣秦氏皆諡曰文景廟號獻祖考諡曰武廟號太
祖立廟于太原自唐高祖太宗懿宗昭宗爲七廟【追尊祖考
則立廟可知故皆不書廟此書者以立高祖已下西廟故也此也大事也舊史失其日】壬寅李嗣源
取鄆州【後唐太祖置義兒弟如李嗣昭等甚眾初皆賜姓
名尔不以子書也與友文從珂異】五月辛酉梁人取徳勝南城六月及
王彥章戰于新壘敗之是月盧程罷秋八月壬申梁人克澤
州【唐未澤路皆屬晉梁初已得澤州至此又屬晉而梁克之中間不見晉得澤州年月蓋舊史闕不書五代
之亂戰爭攻取彼此得失不常多類此也】守將裴約死之九月戊辰李嗣源
及王彥章戰于遞坊敗之冬十月壬申如鄆州以襲梁
【掩其不偹疾馳入之故曰襲文理宜然無褒貶也】甲戌取中都丁丑取曹州巳",待标注,"{""行款"":""半页19行，行23字""}",,
213,213.jpg,213.jpg,一期,一期,"黃鍾生林鍾此二律相協　林鍾生太蔟此二律相協
太蔟生南呂此二律相協　南呂生姑洗此二律相協
姑洗生應鐘此二律相協　應鍾生蕤賓此二律相協【巳上用笙一攢】
蕤賓生大呂此二律相協   大呂生夷則此二律相協
夷則生夾鍾此二律相協　夾鍾生無射此二律相協
無射生仲呂此二律相協　仲呂生黃鍾此二律相協【巳上用笙一攢】
吹律人勿用老弱者氣與少壯不同必不相協非律不協也吹
時不可性急急乃焦聲非自然聲也宜選一樣之律二人互換
齊吹察其氣同乃與笙齊吹相協照前法増減各簧之蠟一一
點成將律呂名寫於本簧之管先取二攢照依新法所筭之律
點畢別取二攢卻依舊法所筭之律亦照前法點成試驗則新
律與舊律孰是孰非皆可知矣
立均第九【均去聲讀作韻】
夫律之三分損益上下相生至仲呂而窮者數使之然也十二管
旋相爲宮者音使之然也數乃死物一定而不易音乃活法圓轉
而無窮音數二者不可以一例論之也周禮禮運所言深知此理
但言其音不及其數是以通而無礙自漢以來術家以數求其法
是故礙而不通京房之六十律餞樂之之三百六十律衍之益多
而無用徒欲傳會於當期之日數云耳殊不知古之聖人所以定
律止於十二者取諸自然之理而已茍不因自然之理而但以三
分損益之法衍之殆不止三百六十雖至百千萬億往而不返終
不能合還元之數況於六十律哉是皆惑於數而昧於聲者也【臣】
嘗觀仲呂黃鍾之交知聲音有出於度數之外者無射之商夷則
之角仲呂之徵夾鍾之羽若彈絲吹竹擊拊金石聲音至此流轉","黃鍾生林鍾此二律相協　林鍾生太蔟此二律相協
太蔟生南呂此二律相協　南呂生姑洗此二律相協
姑洗生應鐘此二律相協　應鍾生蕤賓此二律相協【巳上用笙一攢】
蕤賓生大呂此二律相協   大呂生夷則此二律相協
夷則生夾鍾此二律相協　夾鍾生無射此二律相協
無射生仲呂此二律相協　仲呂生黃鍾此二律相協【巳上用笙一攢】
吹律人勿用老弱者氣與少壯不同必不相協非律不協也吹
時不可性急急乃焦聲非自然聲也宜選一樣之律二人互換
齊吹察其氣同乃與笙齊吹相協照前法増減各簧之蠟一一
點成將律呂名寫於本簧之管先取二攢照依新法所筭之律
點畢別取二攢卻依舊法所筭之律亦照前法點成試驗則新
律與舊律孰是孰非皆可知矣
立均第九【均去聲讀作韻】
夫律之三分損益上下相生至仲呂而窮者數使之然也十二管
旋相爲宮者音使之然也數乃死物一定而不易音乃活法圓轉
而無窮音數二者不可以一例論之也周禮禮運所言深知此理
但言其音不及其數是以通而無礙自漢以來術家以數求其法
是故礙而不通京房之六十律餞樂之之三百六十律衍之益多
而無用徒欲傳會於當期之日數云耳殊不知古之聖人所以定
律止於十二者取諸自然之理而已茍不因自然之理而但以三
分損益之法衍之殆不止三百六十雖至百千萬億往而不返終
不能合還元之數況於六十律哉是皆惑於數而昧於聲者也【臣】
嘗觀仲呂黃鍾之交知聲音有出於度數之外者無射之商夷則
之角仲呂之徵夾鍾之羽若彈絲吹竹擊拊金石聲音至此流轉",待标注,"{""行款"":""半页11行，行25字""}",,
214,214.jpg,214.jpg,一期,一期,"第一弦按第一徽合黃鍾其散聲爲黃鍾【此一律用琴之一弦】
第二弦按第二徽合黃鍾其散聲爲大呂【此二律用琴之二弦】
第三弦按第三徽合黃鍾其散聲爲太蔟
第四弦按第四徽合黃鍾其散聲爲夾鍾【此二律用琴之三弦】
第五弦按第五徽合黃鍾其散聲爲姑洗
第六弦按第六徽合黃鍾其散聲爲仲呂【此一律用琴之四弦】
第七弦按第七徽合黃鍾其散聲爲蕤賓【此二律用琴之五弦】
第八弦按第八徽合黃鍾其散聲爲林鍾
第九弦按第九徽合黃鍾其散聲爲夷則【此二律用琴之六弦】
第十弦按第十徽合黃鍾其散聲爲南呂
十一弦按十一徽合黃鍾其散聲爲無射【此二律用琴之七弦】
十二弦按十二徽合黃鍾其散聲爲應鍾
第一弦黃鍾散聲與第八弦林鍾散聲和【下生隔八齊撮相合】
第八弦林鍾散聲與第三弦太蔟散聲和【上生隔六齊撮相合】
第三弦太蔟散聲與第十弦南呂散聲和【下生隔八齊撮相合】
第十弦南呂散聲與第五弦姑洗散聲和【上生隔六齊撮相合】
第五弦姑洗散聲與十二弦應鍾散聲和【下生隔八齊撮相合】
十二弦應鍾散聲與第七弦蕤賓散聲和【上生隔六齊撮相合】
第七弦蕤賓散聲與第二弦大呂散聲和【上生隔六齊撮相合】
第二弦大呂散聲與第九弦夷則散聲和【下生隔八齊撮相合】
第九弦夷則散聲與第四弦夾鍾散聲和【上生隔六齊撮相合】
第四弦夾鍾散聲與十一弦無射散聲和【下生隔八齊撮相合】
十一弦無射散聲與第六弦仲呂散聲和【上生隔六齊撮相合】
第六弦仲呂散聲與第一弦黃鍾散聲和【上生隔六齊撮相合】","第一弦按第一徽合黃鍾其散聲爲黃鍾【此一律用琴之一弦】
第二弦按第二徽合黃鍾其散聲爲大呂【此二律用琴之二弦】
第三弦按第三徽合黃鍾其散聲爲太蔟
第四弦按第四徽合黃鍾其散聲爲夾鍾【此二律用琴之三弦】
第五弦按第五徽合黃鍾其散聲爲姑洗
第六弦按第六徽合黃鍾其散聲爲仲呂【此一律用琴之四弦】
第七弦按第七徽合黃鍾其散聲爲蕤賓【此二律用琴之五弦】
第八弦按第八徽合黃鍾其散聲爲林鍾
第九弦按第九徽合黃鍾其散聲爲夷則【此二律用琴之六弦】
第十弦按第十徽合黃鍾其散聲爲南呂
十一弦按十一徽合黃鍾其散聲爲無射【此二律用琴之七弦】
十二弦按十二徽合黃鍾其散聲爲應鍾
第一弦黃鍾散聲與第八弦林鍾散聲和【下生隔八齊撮相合】
第八弦林鍾散聲與第三弦太蔟散聲和【上生隔六齊撮相合】
第三弦太蔟散聲與第十弦南呂散聲和【下生隔八齊撮相合】
第十弦南呂散聲與第五弦姑洗散聲和【上生隔六齊撮相合】
第五弦姑洗散聲與十二弦應鍾散聲和【下生隔八齊撮相合】
十二弦應鍾散聲與第七弦蕤賓散聲和【上生隔六齊撮相合】
第七弦蕤賓散聲與第二弦大呂散聲和【上生隔六齊撮相合】
第二弦大呂散聲與第九弦夷則散聲和【下生隔八齊撮相合】
第九弦夷則散聲與第四弦夾鍾散聲和【上生隔六齊撮相合】
第四弦夾鍾散聲與十一弦無射散聲和【下生隔八齊撮相合】
十一弦無射散聲與第六弦仲呂散聲和【上生隔六齊撮相合】
第六弦仲呂散聲與第一弦黃鍾散聲和【上生隔六齊撮相合】",待标注,"{""行款"":""半页12行，行26字""}",,
215,215.jpg,215.jpg,一期,一期,"   聲髙聲髙則悲非興國之音亡國之音也亡國之音哀以思
   其人困今聲不合雅懼非德正至和之音必古今尺有長短
   所致也會咸病卒武帝以勗律與周漢器合故施用之後始
   平掘地得古銅尺歲久欲腐不知所出何代果長勗尺四分
   時人服咸之妙而莫能厝意焉【見晉書律志】宋儒章如愚曰荀勗
   所制尺銘其制非不詳審其銘非不周複猶未免阮咸之誚
   豈非汲冢玉律乃魏襄王所制未能盡合古制者耶不然春
   秋以來權度已正夫子不必發謹權度之語矣【見山堂考索】
辨疑曰僞周尺者漢平帝時劉歆所造隋志謂之晉前尺蓋以
晉荀勗所定故也至宋儒或謂之校漢錢尺或謂之漢銅斛尺
名雖小異理亦無錯但不可直認爲周尺耳其謂之周尺者不
過因戰國時魏襄王冢中所獲玉律乃晩周之物故云耳夫晚
周之物豈可便謂成周之律度哉魏自文侯已耽鄭衞而厭古
樂降至襄王則其時世又可知也梁武鍾律緯云古玉律八枚
惟夾鍾有題刻然則餘無題刻明矣而荀勗不知何故舍有題
之夾鍾而求諸無題之姑洗小呂夫彼既無題不能的知何律
但以勗之姑洗小呂比較長短與彼偶同吹或應之因謂相協
耳安知勗之此律而非與彼他律應耶何者以其無題刻也劉
歆銅斛王莽錢貨固不足法而西京朢臬建武銅尺恐亦因仍
莽歆之謬而爲之是亦不足法也郡國所得漢時故鍾尤不可
信按漢禮樂志云今漢郊廟詩樂未著祖宗之事八音調均又
不協於鍾律而內有掖庭才人外有上林樂府皆以鄭聲施於
朝廷以此觀之豈可信哉故今從隋志名此尺爲晉前尺未敢
以爲真周尺也名爲僞周尺庶幾得之矣","   聲髙聲髙則悲非興國之音亡國之音也亡國之音哀以思
   其人困今聲不合雅懼非德正至和之音必古今尺有長短
   所致也會咸病卒武帝以勗律與周漢器合故施用之後始
   平掘地得古銅尺歲久欲腐不知所出何代果長勗尺四分
   時人服咸之妙而莫能厝意焉【見晉書律志】宋儒章如愚曰荀勗
   所制尺銘其制非不詳審其銘非不周複猶未免阮咸之誚
   豈非汲冢玉律乃魏襄王所制未能盡合古制者耶不然春
   秋以來權度已正夫子不必發謹權度之語矣【見山堂考索】
辨疑曰僞周尺者漢平帝時劉歆所造隋志謂之晉前尺蓋以
晉荀勗所定故也至宋儒或謂之校漢錢尺或謂之漢銅斛尺
名雖小異理亦無錯但不可直認爲周尺耳其謂之周尺者不
過因戰國時魏襄王冢中所獲玉律乃晩周之物故云耳夫晚
周之物豈可便謂成周之律度哉魏自文侯已耽鄭衞而厭古
樂降至襄王則其時世又可知也梁武鍾律緯云古玉律八枚
惟夾鍾有題刻然則餘無題刻明矣而荀勗不知何故舍有題
之夾鍾而求諸無題之姑洗小呂夫彼既無題不能的知何律
但以勗之姑洗小呂比較長短與彼偶同吹或應之因謂相協
耳安知勗之此律而非與彼他律應耶何者以其無題刻也劉
歆銅斛王莽錢貨固不足法而西京朢臬建武銅尺恐亦因仍
莽歆之謬而爲之是亦不足法也郡國所得漢時故鍾尤不可
信按漢禮樂志云今漢郊廟詩樂未著祖宗之事八音調均又
不協於鍾律而內有掖庭才人外有上林樂府皆以鄭聲施於
朝廷以此觀之豈可信哉故今從隋志名此尺爲晉前尺未敢
以爲真周尺也名爲僞周尺庶幾得之矣",待标注,"{""行款"":""半页12行，行24字""}",,
216,216.jpg,216.jpg,一期,一期,"      解送以備采入藝文志如已刻行者即刷印一
      部送部或其家自欲進獻者聴奉此【臣】故父李
      時珍原任楚府奉祠奉
勅進封文林郎四川蓬溪知縣生平篤學刻意纂修
      曽著本草一部甫及刻成忽值數盡撰有遺表
      令【臣】代獻【臣】切思之父有遺命而子不遵何以
　   承先志父有遺書而子不獻何以應
朝命矧今修史之時又值取書之會【臣】不揣謭陋不
　   避斧鉞謹述故父遺表【臣】父時珍幼多羸疾長
      成鈍椎躭嗜典籍若啖蔗飴攷古證今奮發編
      摩苦志辨疑訂誤留心纂述諸書伏念本草一
      書關係頗重誤解群氏謬誤亦多行年三十力
　   肆校讎歷嵗七旬功始成就野人炙背食芹尚
      欲獻之
天子微臣採珠聚玉敢不上之
明君昔炎皇辨百穀嘗百草而分別氣味之良毒軒
      轅師岐伯遵伯高而剖析經絡之本標逐有神
　   農本草三巻藝文錄爲醫家一經及漢末而李","      解送以備采入藝文志如已刻行者即刷印一
      部送部或其家自欲進獻者聴奉此【臣】故父李
      時珍原任楚府奉祠奉
勅進封文林郎四川蓬溪知縣生平篤學刻意纂修
      曽著本草一部甫及刻成忽值數盡撰有遺表
      令【臣】代獻【臣】切思之父有遺命而子不遵何以
　   承先志父有遺書而子不獻何以應
朝命矧今修史之時又值取書之會【臣】不揣謭陋不
　   避斧鉞謹述故父遺表【臣】父時珍幼多羸疾長
      成鈍椎躭嗜典籍若啖蔗飴攷古證今奮發編
      摩苦志辨疑訂誤留心纂述諸書伏念本草一
      書關係頗重誤解群氏謬誤亦多行年三十力
　   肆校讎歷嵗七旬功始成就野人炙背食芹尚
      欲獻之
天子微臣採珠聚玉敢不上之
明君昔炎皇辨百穀嘗百草而分別氣味之良毒軒
      轅師岐伯遵伯高而剖析經絡之本標逐有神
　   農本草三巻藝文錄爲醫家一經及漢末而李",待标注,"{""行款"":""半页16行，行18字""}",,
217,217.jpg,217.jpg,一期,一期,"赤小豆【薤汁調服】萊菔子【擂汁】桐油【掃入】桔梗蘆【爲末湯服二錢】牙皂
萊菔子【爲末煎灌】附子尖【研末茶服】牛蒡子末【羌活酒服】常山末【水煎】
醋蜜【和服】膽礬末【醋調灌】牙皂晉礬【水服】大鰕【煮熟食鰕飲汁探吐】
苦茗茶【探吐】石綠【醋糊爲丸毎化一丸】砒霜【研末湯服少許】地松【搗汁】豨薟
【搗汁】離鬲草【汁】芭蕉油【汁】石胡荽【汁】三白草【汁】蘇方木
【煎酒調乳香末二錢服治男女中風口噤立吐惡物出】橘紅【一斤熬逆流水一盌服乃吐痰
聖藥也】
貼喎南星末【薑汁調貼】蓖麻仁【搗貼】炒石灰【醋調貼】烏頭末【龜血
調貼】雞冠血蝸牛【搗貼】生鹿肉【切貼】鮎魚尾【切貼】皂莢末【醋調貼】
伏龍肝【鼇血調貼】鱓魚血蛞蝓【搗貼】寒食麵【醋貼】桂末【水調貼】馬
膏桂酒大麥麵【括樓汁調】蟹膏【貼】衣魚【摩之】蜘蛛【向火摩之】牛
角䚡【炙熨】水牛鼻【大炙熨之】大蒜膏【貼合各穴】巴豆【貼手掌心】
各經主治藁本【手太陽】羌活【足太陽】白芷【手陽明】葛根【足陽明】
黃茋【手少陽】柴胡【足少陽】防風【手太隂】升麻【足太隂】細辛【手少隂】
獨活【足少隂】芎藭【手足厥陰】
發散麻黃【發散賊風風寒風熱風濕身熱麻痺不仁熬膏服之治風病取汗】荊芥【散風
熱祛表邪清頭目行瘀血主賊風頑痺喎斜同薄荷熬膏服治偏風研末童尿酒服治產後中風神効】
薄荷【治賊風散風熱風寒利關節發毒汗爲小兒風涎要藥】葛根【發散肌表風寒風熱止渴】","赤小豆【薤汁調服】萊菔子【擂汁】桐油【掃入】桔梗蘆【爲末湯服二錢】牙皂
萊菔子【爲末煎灌】附子尖【研末茶服】牛蒡子末【羌活酒服】常山末【水煎】
醋蜜【和服】膽礬末【醋調灌】牙皂晉礬【水服】大鰕【煮熟食鰕飲汁探吐】
苦茗茶【探吐】石綠【醋糊爲丸毎化一丸】砒霜【研末湯服少許】地松【搗汁】豨薟
【搗汁】離鬲草【汁】芭蕉油【汁】石胡荽【汁】三白草【汁】蘇方木
【煎酒調乳香末二錢服治男女中風口噤立吐惡物出】橘紅【一斤熬逆流水一盌服乃吐痰
聖藥也】
貼喎南星末【薑汁調貼】蓖麻仁【搗貼】炒石灰【醋調貼】烏頭末【龜血
調貼】雞冠血蝸牛【搗貼】生鹿肉【切貼】鮎魚尾【切貼】皂莢末【醋調貼】
伏龍肝【鼇血調貼】鱓魚血蛞蝓【搗貼】寒食麵【醋貼】桂末【水調貼】馬
膏桂酒大麥麵【括樓汁調】蟹膏【貼】衣魚【摩之】蜘蛛【向火摩之】牛
角䚡【炙熨】水牛鼻【大炙熨之】大蒜膏【貼合各穴】巴豆【貼手掌心】
各經主治藁本【手太陽】羌活【足太陽】白芷【手陽明】葛根【足陽明】
黃茋【手少陽】柴胡【足少陽】防風【手太隂】升麻【足太隂】細辛【手少隂】
獨活【足少隂】芎藭【手足厥陰】
發散麻黃【發散賊風風寒風熱風濕身熱麻痺不仁熬膏服之治風病取汗】荊芥【散風
熱祛表邪清頭目行瘀血主賊風頑痺喎斜同薄荷熬膏服治偏風研末童尿酒服治產後中風神効】
薄荷【治賊風散風熱風寒利關節發毒汗爲小兒風涎要藥】葛根【發散肌表風寒風熱止渴】",待标注,"{""行款"":""半页16行，行35字""}",,
218,218.jpg,218.jpg,一期,一期,"桑灰汁【瘡傷風水瘡發入腹殺人】自己尿【金瘡中風日洗數次】熨灸商陸【瘡傷水濕
擣炙熨之冷即易】蜀椒【諸瘡中風腫痛和麫煨熨】槐白皮【安瘡上炙百壮】桑枝【刺傷
瘡犯露水腫痛多殺人炮熱烙之冷即易】黍穰青布牛屎白馬通
驘屎【並主諸瘡傷風及水腫痛欲死者單燒熏冷水出盡愈】
項強
風濕防風【凡腰痛項強不可回頭乃手足太陽症必須用此】荊芥【秋后作枕及鋪床下
立春去之】羌活白芷藁本薄荷菊花貝母
癩癎【有風熱驚邪皆兼虛與痰】
吐啖瓜蒂藜蘆烏頭尖附子尖石膽石
緑【並吐癲癇暗風痰涎】芭蕉油【暗風癇疾眩運仆倒飲之取吐】白梅【擦牙追涎或加白礬
皁莢【水浸挼汁熬膏入麝攤晒每以一片化漿水灌鼻取涎】
風熱驚痰草木羌活防風荊芥薄荷細辛
龍膽防己藁本升麻青黛白鮮皮【並主
風熱驚癇】百合鴨跖草【並主癲邪狂呌身熱】釣藤【卒癇同甘草煎服】防葵
【癲癇狂走者研末酒服】莨菪子【癲狂風癇浸酒煎丸服】蛇含紫苑半
夏【並主寒熱驚癇瘛瘲】天南星【風癇痰迷九蒸九晒薑汁丸服】欝金【失心風顛痰血絡聚
心竅同明礬丸】甘遂【心風顛癇痰迷心竅豬心煮服】黃連【泄心肝火去心竅惡血】苦參
【童尿煎汁釀酒飲主三十年癇】天門冬【風顛發則作吐耳鳴引脇痛為末酒服】紫河車","桑灰汁【瘡傷風水瘡發入腹殺人】自己尿【金瘡中風日洗數次】熨灸商陸【瘡傷水濕
擣炙熨之冷即易】蜀椒【諸瘡中風腫痛和麫煨熨】槐白皮【安瘡上炙百壮】桑枝【刺傷
瘡犯露水腫痛多殺人炮熱烙之冷即易】黍穰青布牛屎白馬通
驘屎【並主諸瘡傷風及水腫痛欲死者單燒熏冷水出盡愈】
項強
風濕防風【凡腰痛項強不可回頭乃手足太陽症必須用此】荊芥【秋后作枕及鋪床下
立春去之】羌活白芷藁本薄荷菊花貝母
癩癎【有風熱驚邪皆兼虛與痰】
吐啖瓜蒂藜蘆烏頭尖附子尖石膽石
緑【並吐癲癇暗風痰涎】芭蕉油【暗風癇疾眩運仆倒飲之取吐】白梅【擦牙追涎或加白礬
皁莢【水浸挼汁熬膏入麝攤晒每以一片化漿水灌鼻取涎】
風熱驚痰草木羌活防風荊芥薄荷細辛
龍膽防己藁本升麻青黛白鮮皮【並主
風熱驚癇】百合鴨跖草【並主癲邪狂呌身熱】釣藤【卒癇同甘草煎服】防葵
【癲癇狂走者研末酒服】莨菪子【癲狂風癇浸酒煎丸服】蛇含紫苑半
夏【並主寒熱驚癇瘛瘲】天南星【風癇痰迷九蒸九晒薑汁丸服】欝金【失心風顛痰血絡聚
心竅同明礬丸】甘遂【心風顛癇痰迷心竅豬心煮服】黃連【泄心肝火去心竅惡血】苦參
【童尿煎汁釀酒飲主三十年癇】天門冬【風顛發則作吐耳鳴引脇痛為末酒服】紫河車",待标注,"{""行款"":""半页12行，行39字""}",,
219,219.jpg,219.jpg,一期,一期,"經齒冷於雪勸人投比珠願隨金騕褭走置錦屠蘇
路遠思恐泥興深終不渝獻芹則小小薦藻明區區
萬里露寒殿開冰清玉壺君王納晚涼此味亦時須
【夢弼曰苞蘆謂蘆笋也沫曰金騕褭馬也修可曰屠蘇字或作屠㢝玉篇云屠㢝庵也通俗文屋平曰屠
㢝廣韻云屠㢝草庵又屠蘇酒葢昔人居屠㢝釀酒因名今詳是詩走置錦屠蘇正謂屋也古樂府挿腰
銅七首障日錦屠蘇洙曰語致逺恐泥獻芹見嵇康絶交書薦藻出左傳】
園
仲夏流多水清晨向小園碧溪搖艇闊朱果爛枝繁
始爲江山靜終防市井喧畦蔬繞茅屋自足媚盤餐","經齒冷於雪勸人投比珠願隨金騕褭走置錦屠蘇
路遠思恐泥興深終不渝獻芹則小小薦藻明區區
萬里露寒殿開冰清玉壺君王納晚涼此味亦時須
【夢弼曰苞蘆謂蘆笋也沫曰金騕褭馬也修可曰屠蘇字或作屠㢝玉篇云屠㢝庵也通俗文屋平曰屠
㢝廣韻云屠㢝草庵又屠蘇酒葢昔人居屠㢝釀酒因名今詳是詩走置錦屠蘇正謂屋也古樂府挿腰
銅七首障日錦屠蘇洙曰語致逺恐泥獻芹見嵇康絶交書薦藻出左傳】
園
仲夏流多水清晨向小園碧溪搖艇闊朱果爛枝繁
始爲江山靜終防市井喧畦蔬繞茅屋自足媚盤餐",待标注,"{""行款"":""半页8行，行20字""}",,
220,220.jpg,220.jpg,一期,一期,"集千家註杜工部詩集卷之十七
　　　　　　　明長洲許自昌玄祐甫校
　　豎子至【天曆二年夏夔州作鶴曰公時寓居夔州之瀼西】
樝梨且綴碧梅杏半傳黃小子幽園至輕籠熟㮏香
山風猶滿把野露及新嘗欹枕江湖客提攜日月長
【洙曰且一作纔欹枕一作欲寄】
　　槐葉冷淘
青青高槐葉采掇付中厨新麪來近市汁滓宛相俱
入鼎資過熟加餐愁欲無碧鮮俱照筯香飯兼苞蘆","集千家註杜工部詩集卷之十七
　　　　　　　明長洲許自昌玄祐甫校
　　豎子至【天曆二年夏夔州作鶴曰公時寓居夔州之瀼西】
樝梨且綴碧梅杏半傳黃小子幽園至輕籠熟㮏香
山風猶滿把野露及新嘗欹枕江湖客提攜日月長
【洙曰且一作纔欹枕一作欲寄】
　　槐葉冷淘
青青高槐葉采掇付中厨新麪來近市汁滓宛相俱
入鼎資過熟加餐愁欲無碧鮮俱照筯香飯兼苞蘆",待标注,"{""行款"":""半页7行，行20字""}",,
221,221.jpg,221.jpg,一期,一期,"【洙曰金絲箭皁尾旗皆胡服也】
正觀銅牙弩開元錦獸張花門小箭好此物棄沙塲
【用夷變夏輕棄前輩О趙曰書若虞機張則所謂錦獸張者亦努之物耳鶴曰漢壽中屠嘉以材傷蹶張
曰云材官之士多力能脚踏強弩張之故曰蹶張師曰花門回紇也】
胡虜何曾盛干戈不肯休閭閻聽小子談笑覓封侯
【鶴曰按唐史至徳年間府庫無蓄積朝廷專以官爵賞功諸將出師皆給空名告身自開府特進列卿大
將軍以至中郎郎將聽臨事注名及清渠之敗復以官爵收散卒應募入軍者一切衣金紫至有朝士僮
僕衣金紫稱大官而執賤役者】
今日翔麟馬先宜駕鼓車無勞問河北諸將角榮華","【洙曰金絲箭皁尾旗皆胡服也】
正觀銅牙弩開元錦獸張花門小箭好此物棄沙塲
【用夷變夏輕棄前輩О趙曰書若虞機張則所謂錦獸張者亦努之物耳鶴曰漢壽中屠嘉以材傷蹶張
曰云材官之士多力能脚踏強弩張之故曰蹶張師曰花門回紇也】
胡虜何曾盛干戈不肯休閭閻聽小子談笑覓封侯
【鶴曰按唐史至徳年間府庫無蓄積朝廷專以官爵賞功諸將出師皆給空名告身自開府特進列卿大
將軍以至中郎郎將聽臨事注名及清渠之敗復以官爵收散卒應募入軍者一切衣金紫至有朝士僮
僕衣金紫稱大官而執賤役者】
今日翔麟馬先宜駕鼓車無勞問河北諸將角榮華",待标注,"{""行款"":""半页9行，行20字""}",,
222,222.jpg,222.jpg,一期,一期,"【夢符曰按唐志翔麟厩名洙曰漢文帝以千里馬駕鼓車】
任轉江淮粟休添苑囿兵由來貔虎士不滿鳳凰城
【趙曰鳳凰城謂君兆也】
江上亦秋色火雲終不移巫山猶錦樹南國且黃鸝
每恨陶彭澤無錢對菊花如今九日至自覺酒須賖
【洙曰南史陶潛九日無酒出宅邉叢菊中坐久之逢刺史王弘送酒至即醉而歸】
病減詩仍拙吟多意有餘莫看江揔老猶被賞時魚
【洙曰江揔字揔持在陳授尚書令陳破入隋後復歸老江南師曰子美檢校工部朱紱銀魚故託江揔以
自況也】","【夢符曰按唐志翔麟厩名洙曰漢文帝以千里馬駕鼓車】
任轉江淮粟休添苑囿兵由來貔虎士不滿鳳凰城
【趙曰鳳凰城謂君兆也】
江上亦秋色火雲終不移巫山猶錦樹南國且黃鸝
每恨陶彭澤無錢對菊花如今九日至自覺酒須賖
【洙曰南史陶潛九日無酒出宅邉叢菊中坐久之逢刺史王弘送酒至即醉而歸】
病減詩仍拙吟多意有餘莫看江揔老猶被賞時魚
【洙曰江揔字揔持在陳授尚書令陳破入隋後復歸老江南師曰子美檢校工部朱紱銀魚故託江揔以
自況也】",待标注,"{""行款"":""半页7行，行20字""}",,
223,223.jpg,223.jpg,一期,一期,"逹見稱有以哉故予嘗謂士大夫若
能爲公雖微之之搆於裵思黯之憾
於李公皆與厚善而不能爲之累而
爲大臣者但當若晉公之休休毋使
賢逹如公而亦不免於見忌則予所
以序斯文之意也萬曆丙午孟秋序
白氏長慶集
         新唐書本傳                         宋祁撰
白居易字樂天其先蓋太原人北齊五兵尚書建有功
于時賜田韓城子孫家焉又徙下邽父季庚爲彭城令
李正巳之叛說刺史李洧自歸累擢襄州別駕居易敏
悟絶人工文章未冠謁顧況況吳人恃才少所推可見
其文自失曰吾謂斯文遂絕今復得子矣貞元中擢進
士㧞萃皆中補校書郎元和元年對制策一等調盩厔
尉爲集賢校理月中召入翰林爲學士遷左拾遺四年
天子以旱甚下詔有所蠲貸振除災沴居易見詔節未","逹見稱有以哉故予嘗謂士大夫若
能爲公雖微之之搆於裵思黯之憾
於李公皆與厚善而不能爲之累而
爲大臣者但當若晉公之休休毋使
賢逹如公而亦不免於見忌則予所
以序斯文之意也萬曆丙午孟秋序
白氏長慶集
         新唐書本傳                         宋祁撰
白居易字樂天其先蓋太原人北齊五兵尚書建有功
于時賜田韓城子孫家焉又徙下邽父季庚爲彭城令
李正巳之叛說刺史李洧自歸累擢襄州別駕居易敏
悟絶人工文章未冠謁顧況況吳人恃才少所推可見
其文自失曰吾謂斯文遂絕今復得子矣貞元中擢進
士㧞萃皆中補校書郎元和元年對制策一等調盩厔
尉爲集賢校理月中召入翰林爲學士遷左拾遺四年
天子以旱甚下詔有所蠲貸振除災沴居易見詔節未",待标注,"{""行款"":""半页14行，行21字""}",,
224,224.jpg,224.jpg,一期,一期,"勢易寡驕者物之盈老者數之終四者如寇盜日夜來
相攻假使居吉土孰能保其躬因小以明大借家可諭
邦【叶逋蒙切】周秦宅崤函其宅非不同一興八百年一死望
夷宮寄語家與國人凶非宅凶
夢仙
人有夢仙者夢身升上清坐乗一白鶴前引雙紅旌羽
衣忽飄飄玉鸞俄錚錚半空直下視人世塵冥冥漸失
鄉國處纔分山水形東海一片白列岳五點青須臾羣
仙來相引朝王京安期羨門輩列侍如公卿仰謁玉皇
帝稽首前致誠帝言汝仙才努力勿自輕卻後十五年
期汝不死庭再拜受斯言既寤喜且驚祕之不敢泄誓
志居巖扃【涓營切】恩愛捨骨肉飲食斷羶腥朝食雲母散
夜吸沆【何黨切】瀣【奚介切】精空山三十載日望輜軿近前期
過已久鸞鶴無來聲齒髮日衰白耳目減聰明一朝同
物化身與糞壤并神仙信有之俗力非可營茍無金骨
相不列丹臺名徒傳辟穀法虛受燒丹經只自取勤苦
百年終不成悲哉夢仙人一夢誤一生
觀刈麥【時爲盩厔縣尉○盩音周厔音質】
田家少閒月五月人倍忙夜來南風起小麥覆隴黃婦
姑荷簞食童稚攜壺漿相隨餉田去丁壯在南岡足蒸","勢易寡驕者物之盈老者數之終四者如寇盜日夜來
相攻假使居吉土孰能保其躬因小以明大借家可諭
邦【叶逋蒙切】周秦宅崤函其宅非不同一興八百年一死望
夷宮寄語家與國人凶非宅凶
夢仙
人有夢仙者夢身升上清坐乗一白鶴前引雙紅旌羽
衣忽飄飄玉鸞俄錚錚半空直下視人世塵冥冥漸失
鄉國處纔分山水形東海一片白列岳五點青須臾羣
仙來相引朝王京安期羨門輩列侍如公卿仰謁玉皇
帝稽首前致誠帝言汝仙才努力勿自輕卻後十五年
期汝不死庭再拜受斯言既寤喜且驚祕之不敢泄誓
志居巖扃【涓營切】恩愛捨骨肉飲食斷羶腥朝食雲母散
夜吸沆【何黨切】瀣【奚介切】精空山三十載日望輜軿近前期
過已久鸞鶴無來聲齒髮日衰白耳目減聰明一朝同
物化身與糞壤并神仙信有之俗力非可營茍無金骨
相不列丹臺名徒傳辟穀法虛受燒丹經只自取勤苦
百年終不成悲哉夢仙人一夢誤一生
觀刈麥【時爲盩厔縣尉○盩音周厔音質】
田家少閒月五月人倍忙夜來南風起小麥覆隴黃婦
姑荷簞食童稚攜壺漿相隨餉田去丁壯在南岡足蒸",待标注,"{""行款"":""半页18行，行21字""}",,
225,225.jpg,225.jpg,一期,一期,"獨上樂遊園四望天日曛東北何霧靄宮闕入煙雲愛
此高處立忽如遺垢氛耳目暫清曠懐抱鬱不伸下視
十二街緑樹閒紅塵車馬徒滿眼不見心所親孔生死
洛陽元九謫荊門可憐南北路高蓋者何人
         酬元九對新栽竹有懐見寄【頃有贈元九詩云有節秋竹竿故元
         感之因重見寄】
昔我十年前與君始相識會將秋竹心風霜侵不得始
嫌梧桐樹秋至先改色不愛楊栁枝春來軟無力憐君
別我後見竹常相憶常欲在眼前故栽庭戸側分首今
何處君南我在北吟我贈君詩對之心惻惻
         感鶴
鶴有不羣者飛飛在野田饑不啄腐鼠渴不飲盗泉貞
姿自耿介雜鳥何翩翾【呼淵切】同遊不同志如此十餘年
一興嗜慾念遂爲矰繳牽委質小池內爭食羣雞前不
惟懐稻粱兼亦競腥羶不惟戀主人兼亦狎烏鳶物心
不可知天性有時遷一飽尚如此況乘大夫軒
         春雪
元和歲在卯六年春二月月晦寒食天天陰夜飛雪連
宵復竟日浩浩殊未歇大似落鵝毛密如飄玉屑寒銷
春茫【上聲】蒼【上聲】氣變風凜冽上林草盡沒曲江水復結紅","獨上樂遊園四望天日曛東北何霧靄宮闕入煙雲愛
此高處立忽如遺垢氛耳目暫清曠懐抱鬱不伸下視
十二街緑樹閒紅塵車馬徒滿眼不見心所親孔生死
洛陽元九謫荊門可憐南北路高蓋者何人
         酬元九對新栽竹有懐見寄【頃有贈元九詩云有節秋竹竿故元
         感之因重見寄】
昔我十年前與君始相識會將秋竹心風霜侵不得始
嫌梧桐樹秋至先改色不愛楊栁枝春來軟無力憐君
別我後見竹常相憶常欲在眼前故栽庭戸側分首今
何處君南我在北吟我贈君詩對之心惻惻
         感鶴
鶴有不羣者飛飛在野田饑不啄腐鼠渴不飲盗泉貞
姿自耿介雜鳥何翩翾【呼淵切】同遊不同志如此十餘年
一興嗜慾念遂爲矰繳牽委質小池內爭食羣雞前不
惟懐稻粱兼亦競腥羶不惟戀主人兼亦狎烏鳶物心
不可知天性有時遷一飽尚如此況乘大夫軒
         春雪
元和歲在卯六年春二月月晦寒食天天陰夜飛雪連
宵復竟日浩浩殊未歇大似落鵝毛密如飄玉屑寒銷
春茫【上聲】蒼【上聲】氣變風凜冽上林草盡沒曲江水復結紅",待标注,"{""行款"":""半页17行，行21字""}",,
226,226.jpg,226.jpg,一期,一期,"藥衞人何用采葑菲【韓詩叶平】開齊似剪霞添色盛極唯
愁月減圍圍聞説花時多勝集閤門向晩尚畱扉
      沈石田寄太湖圖
逺寄蕭蕭十幅圖霞明霧暗雨模糊眼中覺我無雲
夢胷次知君有太湖溪壑懐人如有待烟雲入手若
爲逋黃金萬樹秋風裏撥棹酉來莫滯濡
      吊文山遺墨【錢世恆憲副家蔵被火】
紫市悲風畫作陰遺言一字抵千金青泥不化萇弘
血向日還昭豫讓心千古乾坤留突兀六丁雷電下
搜尋貽書好爲參元賀免使英雄淚滿襟
      贈彭都指揮督餉南還
橫槊臨江氣亦豪風流文彩映戎韜樽前暫借笛矦
著家世曾傳呂氏刀白下看花懷契義湟中積鷇仗
賢勞前人名在凌烟閣颯爽猶懐鄂與褒
      延喆初就外傳【匏庵西塾也】
宮墻數仭豈云低童子何知亦許躋問學不殊山進
止吾伊只在巷東西詩書老去還堪付頭角年來欲
漸齊勝事要苗爲世講庾郎非是厭家鷄","藥衞人何用采葑菲【韓詩叶平】開齊似剪霞添色盛極唯
愁月減圍圍聞説花時多勝集閤門向晩尚畱扉
      沈石田寄太湖圖
逺寄蕭蕭十幅圖霞明霧暗雨模糊眼中覺我無雲
夢胷次知君有太湖溪壑懐人如有待烟雲入手若
爲逋黃金萬樹秋風裏撥棹酉來莫滯濡
      吊文山遺墨【錢世恆憲副家蔵被火】
紫市悲風畫作陰遺言一字抵千金青泥不化萇弘
血向日還昭豫讓心千古乾坤留突兀六丁雷電下
搜尋貽書好爲參元賀免使英雄淚滿襟
      贈彭都指揮督餉南還
橫槊臨江氣亦豪風流文彩映戎韜樽前暫借笛矦
著家世曾傳呂氏刀白下看花懷契義湟中積鷇仗
賢勞前人名在凌烟閣颯爽猶懐鄂與褒
      延喆初就外傳【匏庵西塾也】
宮墻數仭豈云低童子何知亦許躋問學不殊山進
止吾伊只在巷東西詩書老去還堪付頭角年來欲
漸齊勝事要苗爲世講庾郎非是厭家鷄",待标注,"{""行款"":""半页16行，行20字""}",,
227,227.jpg,227.jpg,一期,一期,"染緑凈無風水似鋪玉帶蟒衣爭快覩鳯笙龍管醉
相扶輕橈又轉東湖去何似當年范蠡圖
      韓文公藍闗圖【爲陳以嚴賦】
韓公不信佛肯信世有仙牡丹花上誰所賦一朝雪
擁藍田闗阿湘幻化有如此神仙灼灼在眼前使公
一語稍低屈携手同泩良非難胡爲騎馬浪自苦秖
令收骨江之邊乃知此公胷中屼峍有壯氣抵夗不
肯泛湘言當時果州有謝女白晝居室生雲煙須臾
上升衆所見公謂魑魅物怪其逢旃浚來儒者頗好
異遂令末世坎離龍虎紛紛傳乃知韓公不可及泰
山北斗不獨文章然
      送吳縣簿董仁之任鄞丞雪隔田園岳吳
自頃權奸偷國柄一時在位貪相競剝民膏血輸權
門廉恥掃地寧沒存誰知小官之中乃有吳縣簿守
法廉平獨如故三年佐縣民愛深視金如土民如金
每言吳人窮到骨吾此脧削吾何心吳縣簿真難淂
哉欲言之顧非職一朝擢官向寧波於乎柰此吳民
何","染緑凈無風水似鋪玉帶蟒衣爭快覩鳯笙龍管醉
相扶輕橈又轉東湖去何似當年范蠡圖
      韓文公藍闗圖【爲陳以嚴賦】
韓公不信佛肯信世有仙牡丹花上誰所賦一朝雪
擁藍田闗阿湘幻化有如此神仙灼灼在眼前使公
一語稍低屈携手同泩良非難胡爲騎馬浪自苦秖
令收骨江之邊乃知此公胷中屼峍有壯氣抵夗不
肯泛湘言當時果州有謝女白晝居室生雲煙須臾
上升衆所見公謂魑魅物怪其逢旃浚來儒者頗好
異遂令末世坎離龍虎紛紛傳乃知韓公不可及泰
山北斗不獨文章然
      送吳縣簿董仁之任鄞丞雪隔田園岳吳
自頃權奸偷國柄一時在位貪相競剝民膏血輸權
門廉恥掃地寧沒存誰知小官之中乃有吳縣簿守
法廉平獨如故三年佐縣民愛深視金如土民如金
每言吳人窮到骨吾此脧削吾何心吳縣簿真難淂
哉欲言之顧非職一朝擢官向寧波於乎柰此吳民
何",待标注,"{""行款"":""半页16行，行20字""}",,
228,228.jpg,228.jpg,一期,一期,"上亦重公之賢憫勞以煩加太子太保家居不絶
其祿覩公所以自處頗上之所以處公何其盛也
而自朝署以至閭巷咸齎咨息以爲不當聴其去
區區之愚亦不能不重爲天下惜也公行有日公卿
大夫傾朝出餞於是相與賦詩爲別所以嘆其賢侈
其逢惜其去而不能不望其復來也詩凡若干首
      會試録序【戊辰】
正徳戊辰二月會試天下士於時知貢舉則禮部尚
書臣機侍郎臣澯考試則大學士臣鏊學士臣儲同
考試則脩撰臣海編脩臣一鵬臣俊臣仁和臣時臣
霄臣瑭臣銑臣若水都給事中臣承裕給事中臣潮
署郎中事員外郎臣庭㭿主事臣子熙臣中道監試
則御史臣鑑臣玉天下士抱藝就試者二千八百八
十餘人三試之遵制詔預選者凡三百五十人刻
其文之粹者以傳凡二十篇名之曰會試録臣鏊謹
序其首曰惟天生民不能自治故立之君君者所以
代天爲治君有萬國不能獨理故任之臣臣者所以
代君分治而皆以爲民也國朝取士率三嵗一舉","上亦重公之賢憫勞以煩加太子太保家居不絶
其祿覩公所以自處頗上之所以處公何其盛也
而自朝署以至閭巷咸齎咨息以爲不當聴其去
區區之愚亦不能不重爲天下惜也公行有日公卿
大夫傾朝出餞於是相與賦詩爲別所以嘆其賢侈
其逢惜其去而不能不望其復來也詩凡若干首
      會試録序【戊辰】
正徳戊辰二月會試天下士於時知貢舉則禮部尚
書臣機侍郎臣澯考試則大學士臣鏊學士臣儲同
考試則脩撰臣海編脩臣一鵬臣俊臣仁和臣時臣
霄臣瑭臣銑臣若水都給事中臣承裕給事中臣潮
署郎中事員外郎臣庭㭿主事臣子熙臣中道監試
則御史臣鑑臣玉天下士抱藝就試者二千八百八
十餘人三試之遵制詔預選者凡三百五十人刻
其文之粹者以傳凡二十篇名之曰會試録臣鏊謹
序其首曰惟天生民不能自治故立之君君者所以
代天爲治君有萬國不能獨理故任之臣臣者所以
代君分治而皆以爲民也國朝取士率三嵗一舉",待标注,"{""行款"":""半页17行，行20字""}",,
229,229.jpg,229.jpg,一期,一期,"豕彘也彘豬也其子曰豚豕之大者謂之豜小者謂
之豵【毛長以豕一歳曰豵三歳曰豜與此又小異】鳥之所乳謂之巢雞雉
所乳謂之窠鹿之所息謂之潛潛槮也積柴水中而
魚舍焉
　　　廣度十一
跬一舉足也倍跬謂之步【司馬法六天爲步倍跬乃其大畧】四尺謂
之仞倍仞謂之尋尋舒兩肱也倍尋謂之常五尺謂
之墨倍墨謂之丈倍丈謂之端倍端謂之两倍两謂
之疋疋有謂之束【禮玄纁五两以两爲束每束两两卷之二丈雙合則成疋凡十卷為
五束以應天九地十之數與此制異焉】
         度量十二
一手之盛謂之溢【滿一手也】兩手謂之掬【半升也】掬四謂之
豆豆四謂之區區四謂之釜【舊制四升爲豆四豆為區區斗四升也四區爲
釜六十四升也齊陳氏以五升爲豆五豆爲區五區爲釜十釜爲鍾與今同】釜二有半謂
之藪【一斛六十也】藪二有半謂之缶【四斛也】缶二謂之鍾【八斛
也】鍾二謂之秉秉十六斛
　　　廣衡十三
二十四銖曰两两有半曰捷倍捷曰舉倍舉曰鋝鋝
謂之鍰【舉三兩鍰六兩】二鍰四两謂之斤斤十謂之衡衡有
半謂之秤秤二謂之鈞【秤十五斤鉤鈞三十斤】鉤四謂之石石四","豕彘也彘豬也其子曰豚豕之大者謂之豜小者謂
之豵【毛長以豕一歳曰豵三歳曰豜與此又小異】鳥之所乳謂之巢雞雉
所乳謂之窠鹿之所息謂之潛潛槮也積柴水中而
魚舍焉
　　　廣度十一
跬一舉足也倍跬謂之步【司馬法六天爲步倍跬乃其大畧】四尺謂
之仞倍仞謂之尋尋舒兩肱也倍尋謂之常五尺謂
之墨倍墨謂之丈倍丈謂之端倍端謂之两倍两謂
之疋疋有謂之束【禮玄纁五两以两爲束每束两两卷之二丈雙合則成疋凡十卷為
五束以應天九地十之數與此制異焉】
         度量十二
一手之盛謂之溢【滿一手也】兩手謂之掬【半升也】掬四謂之
豆豆四謂之區區四謂之釜【舊制四升爲豆四豆為區區斗四升也四區爲
釜六十四升也齊陳氏以五升爲豆五豆爲區五區爲釜十釜爲鍾與今同】釜二有半謂
之藪【一斛六十也】藪二有半謂之缶【四斛也】缶二謂之鍾【八斛
也】鍾二謂之秉秉十六斛
　　　廣衡十三
二十四銖曰两两有半曰捷倍捷曰舉倍舉曰鋝鋝
謂之鍰【舉三兩鍰六兩】二鍰四两謂之斤斤十謂之衡衡有
半謂之秤秤二謂之鈞【秤十五斤鉤鈞三十斤】鉤四謂之石石四",待标注,"{""行款"":""半页15行，行20字""}",,
230,230.jpg,230.jpg,一期,一期,"夜夜夜半啼聞者爲沾襟聲中如告訴未盡返哺心
百鳥豈無母爾獨哀怨深應是母慈重使爾悲不任
昔有呉起者母歿喪不臨哀哉若此軰其心不如禽
慈鳥復慈鳥鳥中之曾參
　　　燕詩贈劉叟【叟有愛子外去叟思之甚悲叟少時亦嘗如是故作是詩喻之】
梁上有雙燕翩翩雄與雌銜泥兩椽間一巢生四兒
四兒日夜長索食聲孜孜青蟲不易捕黃口無飽期
嘴爪雖欲弊心力不知疲須臾十來徃猶恐巢中饑
辛勤三十日母瘦雛漸肥喃喃教言語一一刷毛衣
一旦羽翼成引立庭樹枝舉趣不囬顧隨風四散飛
雌雄空中鳴聲盡呼不歸卻入空巢裏啁啾終夜悲
燕燕爾勿悲爾當反自思思爾爲雛日高飛背母時
當時父母念今日爾應知
　　　示兒　　　　　　　     趙華間
閉門避秋風開門落葉滿稚子晨發篋卻嫌故衣短
衣短何足嫌掩脛尚可挽爾父故多憂爾母復不懶
力作常苦餓力織未及煖窮厄世困多榮華亦滿眼
但將爾日長勉旃事編簡【此詩可見清貧而能訓子】
　　　送錢伯雲呉興迎飬　　　　　全思誠
淵獺知報本野狐能首丘孰云萬物靈不與此心侔","夜夜夜半啼聞者爲沾襟聲中如告訴未盡返哺心
百鳥豈無母爾獨哀怨深應是母慈重使爾悲不任
昔有呉起者母歿喪不臨哀哉若此軰其心不如禽
慈鳥復慈鳥鳥中之曾參
　　　燕詩贈劉叟【叟有愛子外去叟思之甚悲叟少時亦嘗如是故作是詩喻之】
梁上有雙燕翩翩雄與雌銜泥兩椽間一巢生四兒
四兒日夜長索食聲孜孜青蟲不易捕黃口無飽期
嘴爪雖欲弊心力不知疲須臾十來徃猶恐巢中饑
辛勤三十日母瘦雛漸肥喃喃教言語一一刷毛衣
一旦羽翼成引立庭樹枝舉趣不囬顧隨風四散飛
雌雄空中鳴聲盡呼不歸卻入空巢裏啁啾終夜悲
燕燕爾勿悲爾當反自思思爾爲雛日高飛背母時
當時父母念今日爾應知
　　　示兒　　　　　　　     趙華間
閉門避秋風開門落葉滿稚子晨發篋卻嫌故衣短
衣短何足嫌掩脛尚可挽爾父故多憂爾母復不懶
力作常苦餓力織未及煖窮厄世困多榮華亦滿眼
但將爾日長勉旃事編簡【此詩可見清貧而能訓子】
　　　送錢伯雲呉興迎飬　　　　　全思誠
淵獺知報本野狐能首丘孰云萬物靈不與此心侔",待标注,"{""行款"":""半页16行，行20字""}",,
231,231.jpg,231.jpg,一期,一期,"廣獸十
廣度十一
廣量十二
廣衡十三
小爾雅全目錄終於
新刻小爾雅全【經傳字義有所未暢繹而言之於爾雅爲小焉】
孔鮒著
宋鹹註
胡文煥校
廣詁一
淵懿邃赜深也封臣莫莽艾祁大也【封豕莫府祁寒皆言大也艾亦
爲久】頒賦鋪敷布也蓋戴夀蒙昌覆也鍾崇府最積灌
聚樸叢也【詩灌木棫樸皆叢義】閱搜履庀具也攻爲詁相旬宰
營匠治也【話句未詳餘皆常意】蠲祓禋屑絜也【蠲爲饎祓其不祥禋于六宗
皆絜也】勿蔑微曼末沒無也隆巢岸峻髙也【巢取居髙】逼尼","廣獸十
廣度十一
廣量十二
廣衡十三
小爾雅全目錄終於
新刻小爾雅全【經傳字義有所未暢繹而言之於爾雅爲小焉】
孔鮒著
宋鹹註
胡文煥校
廣詁一
淵懿邃赜深也封臣莫莽艾祁大也【封豕莫府祁寒皆言大也艾亦
爲久】頒賦鋪敷布也蓋戴夀蒙昌覆也鍾崇府最積灌
聚樸叢也【詩灌木棫樸皆叢義】閱搜履庀具也攻爲詁相旬宰
營匠治也【話句未詳餘皆常意】蠲祓禋屑絜也【蠲爲饎祓其不祥禋于六宗
皆絜也】勿蔑微曼末沒無也隆巢岸峻髙也【巢取居髙】逼尼",待标注,"{""行款"":""半页15行，行4字""}",,
232,232.jpg,232.jpg,一期,一期,"登庖廚取之有時用之有節則物蕃多湯曰
昔蛛蝥作网不高順不用命者寧丁我網其
憚害物也如是詩曰王在靈囿麀鹿攸伏麀
鹿濯濯白鳥皜皜王在靈沼於仞魚躍言得
志也聖主所在魚鼈禽獸猶得其所況於人
民乎故仁人行其禮則天下安而方理得矣
逮至徳渥澤洽調和大暢則天清徹地富煴
物時熟民心不挾詐賊氣不相攫無搏擊之
獸鮮毒蟲猛蚄之蟲蜜毒山不蕃草木少薄
矣樂乎大仁之化也
         容經
志有四興朝廷之志闊然清以嚴祭祀之志
愉然思以和軍旅之志怫然慍然精以厲喪
紀之志漻然愀然憂以下四志形中四色發
外【下有闕文】
容有四起朝廷之容師師然翼翼然整以敬
祭祀之容遂遂然粥粥然敬以婉軍旅之容
湢然肅然固以猛喪紀之容慟然彛懾然若不","登庖廚取之有時用之有節則物蕃多湯曰
昔蛛蝥作网不高順不用命者寧丁我網其
憚害物也如是詩曰王在靈囿麀鹿攸伏麀
鹿濯濯白鳥皜皜王在靈沼於仞魚躍言得
志也聖主所在魚鼈禽獸猶得其所況於人
民乎故仁人行其禮則天下安而方理得矣
逮至徳渥澤洽調和大暢則天清徹地富煴
物時熟民心不挾詐賊氣不相攫無搏擊之
獸鮮毒蟲猛蚄之蟲蜜毒山不蕃草木少薄
矣樂乎大仁之化也
         容經
志有四興朝廷之志闊然清以嚴祭祀之志
愉然思以和軍旅之志怫然慍然精以厲喪
紀之志漻然愀然憂以下四志形中四色發
外【下有闕文】
容有四起朝廷之容師師然翼翼然整以敬
祭祀之容遂遂然粥粥然敬以婉軍旅之容
湢然肅然固以猛喪紀之容慟然彛懾然若不",待标注,"{""行款"":""半页15行，行17字""}",,
233,233.jpg,233.jpg,一期,一期,"班固是也能傳聖人之業而不能幹事施政
是謂儒學毛公貫公是也辯不入道而應對
資給是謂口辯樂毅曹丘生是也膽力絶衆
材畧過人是謂驍雄白起韓信是也凡此十
二材皆人臣之任也【各抗其材不能兼備保守一官故爲人臣之任
也】主徳不預焉主徳者聦明平淡總達衆材
而不以事自任者也【目不求視耳不叅徳各司其官則衆材達衆材
既達則人主垂拱無爲而理】是故主道立則十二材各得
其任也【上無爲則下當任也】清節之徳師氏之任也【掌以
道德教道冑子】法家之材司宼之任也【掌以刑法禁制姦暴】術
家之材三孤之任也【掌以廟謨佐公論正】三材純備三
公之任也【位於三槐坐而論道】三材而徵冢宰之任也
【天官之卿總御百官】臧否之材師氏之佐也【分別是非以佐師氏】
智意之材冢宰之佐也【師事制宜以佐天官】伎倆之材
司空之任也【錯意施巧故掌冬官】儒學之材安民之任
也【掌以徳毅保安其人】文章之材國史之任也【憲章紀述垂之
後代】辯給之材行人之任也【掌之應答送迎道路】驍雄之
材將帥之任也【掌轄師旅討平不順】是謂主道得而臣","班固是也能傳聖人之業而不能幹事施政
是謂儒學毛公貫公是也辯不入道而應對
資給是謂口辯樂毅曹丘生是也膽力絶衆
材畧過人是謂驍雄白起韓信是也凡此十
二材皆人臣之任也【各抗其材不能兼備保守一官故爲人臣之任
也】主徳不預焉主徳者聦明平淡總達衆材
而不以事自任者也【目不求視耳不叅徳各司其官則衆材達衆材
既達則人主垂拱無爲而理】是故主道立則十二材各得
其任也【上無爲則下當任也】清節之徳師氏之任也【掌以
道德教道冑子】法家之材司宼之任也【掌以刑法禁制姦暴】術
家之材三孤之任也【掌以廟謨佐公論正】三材純備三
公之任也【位於三槐坐而論道】三材而徵冢宰之任也
【天官之卿總御百官】臧否之材師氏之佐也【分別是非以佐師氏】
智意之材冢宰之佐也【師事制宜以佐天官】伎倆之材
司空之任也【錯意施巧故掌冬官】儒學之材安民之任
也【掌以徳毅保安其人】文章之材國史之任也【憲章紀述垂之
後代】辯給之材行人之任也【掌之應答送迎道路】驍雄之
材將帥之任也【掌轄師旅討平不順】是謂主道得而臣",待标注,"{""行款"":""半页18行，行23字""}",,
234,234.jpg,234.jpg,一期,一期,"人物志【有序】
　　　　魏散騎常侍劉　邵撰
　　　　凉儒林祭酒劉　昞注
夫聖賢之所美莫美乎聰明【天以三光著其象人以聰明邵
其度】聰明之所貴莫貴乎知人【聰於書計者六藝之一術明於
人物者官材之總司】知人誠智則衆材得其序而庶績
之業興矣是以聖人著爻象則立君子小人
之辭【君子者小人之師小人者君之資師資相成其來尚矣】叙詩志則
別風俗雅正之業【九土殊風五方異俗是以聖人立其教不易其方制】","人物志【有序】
　　　　魏散騎常侍劉　邵撰
　　　　凉儒林祭酒劉　昞注
夫聖賢之所美莫美乎聰明【天以三光著其象人以聰明邵
其度】聰明之所貴莫貴乎知人【聰於書計者六藝之一術明於
人物者官材之總司】知人誠智則衆材得其序而庶績
之業興矣是以聖人著爻象則立君子小人
之辭【君子者小人之師小人者君之資師資相成其來尚矣】叙詩志則
別風俗雅正之業【九土殊風五方異俗是以聖人立其教不易其方制】",待标注,"{""行款"":""半页5行，行29字""}",,
235,235.jpg,235.jpg,一期,一期,"新鋟全像大字通俗演義三國志傳卷之十二
●曹操漢中破張魯
曹操征西軍分三隊前部先鋒夏侯淵中隊張郃曹操諸將後隊
曹仁夏侯惇運糧大軍啟程哨馬報入漢中張魯與弟張衛商議
退敵衛曰漢中惟陽平關最險我去依山傍林下十餘個寨迎敵
曹兵先在漢寧盡撥糧草應付魯遣大將楊昂楊仁引兵來助兵
到陽平関下寨夏侯淵等聞張衛兵到離関十五里下寨軍士逺
涉疲困各自歇息忽報楊翊楊仁劫寨郃淵大敗退見曹操操怒
曰汝二人行兵多年豈不知逺行疲困可防劫寨欲斬二人以正
軍法衆官告免次日操自引軍爲前隊見山險木茂不知地利恐
有埋伏引軍回寨與徐晃許褚曰吾知此地如此不必起兵來也
晃曰事已至此主公不必自悔次日操只帶晃褚二人轉過山坡
望見張衛寨柵操指與二將曰如此堅固急切難下忽聲砲呴箭
如雨下楊昂楊仁兩路殺至諸曰公明保主公吾當先破賊三人
縱馬從萬軍中殺出回夏侯淵張郃聽知喊聲引兵來救終退楊昂楊仁救操回寨","新鋟全像大字通俗演義三國志傳卷之十二
●曹操漢中破張魯
曹操征西軍分三隊前部先鋒夏侯淵中隊張郃曹操諸將後隊
曹仁夏侯惇運糧大軍啟程哨馬報入漢中張魯與弟張衛商議
退敵衛曰漢中惟陽平關最險我去依山傍林下十餘個寨迎敵
曹兵先在漢寧盡撥糧草應付魯遣大將楊昂楊仁引兵來助兵
到陽平関下寨夏侯淵等聞張衛兵到離関十五里下寨軍士逺
涉疲困各自歇息忽報楊翊楊仁劫寨郃淵大敗退見曹操操怒
曰汝二人行兵多年豈不知逺行疲困可防劫寨欲斬二人以正
軍法衆官告免次日操自引軍爲前隊見山險木茂不知地利恐
有埋伏引軍回寨與徐晃許褚曰吾知此地如此不必起兵來也
晃曰事已至此主公不必自悔次日操只帶晃褚二人轉過山坡
望見張衛寨柵操指與二將曰如此堅固急切難下忽聲砲呴箭
如雨下楊昂楊仁兩路殺至諸曰公明保主公吾當先破賊三人
縱馬從萬軍中殺出回夏侯淵張郃聽知喊聲引兵來救終退楊昂楊仁救操回寨",待标注,"{""行款"":""半页14行，行25字""}",,
236,236.jpg,236.jpg,一期,一期,"於天地之間耳罵得徐庶伏於階下不敢仰視徐母轉屏風後少時人報曰老夫人
自縊死於梁間徐庶荒入救時其氣已絶後史官有詩讚曰
   賢哉徐母徳被中國守節無虧於家有補教子多方
   處身甘苦氣若丘山義氣肺腑讚美豫州毀凌魏武
   不畏鼎鑊不懼刀斧惟恐後嗣死得無所賢哉賢哉
   名留萬古
徐庶哭死復甦曹操使人吊問破木爲棺親至拜祭厚葬於許昌
城南之原徐庶居壟操重賜之曹操商議南征荀荀彧諫曰未可動
兵且待春煖可往冀州流鑿漳池之水作一池名曰玄武池於內
教練水軍長驅大進可席捲矣操從之遂按兵不動卻説玄德安
排聘禮特往隆中謁諸葛亮只見門外人報有一先生峨冠束帶
道貌非俗來探玄德曰此必是孔明也遂整衣冠出迎視之乃司
馬德操也玄德大喜請入堂中高坐乃拜起居曰備自別仙顏軍
務繁雜有失拜訪幸蒙光降大慰平生徽曰近聞徐元直在使君
處故慾一會玄德曰近聞曹操囚下徐母遣人持書喚囬許昌去矣徴曰此中操計也
吾聞徐母大賢安肯持書喚子事必有詐也元直不去其母尚存今若去之母必死矣玄
德驚問其故徽曰其母貞烈之人必羞見其子玄德記之遂問曰
元直累薦南陽諸葛孔明其人如何徽曰其人乃琅琊陽郡人也
博陵漼州平頴川石廣元汝南孟公威幷徐元直爲交甚密常一
處學業此四人但談笑而不答此可見其人之智也玄德曰務在
精熟惟孔明純粹其人大畧自抱膝長笑而指四人曰汝等仕進
可至刺史郡守也衆都問其志若何孔明但笑而不答此可見其
人之志也玄徳曰何隱多賢哉徽曰昔有鮑旭善觀天文見群星
聚於潁分對人言之其下必聚賢士後有詩曰
蜀郡靈槎轉豊池寶劍新將軍居北塞天子出西秦
未到三石輔曾爲五老臣今朝潁川客誰識聚賢人
微之曰孔明居於隆中號爲梁父吟每自比管仲樂毅其才不可
量也時有關公在側曰羽聞管仲曾一匡天下九合諸侯孔子犹
稱之曰微管仲吾其被髮左衽矣樂毅克齊而下七十餘城二人
皆春秋名蓋寰宇之士孔明比之不亦過乎徽曰吾觀之只可比這二人關公曰可","於天地之間耳罵得徐庶伏於階下不敢仰視徐母轉屏風後少時人報曰老夫人
自縊死於梁間徐庶荒入救時其氣已絶後史官有詩讚曰
   賢哉徐母徳被中國守節無虧於家有補教子多方
   處身甘苦氣若丘山義氣肺腑讚美豫州毀凌魏武
   不畏鼎鑊不懼刀斧惟恐後嗣死得無所賢哉賢哉
   名留萬古
徐庶哭死復甦曹操使人吊問破木爲棺親至拜祭厚葬於許昌
城南之原徐庶居壟操重賜之曹操商議南征荀荀彧諫曰未可動
兵且待春煖可往冀州流鑿漳池之水作一池名曰玄武池於內
教練水軍長驅大進可席捲矣操從之遂按兵不動卻説玄德安
排聘禮特往隆中謁諸葛亮只見門外人報有一先生峨冠束帶
道貌非俗來探玄德曰此必是孔明也遂整衣冠出迎視之乃司
馬德操也玄德大喜請入堂中高坐乃拜起居曰備自別仙顏軍
務繁雜有失拜訪幸蒙光降大慰平生徽曰近聞徐元直在使君
處故慾一會玄德曰近聞曹操囚下徐母遣人持書喚囬許昌去矣徴曰此中操計也
吾聞徐母大賢安肯持書喚子事必有詐也元直不去其母尚存今若去之母必死矣玄
德驚問其故徽曰其母貞烈之人必羞見其子玄德記之遂問曰
元直累薦南陽諸葛孔明其人如何徽曰其人乃琅琊陽郡人也
博陵漼州平頴川石廣元汝南孟公威幷徐元直爲交甚密常一
處學業此四人但談笑而不答此可見其人之智也玄德曰務在
精熟惟孔明純粹其人大畧自抱膝長笑而指四人曰汝等仕進
可至刺史郡守也衆都問其志若何孔明但笑而不答此可見其
人之志也玄徳曰何隱多賢哉徽曰昔有鮑旭善觀天文見群星
聚於潁分對人言之其下必聚賢士後有詩曰
蜀郡靈槎轉豊池寶劍新將軍居北塞天子出西秦
未到三石輔曾爲五老臣今朝潁川客誰識聚賢人
微之曰孔明居於隆中號爲梁父吟每自比管仲樂毅其才不可
量也時有關公在側曰羽聞管仲曾一匡天下九合諸侯孔子犹
稱之曰微管仲吾其被髮左衽矣樂毅克齊而下七十餘城二人
皆春秋名蓋寰宇之士孔明比之不亦過乎徽曰吾觀之只可比這二人關公曰可",待标注,"{""行款"":""半页29行，行25字""}",,
237,237.jpg,237.jpg,一期,一期,"兵追之褚提兵直入遍於林下追尋不見此時紅日墜西許褚卻慾進兵入縣只聽得
山上大吹大擂褚引兵看時見山頂上一簇人其中兩把傘蓋著
玄徳孔明二人在山上飲酒許褚看見大怒尋路上山小狹路上
擂木砲石打將下來不得前進只聴山下喊起許褚來尋廝殺天
色昏了曹仁交去搶新野安身軍士四門突入並無阻當又不見
一人曹仁曰此乃勢窮盡帶百姓連夜去了衆軍權且安歇軍士
各自飢餓都去奪屋造飯曹仁曹洪許褚都在縣衙安身初更後
狂風忽起把門軍士飛報火起曹仁曰火是軍人造飯不小心遺
漏不可驚動說未畢南門西門都來報火起曹仁急令眾人上馬
時見滿縣火着上下通紅喊聲大起當夜之火又大似博望燒屯
之火後史官有詩證曰
奸雄曹操守中原九月南征漢劉川祝融飛下摩天焰
神機全枉火攻篇
曹仁交軍士冒煙突火探路說道東門無埋伏曹仁衝出東門門
上火滾煙飛軍士逃出自相踐踏死者無數且說曹仁方才脫守火危背後趙雲軍馬
趕殺各軍自要逃生那里肯回身廝殺撞着麋芳又殺一陣到四更時分人困馬乏一
大半軍焦頭爛額卻走到河邊人馬俱下河吃水水不過尺人馬
皆在河內鬧起上流頭關公望見新野城火起約會時分已到只
聴得下流人馬喧鬧催軍一齊掣起布袋水勢望下流一衝人馬
皆弱於內曹仁引眾將望水勢慢處奪路來到博陵度口喊聲大
振一軍攔路乃燕人張翼德也
劉玄徳走陵陵
張飛引軍從下流頭殺將上來截住曹仁掩殺許褚交閗三十餘
合許褚不敢恋戰奪路走脫張飛趕來接着玄徳孔明一同沿河
到上流頭麋芳劉封安排船隻等候一齊渡河孔明又將布袋燒
毀軍馬盡赴樊城去了卻説曹仁引着敗殘軍馬就新野屯住等
候曹洪去見曹操具言失利一事操大怒曰諸葛村夫安敢如此
遂催三軍盡往新野漫山寨野下住寨柵操交軍掘山壹面塞填
河內令大軍分作八路一齊去取樊城劉曄曰丞相初到襄陽之
地必用先買民心若順從兵亦可守矣目今劉備盡遷新野百姓於樊城一概進","兵追之褚提兵直入遍於林下追尋不見此時紅日墜西許褚卻慾進兵入縣只聽得
山上大吹大擂褚引兵看時見山頂上一簇人其中兩把傘蓋著
玄徳孔明二人在山上飲酒許褚看見大怒尋路上山小狹路上
擂木砲石打將下來不得前進只聴山下喊起許褚來尋廝殺天
色昏了曹仁交去搶新野安身軍士四門突入並無阻當又不見
一人曹仁曰此乃勢窮盡帶百姓連夜去了衆軍權且安歇軍士
各自飢餓都去奪屋造飯曹仁曹洪許褚都在縣衙安身初更後
狂風忽起把門軍士飛報火起曹仁曰火是軍人造飯不小心遺
漏不可驚動說未畢南門西門都來報火起曹仁急令眾人上馬
時見滿縣火着上下通紅喊聲大起當夜之火又大似博望燒屯
之火後史官有詩證曰
奸雄曹操守中原九月南征漢劉川祝融飛下摩天焰
神機全枉火攻篇
曹仁交軍士冒煙突火探路說道東門無埋伏曹仁衝出東門門
上火滾煙飛軍士逃出自相踐踏死者無數且說曹仁方才脫守火危背後趙雲軍馬
趕殺各軍自要逃生那里肯回身廝殺撞着麋芳又殺一陣到四更時分人困馬乏一
大半軍焦頭爛額卻走到河邊人馬俱下河吃水水不過尺人馬
皆在河內鬧起上流頭關公望見新野城火起約會時分已到只
聴得下流人馬喧鬧催軍一齊掣起布袋水勢望下流一衝人馬
皆弱於內曹仁引眾將望水勢慢處奪路來到博陵度口喊聲大
振一軍攔路乃燕人張翼德也
劉玄徳走陵陵
張飛引軍從下流頭殺將上來截住曹仁掩殺許褚交閗三十餘
合許褚不敢恋戰奪路走脫張飛趕來接着玄徳孔明一同沿河
到上流頭麋芳劉封安排船隻等候一齊渡河孔明又將布袋燒
毀軍馬盡赴樊城去了卻説曹仁引着敗殘軍馬就新野屯住等
候曹洪去見曹操具言失利一事操大怒曰諸葛村夫安敢如此
遂催三軍盡往新野漫山寨野下住寨柵操交軍掘山壹面塞填
河內令大軍分作八路一齊去取樊城劉曄曰丞相初到襄陽之
地必用先買民心若順從兵亦可守矣目今劉備盡遷新野百姓於樊城一概進",待标注,"{""行款"":""半页26行，行25字""}",,
238,238.jpg,238.jpg,一期,一期,"動問後房子弟粧辦完偹不曾內應科完倫多時末既
如此今演誰家故事那本傳竒內應科有有有今日要
一本張子房鴻門會宴蕭丞相舉薦賢良韓元帥登壇
拜將楚覇王自刎烏江未【呀】元來此本感文聽道家門
勇士年爭佳人命薄淮隂同受凄凉強暴虐六國并吞
四海干戈擾攘英雄遭困何處顯名揚受跨無柰低頭
屈下寄食好恓惶投奔西楚宮居執戟未露輝光致使
夫妻拆散一旦兩分張運至風雲際會逢蕭相方涕佐
明王功成就築壇拜將衣錦耀卿邦那來的不是別人
韓元帥是也
第二齣仙賜書劒
生髙陽臺七尺長軀千軍勇猛正群雄鹿逐之日胸中
空有安邦策曉夜思量頭白拜將封侯但只愁勢孤時
弱待一朝際會風雲那時化家爲國【困守淮隂日有餘心存三略六韜書
方富炎漢興龍日正是強秦失鹿時小生姓韓名信迺韓襄王之裔孫淮隂世胄是也自愧才無文武暫非伊
呂之儔胸有甲兵頗有孫吳之術室如懸罄難堪原憲之貧地少卓錐感厭史云之苦爭柰暴秦失政豪傑並】","動問後房子弟粧辦完偹不曾內應科完倫多時末既
如此今演誰家故事那本傳竒內應科有有有今日要
一本張子房鴻門會宴蕭丞相舉薦賢良韓元帥登壇
拜將楚覇王自刎烏江未【呀】元來此本感文聽道家門
勇士年爭佳人命薄淮隂同受凄凉強暴虐六國并吞
四海干戈擾攘英雄遭困何處顯名揚受跨無柰低頭
屈下寄食好恓惶投奔西楚宮居執戟未露輝光致使
夫妻拆散一旦兩分張運至風雲際會逢蕭相方涕佐
明王功成就築壇拜將衣錦耀卿邦那來的不是別人
韓元帥是也
第二齣仙賜書劒
生髙陽臺七尺長軀千軍勇猛正群雄鹿逐之日胸中
空有安邦策曉夜思量頭白拜將封侯但只愁勢孤時
弱待一朝際會風雲那時化家爲國【困守淮隂日有餘心存三略六韜書
方富炎漢興龍日正是強秦失鹿時小生姓韓名信迺韓襄王之裔孫淮隂世胄是也自愧才無文武暫非伊
呂之儔胸有甲兵頗有孫吳之術室如懸罄難堪原憲之貧地少卓錐感厭史云之苦爭柰暴秦失政豪傑並】",待标注,"{""行款"":""半页14行，行21字""}",,
239,239.jpg,239.jpg,一期,一期,"新刋重訂出相附釋標註千金記卷之一
星源游氏興賢堂訂
繡谷唐氏世徳堂梓
臨汝鄒氏慶雲堂録
第一齣副末開塲
末西江月世事有常有變英雄誰弱誰強從來海水斗
難量運爭金失色時至鉄生光務要循規蹈矩休教換
羽移商高歌一曲解愁觴栁隂庭院綠花噴酒巵香○","新刋重訂出相附釋標註千金記卷之一
星源游氏興賢堂訂
繡谷唐氏世徳堂梓
臨汝鄒氏慶雲堂録
第一齣副末開塲
末西江月世事有常有變英雄誰弱誰強從來海水斗
難量運爭金失色時至鉄生光務要循規蹈矩休教換
羽移商高歌一曲解愁觴栁隂庭院綠花噴酒巵香○",待标注,"{""行款"":""半页4行，行21字""}",,
240,240.jpg,240.jpg,一期,一期,"且欲聞於頴陽之徒乎
孫可之集卷第五
孫可之集卷第六
迎春寒
黑帝歴窮帝命青帝嗣其公【以其無私】皇帝備牲牢鼔
鐘迎饗于郊東賤臣樵寓疏太常上奏曰天有四
時陛下實行之是天乘陛下政令明昏而爲燠寒
也青帝何功而饗乎寛空春之日陛下廩以時出
帛以時卹則孽芽弩㧞勾萌畢達矣夏之日陛下
農事無所奪山麓無所伐則艸木壯拙國無夭札
矣秋之日陛下獄無曲此畋無圍殺則霜露不失","且欲聞於頴陽之徒乎
孫可之集卷第五
孫可之集卷第六
迎春寒
黑帝歴窮帝命青帝嗣其公【以其無私】皇帝備牲牢鼔
鐘迎饗于郊東賤臣樵寓疏太常上奏曰天有四
時陛下實行之是天乘陛下政令明昏而爲燠寒
也青帝何功而饗乎寛空春之日陛下廩以時出
帛以時卹則孽芽弩㧞勾萌畢達矣夏之日陛下
農事無所奪山麓無所伐則艸木壯拙國無夭札
矣秋之日陛下獄無曲此畋無圍殺則霜露不失",待标注,"{""行款"":""半页7行，行19字""}",,
241,241.jpg,241.jpg,一期,一期,"【立建成爲太子至有六月二日事故書高祖殺建成】李勣立皇后武氏者
何忘諫賛慝懲廢命也【李勣爲顧命大臣倘堅諫不奪高宗不敢立武氏爲
后故書李勣立皇后武氏】起王后已廢之魂上配天皇者何登
嫌黜冢不可謂順予懼後世疑於禘裸也【高宗廢王后立
武后乃貞觀仕女何以列昭穆故特以王后配高宗示天后有嫌於禘裸矣】條天后擅
政之年下繫中宗者何紫色閏位不可謂正予懼
後世牽以稱臨之【天后改元即真今悉以天后年號及行事繫於中宗示女子不
得改元者政也】崔察賊殺中書令裴炎【名犯武宗廟諱】者何詭䛕
梯亂肇殺機也【裴爲顧命大臣屢白天后歸政御史崔察廷詰裴曰若不有異謀何
故曰太后歸政天后遂發怒斬裴於亭驛故書曰崔察賊殺中書令裴】張守珪以安
祿山叛者何貸刑怫教稔禍階也【祿山乃張守珪部將嘗犯令張
曲江令守珪案之守珪不從卒使亂天下故書張守珪以安祿山叛他者皆倣此】稱天下殺
者何罪暴天下示衆與殺也稱天子殺者何死非
其罪示衆不與殺也臣或不書卒者何不以直終
去卒以示貶也君或不書葬者何不以正終去塟
以示譏也懼怠去瑞示戒志沴尚德必書賤屍位
則黜貴皆所以敺邪合正俾歸大義【則前所謂起王后配天皇
條天后年號行事繫于中宗之類是也】操實寘例以示懲勸【前所謂李勣立】","【立建成爲太子至有六月二日事故書高祖殺建成】李勣立皇后武氏者
何忘諫賛慝懲廢命也【李勣爲顧命大臣倘堅諫不奪高宗不敢立武氏爲
后故書李勣立皇后武氏】起王后已廢之魂上配天皇者何登
嫌黜冢不可謂順予懼後世疑於禘裸也【高宗廢王后立
武后乃貞觀仕女何以列昭穆故特以王后配高宗示天后有嫌於禘裸矣】條天后擅
政之年下繫中宗者何紫色閏位不可謂正予懼
後世牽以稱臨之【天后改元即真今悉以天后年號及行事繫於中宗示女子不
得改元者政也】崔察賊殺中書令裴炎【名犯武宗廟諱】者何詭䛕
梯亂肇殺機也【裴爲顧命大臣屢白天后歸政御史崔察廷詰裴曰若不有異謀何
故曰太后歸政天后遂發怒斬裴於亭驛故書曰崔察賊殺中書令裴】張守珪以安
祿山叛者何貸刑怫教稔禍階也【祿山乃張守珪部將嘗犯令張
曲江令守珪案之守珪不從卒使亂天下故書張守珪以安祿山叛他者皆倣此】稱天下殺
者何罪暴天下示衆與殺也稱天子殺者何死非
其罪示衆不與殺也臣或不書卒者何不以直終
去卒以示貶也君或不書葬者何不以正終去塟
以示譏也懼怠去瑞示戒志沴尚德必書賤屍位
則黜貴皆所以敺邪合正俾歸大義【則前所謂起王后配天皇
條天后年號行事繫于中宗之類是也】操實寘例以示懲勸【前所謂李勣立】",待标注,"{""行款"":""半页13行，行33字""}",,
242,242.jpg,242.jpg,一期,一期,"戚戚之愁苦兮思釋去之無端彼衆人之容易兮
乃志士之所難伊自古皆嗟兮又何怨乎茲之世
獨厄窮而不逹兮悼知音之永逝紛予生之多故
兮愧特于世之誰知撫聖人教化之旨兮詢合古
而乖時誠自負其中心兮嗟與俗而相違趨一名
之五稔兮尚無成而淹此路岐昔聖賢之遑遑兮
極屈辱之驅馳擇中庸之蹈難兮雖困頓而終不
改其所爲茍天地之無私兮曷不鑒照於神祗心
勁直於松栢兮淪霜雪而不衰知我者忽然逝兮
豈吾道之已而
幽懷賦【并序】
朋友有相歡者賦幽懷以答之其辭曰
衆囂囂而雜處兮咸嗟老而羞卑視予心之不然
兮慮行道之猶非儻中懷之自得兮終老死其何
悲昔孔門之多賢兮惟回也爲庶幾超群情以獨
去兮指聖域而高追罔簞食與瓢飲兮寧服輕而
駕肥望若人其何如兮慙吾德之纎微躬不田而
飽食兮妻不織而豐衣援聖賢而比度兮何僥倖","戚戚之愁苦兮思釋去之無端彼衆人之容易兮
乃志士之所難伊自古皆嗟兮又何怨乎茲之世
獨厄窮而不逹兮悼知音之永逝紛予生之多故
兮愧特于世之誰知撫聖人教化之旨兮詢合古
而乖時誠自負其中心兮嗟與俗而相違趨一名
之五稔兮尚無成而淹此路岐昔聖賢之遑遑兮
極屈辱之驅馳擇中庸之蹈難兮雖困頓而終不
改其所爲茍天地之無私兮曷不鑒照於神祗心
勁直於松栢兮淪霜雪而不衰知我者忽然逝兮
豈吾道之已而
幽懷賦【并序】
朋友有相歡者賦幽懷以答之其辭曰
衆囂囂而雜處兮咸嗟老而羞卑視予心之不然
兮慮行道之猶非儻中懷之自得兮終老死其何
悲昔孔門之多賢兮惟回也爲庶幾超群情以獨
去兮指聖域而高追罔簞食與瓢飲兮寧服輕而
駕肥望若人其何如兮慙吾德之纎微躬不田而
飽食兮妻不織而豐衣援聖賢而比度兮何僥倖",待标注,"{""行款"":""半页16行，行19字""}",,
243,243.jpg,243.jpg,一期,一期,"有棠在九曲城東阜上【今河南府】説苑傳曰召公述
職當桑蠶之時不欲變民事故不入邑中舍于甘
棠之下而聴斷焉陜間之人皆得其所是故後世
思而歌詠之　曹氏曰繫之周公則由雍州以至
荊揚東南之域也繫之召公則由岐山以至梁益
西南之域也武王伐紂有庸蜀羌髳微廬彭濮八
國之人爲助其服周之化久矣召伯能以先王所
以教者宣明於其國是以見美也
江有汜
爾雅水決復入爲汜　朱氏曰今江陵漢陽安復
之間葢多有之【楚辭哀郢遵江夏以流亡江大江也夏水也或以爲自江而別以通
于漢還復入江冬冬竭夏流故謂之夏其入江處今名夏口即詩所謂江有汜也　洪氏楚辭補注曰
水經云夏水出江流于江陵縣東南注云江津豫章口東會中夏口是夏水之首江之汜也】
説文作湎
江沱
禹貢荊州梁州皆有沱孔氏曰發源梁州入荊州
【水經氐道縣江水又東別爲沱注云開明之所鑿也郭景純謂玉壘作東別之標今茂州汶山縣
通典沱水在彭州唐昌縣今崇寜縣】蔡氏曰爾雅水自江出爲沱","有棠在九曲城東阜上【今河南府】説苑傳曰召公述
職當桑蠶之時不欲變民事故不入邑中舍于甘
棠之下而聴斷焉陜間之人皆得其所是故後世
思而歌詠之　曹氏曰繫之周公則由雍州以至
荊揚東南之域也繫之召公則由岐山以至梁益
西南之域也武王伐紂有庸蜀羌髳微廬彭濮八
國之人爲助其服周之化久矣召伯能以先王所
以教者宣明於其國是以見美也
江有汜
爾雅水決復入爲汜　朱氏曰今江陵漢陽安復
之間葢多有之【楚辭哀郢遵江夏以流亡江大江也夏水也或以爲自江而別以通
于漢還復入江冬冬竭夏流故謂之夏其入江處今名夏口即詩所謂江有汜也　洪氏楚辭補注曰
水經云夏水出江流于江陵縣東南注云江津豫章口東會中夏口是夏水之首江之汜也】
説文作湎
江沱
禹貢荊州梁州皆有沱孔氏曰發源梁州入荊州
【水經氐道縣江水又東別爲沱注云開明之所鑿也郭景純謂玉壘作東別之標今茂州汶山縣
通典沱水在彭州唐昌縣今崇寜縣】蔡氏曰爾雅水自江出爲沱",待标注,"{""行款"":""半页15行，行19字""}",,
244,244.jpg,244.jpg,一期,一期,"行魚無耳而聽蟬無口而鳴皆自然者也爾雅
翼女蘿兔絲其實二物也然皆附木上廣雅云
女蘿松蘿也菟丘菟絲也則是兩物今女蘿正
青而細長無雜蔓故山鬼章云被薜荔兮帶女
蘿蘿青而長如帶也何與兔絲事然兩者皆附
木或當有時相蔓古樂府雲南山幕幕兔絲花
北陵青青女蘿樹由來花樹同一根今日枝條
分兩處唐樂府亦云兔絲故無情隨風任顛倒
誰使女蘿枝而來強縈抱兩草猶一心人心不
如草則古今多知其爲二物者博物志魏文帝
所記諸物相似亂者女蘿寄生兔絲兔絲寄生
木上根不著地然則女蘿有寄生兔絲上者爾
雅女蘿兔絲或亦此義爾本草草部云菟絲子
一名菟蘆一名菟縷一名唐蒙【圖經云爾雅疏云唐也蒙也而
本草并以蓎蒙爲一名似毛傳本此】一名玉女一名赤網一名菟
纍生朝鮮川澤田野蔓延草木之上色黃而細
爲赤網色淺而大爲菟纍九月採實又木部云
松蘿一名女蘿生熊耳山川谷松樹上五月採","行魚無耳而聽蟬無口而鳴皆自然者也爾雅
翼女蘿兔絲其實二物也然皆附木上廣雅云
女蘿松蘿也菟丘菟絲也則是兩物今女蘿正
青而細長無雜蔓故山鬼章云被薜荔兮帶女
蘿蘿青而長如帶也何與兔絲事然兩者皆附
木或當有時相蔓古樂府雲南山幕幕兔絲花
北陵青青女蘿樹由來花樹同一根今日枝條
分兩處唐樂府亦云兔絲故無情隨風任顛倒
誰使女蘿枝而來強縈抱兩草猶一心人心不
如草則古今多知其爲二物者博物志魏文帝
所記諸物相似亂者女蘿寄生兔絲兔絲寄生
木上根不著地然則女蘿有寄生兔絲上者爾
雅女蘿兔絲或亦此義爾本草草部云菟絲子
一名菟蘆一名菟縷一名唐蒙【圖經云爾雅疏云唐也蒙也而
本草并以蓎蒙爲一名似毛傳本此】一名玉女一名赤網一名菟
纍生朝鮮川澤田野蔓延草木之上色黃而細
爲赤網色淺而大爲菟纍九月採實又木部云
松蘿一名女蘿生熊耳山川谷松樹上五月採",待标注,"{""行款"":""半页18行，行18字""}",,
245,245.jpg,245.jpg,一期,一期,"【其陋然此但讀爲兩句之失耳若讀此十字合爲一句而對下文車服不繫其夫下王后一等
爲義則序者之意亦自明白葢曰王姬雖嫁於諸侯然其車服制度與他國之夫人不同所以
甚言其貴盛之極而猶不敢挾貴以驕其夫家也但立文不善終費詞説耳鄭氏曰下王后一
等謂車乗厭翟勒面繢總服則褕翟然則口口口口公侯夫人翟茀者其翟車貝面組總有幄
也與】
騶虞鵲巢之應也鵲巢之化行人倫既正朝廷既
治天下純被文王之化則庶類蕃殖蒐田以時
仁如騶虞則王道成也【此序得詩之大旨然語意亦不分明楊氏曰二
南正始之道王化之基蓋一體也王者諸侯之風相須以為治諸侯所以代其終也故召南之
終至於仁如騶虞然後王道成焉夫王道成非諸侯之事也然非諸侯有騶虞之德亦何以見
王道之成哉歐陽公曰賈誼新書曰騶者文王之囿名虞者囿之司獸也陳氏曰禮記射義云
天子以騶虞爲節樂官備也則其爲虞官明矣獵以虞爲主其實歎文王之仁而不斥言也此
與舊説不同今存於此】
邶
柏舟言仁而不遇也衞頃公之時仁人不遇小人
在側【詩之文意事類可以思而得其時世名氏則不可以強而推故凡小序唯詩文明白
直指其事如甘棠定中南山株林之屬若證驗的切見於書史如載馳碩人清人黃鳥之類決
爲可無疑者其次則詞旨大槩可知必爲某事而不可知其的爲某時某人者尚多有之若爲】","【其陋然此但讀爲兩句之失耳若讀此十字合爲一句而對下文車服不繫其夫下王后一等
爲義則序者之意亦自明白葢曰王姬雖嫁於諸侯然其車服制度與他國之夫人不同所以
甚言其貴盛之極而猶不敢挾貴以驕其夫家也但立文不善終費詞説耳鄭氏曰下王后一
等謂車乗厭翟勒面繢總服則褕翟然則口口口口公侯夫人翟茀者其翟車貝面組總有幄
也與】
騶虞鵲巢之應也鵲巢之化行人倫既正朝廷既
治天下純被文王之化則庶類蕃殖蒐田以時
仁如騶虞則王道成也【此序得詩之大旨然語意亦不分明楊氏曰二
南正始之道王化之基蓋一體也王者諸侯之風相須以為治諸侯所以代其終也故召南之
終至於仁如騶虞然後王道成焉夫王道成非諸侯之事也然非諸侯有騶虞之德亦何以見
王道之成哉歐陽公曰賈誼新書曰騶者文王之囿名虞者囿之司獸也陳氏曰禮記射義云
天子以騶虞爲節樂官備也則其爲虞官明矣獵以虞爲主其實歎文王之仁而不斥言也此
與舊説不同今存於此】
邶
柏舟言仁而不遇也衞頃公之時仁人不遇小人
在側【詩之文意事類可以思而得其時世名氏則不可以強而推故凡小序唯詩文明白
直指其事如甘棠定中南山株林之屬若證驗的切見於書史如載馳碩人清人黃鳥之類決
爲可無疑者其次則詞旨大槩可知必爲某事而不可知其的爲某時某人者尚多有之若爲】",待标注,"{""行款"":""半页12行，行36字""}",,
246,246.jpg,246.jpg,一期,一期,"管子卷第一
唐臨淄房玄齡註釋　明西湖沈鼎新自玉參評
唐蘆泉劉績増註　明西湖朱養純元一參評
明西吳朱長春通演　　朱養和元沖輯訂
　牧民第一【國頌四維四順士經六親五法】經言一
凡有地牧民者務在四時【四時所以生成萬物也】守在倉廩【食者
人之天也】國多賊則遠者來地辟舉則民留處【舉盡也言地盡闢則
人留而安居處也】倉廩實則知禮節衣食足則知榮辱上服
度則六親固【服行也上行禮度則六親各得其所故能感恩而結固之六親謂父母兄弟妻
子】四維張則君令行故省刑之要在禁文巧【文巧者刑罰所
由生】守國之度在飾四維順民之經在明鬼神祗山川
【鬼神山川皆有尊卑之序故敬明之】敬宗廟恭祖舊【謂恭承先祖之舊法】不務天
時則財不生不務地利則倉廩不盈野蕪曠則民乃
苢【苢當為姦春通民飢而草食也近之】上無量則民乃妄文巧不禁則
民乃淫不璋兩原則刑乃繁【璋當為章章明也兩原謂妄之原上無量也淫
之原不禁文巧也能明此法者刑簡】不明鬼神則陋民不悟【不悟鬼神有尊卑之
異也】不祗山川則威令不聞【言能登封降禪祗祀山川則威令遠聞】不敬
宗廟則民乃上校【校效也君無所尊人亦效之春通宗廟上事其先示民有所尊而不】","管子卷第一
唐臨淄房玄齡註釋　明西湖沈鼎新自玉參評
唐蘆泉劉績増註　明西湖朱養純元一參評
明西吳朱長春通演　　朱養和元沖輯訂
　牧民第一【國頌四維四順士經六親五法】經言一
凡有地牧民者務在四時【四時所以生成萬物也】守在倉廩【食者
人之天也】國多賊則遠者來地辟舉則民留處【舉盡也言地盡闢則
人留而安居處也】倉廩實則知禮節衣食足則知榮辱上服
度則六親固【服行也上行禮度則六親各得其所故能感恩而結固之六親謂父母兄弟妻
子】四維張則君令行故省刑之要在禁文巧【文巧者刑罰所
由生】守國之度在飾四維順民之經在明鬼神祗山川
【鬼神山川皆有尊卑之序故敬明之】敬宗廟恭祖舊【謂恭承先祖之舊法】不務天
時則財不生不務地利則倉廩不盈野蕪曠則民乃
苢【苢當為姦春通民飢而草食也近之】上無量則民乃妄文巧不禁則
民乃淫不璋兩原則刑乃繁【璋當為章章明也兩原謂妄之原上無量也淫
之原不禁文巧也能明此法者刑簡】不明鬼神則陋民不悟【不悟鬼神有尊卑之
異也】不祗山川則威令不聞【言能登封降禪祗祀山川則威令遠聞】不敬
宗廟則民乃上校【校效也君無所尊人亦效之春通宗廟上事其先示民有所尊而不】",待标注,"{""行款"":""半页13行，行35字""}",,
247,247.jpg,247.jpg,一期,一期,"【而無以己者無己故大道爲公而如天如地如日如月有己則不聽不行不從】御民之轡在
上之所貴【言人從上之所貴如馬之從轡】道民之門在上之所先【上所
先行人必行之其從之者由門矣】召民之路在上之所好惡故君求
之則臣得之【君將求之臣已先索得之也】君嗜之則臣食之君好
之則臣服之君惡之則臣匿之【一法也】毋蔽汝惡毋異
汝度【汝君也】賢者將不汝助言室滿室言堂滿堂是謂
聖王【二法也言堂室事而滿取其露見不隱也續按室在內室在外人君在內言于室在外言于堂
皆非私曲隱慝充滿堂室使人人都知之無所蔽異也春通滿室滿堂助者衆也】城郭溝渠
不足以固守兵甲彊力不足以應敵博地多財不足
以有眾【言城郭兵甲博地不足以固守應敵有眾其固守應敵有眾更在有道者也】惟有
道者能備患於未形也故禍不萌【三法也】天下不患無
臣患無君以使之天下不患無財患無人以分之【可以
分與財者賢人也】故知時者可立以爲長無私者可置以爲
政審於時而察於用而能備官者可奉以爲君也【四法
也】緩者後於事厷於財者失所親信小人者失士【五法
也春通六親五法不見分析叚落此類但解其義可不問其目】
右六親五法
形勢第二【自天地以及萬物關諸人事莫不有形勢焉夫勢必因形而立故形端者】","【而無以己者無己故大道爲公而如天如地如日如月有己則不聽不行不從】御民之轡在
上之所貴【言人從上之所貴如馬之從轡】道民之門在上之所先【上所
先行人必行之其從之者由門矣】召民之路在上之所好惡故君求
之則臣得之【君將求之臣已先索得之也】君嗜之則臣食之君好
之則臣服之君惡之則臣匿之【一法也】毋蔽汝惡毋異
汝度【汝君也】賢者將不汝助言室滿室言堂滿堂是謂
聖王【二法也言堂室事而滿取其露見不隱也續按室在內室在外人君在內言于室在外言于堂
皆非私曲隱慝充滿堂室使人人都知之無所蔽異也春通滿室滿堂助者衆也】城郭溝渠
不足以固守兵甲彊力不足以應敵博地多財不足
以有眾【言城郭兵甲博地不足以固守應敵有眾其固守應敵有眾更在有道者也】惟有
道者能備患於未形也故禍不萌【三法也】天下不患無
臣患無君以使之天下不患無財患無人以分之【可以
分與財者賢人也】故知時者可立以爲長無私者可置以爲
政審於時而察於用而能備官者可奉以爲君也【四法
也】緩者後於事厷於財者失所親信小人者失士【五法
也春通六親五法不見分析叚落此類但解其義可不問其目】
右六親五法
形勢第二【自天地以及萬物關諸人事莫不有形勢焉夫勢必因形而立故形端者】",待标注,"{""行款"":""半页16行，行36字""}",,
248,248.jpg,248.jpg,一期,一期,"管子卷第一
唐臨淄房玄齡註釋　明西湖沈鼎新自玉參評
唐蘆泉劉績増註　明西湖朱養純元一參評
明西吳朱長春通演　　朱養和元沖輯訂
　侈靡第三十五【續按此篇多錯簡不可讀】      短語九
問曰古之時與今之時同乎曰同【天地四時既無所易故曰同】其
人同乎不同乎曰不同【古淳而今澆古質而今浮故不同也】可與政其
誅【言今雖不同古可為政誅其不法以復古】俈堯之時混吾之美在下其
道非獨出人也【俈帝俈也言二帝之時比屋可封美俱在下其能若此亦言非有出人之
道修古而已混同也】山不童而用贍澤不弊而養足【山無草木曰童弊竭
也】耕以自養以其餘應良天子故平【以其自養之餘應天子之食故
天下平有時而賦日良】牛馬之牧不相及【各自足則不相及也】人民之俗
不相知【人至老死不相往來故不相知】不出百里而來足【行者不出百里而來
者所求足故也】故鄉而不理靜也【雖立公卿不理其事以人靜故】其獄一踦
腓一踦履而當死【諸矦犯罪者令著一隻履以恥之可以當死刑績按踦音奇體不
具也春通一踦腓一踦履承象刑之化也曷加於諸矦大夫不上諸侯安可施刑刑則貶削六師耳已】
今周公斷指滿稽斷首滿稽斷足滿稽而死民不服
非人性也敝也【今周公謂時所用法也稽考也罪滿而斷則從而考之首滿其罪者亦從】","管子卷第一
唐臨淄房玄齡註釋　明西湖沈鼎新自玉參評
唐蘆泉劉績増註　明西湖朱養純元一參評
明西吳朱長春通演　　朱養和元沖輯訂
　侈靡第三十五【續按此篇多錯簡不可讀】      短語九
問曰古之時與今之時同乎曰同【天地四時既無所易故曰同】其
人同乎不同乎曰不同【古淳而今澆古質而今浮故不同也】可與政其
誅【言今雖不同古可為政誅其不法以復古】俈堯之時混吾之美在下其
道非獨出人也【俈帝俈也言二帝之時比屋可封美俱在下其能若此亦言非有出人之
道修古而已混同也】山不童而用贍澤不弊而養足【山無草木曰童弊竭
也】耕以自養以其餘應良天子故平【以其自養之餘應天子之食故
天下平有時而賦日良】牛馬之牧不相及【各自足則不相及也】人民之俗
不相知【人至老死不相往來故不相知】不出百里而來足【行者不出百里而來
者所求足故也】故鄉而不理靜也【雖立公卿不理其事以人靜故】其獄一踦
腓一踦履而當死【諸矦犯罪者令著一隻履以恥之可以當死刑績按踦音奇體不
具也春通一踦腓一踦履承象刑之化也曷加於諸矦大夫不上諸侯安可施刑刑則貶削六師耳已】
今周公斷指滿稽斷首滿稽斷足滿稽而死民不服
非人性也敝也【今周公謂時所用法也稽考也罪滿而斷則從而考之首滿其罪者亦從】",待标注,"{""行款"":""半页14行，行33字""}",,
249,249.jpg,249.jpg,一期,一期,"明宮神前有云且曰太宗皇帝繚瀛啓居
廓穹起廬圜然而劃隆然而赤孰窬孰隟
永求帝宅帝詔吾司其宮【自註太宗剏立大明宮後髙
宗増修遂移仗焉下帝謂上帝】與日月終翼聖護艱十有
六君蕩妖斬氛孰知吾勤吾當廬陵錫武
【自註天后即真天下號周廢中宗爲廬陵王賜姓武氏】廟祏徹主【自註
司禮博士周宗奏増武廟爲七削唐廟爲五】吾則協二毗輔【自註
謂梁公仁傑魏公元忠也】左右提護義甲憤徒起帝
仆周【自註五王興輦帝出東宮斬賊迎仙殿迫后歸攻天后驚黙還臥明日
革周復唐】吾則械二點雛【自註謂昌宗易之也】俾即其
誅胡猘飽腯【自註謂祿山也】踣肌齚骨驚血濺
闕仰吠白日二聖各轍大麓北挈【自註肅宗遂
即位於靈武】吾則激髯孽悖節【自註謂慶緒也】俾濟
逆殺翼兩傑憤烈【自註謂汾陽王及臨淮王】俾克斮","明宮神前有云且曰太宗皇帝繚瀛啓居
廓穹起廬圜然而劃隆然而赤孰窬孰隟
永求帝宅帝詔吾司其宮【自註太宗剏立大明宮後髙
宗増修遂移仗焉下帝謂上帝】與日月終翼聖護艱十有
六君蕩妖斬氛孰知吾勤吾當廬陵錫武
【自註天后即真天下號周廢中宗爲廬陵王賜姓武氏】廟祏徹主【自註
司禮博士周宗奏増武廟爲七削唐廟爲五】吾則協二毗輔【自註
謂梁公仁傑魏公元忠也】左右提護義甲憤徒起帝
仆周【自註五王興輦帝出東宮斬賊迎仙殿迫后歸攻天后驚黙還臥明日
革周復唐】吾則械二點雛【自註謂昌宗易之也】俾即其
誅胡猘飽腯【自註謂祿山也】踣肌齚骨驚血濺
闕仰吠白日二聖各轍大麓北挈【自註肅宗遂
即位於靈武】吾則激髯孽悖節【自註謂慶緒也】俾濟
逆殺翼兩傑憤烈【自註謂汾陽王及臨淮王】俾克斮",待标注,"{""行款"":""半页11行，行30字""}",,
250,250.jpg,250.jpg,一期,一期,"唐孫樵集第一卷
大明宮賦
露臺遺基賦
出蜀賦
大明宮賦【一作大明宮紀夢】
孫樵齒貢士名旅見大明宮前庭仰眙俛
駭陰意靈怪暮歸魄動中宵而寢寢彼大","唐孫樵集第一卷
大明宮賦
露臺遺基賦
出蜀賦
大明宮賦【一作大明宮紀夢】
孫樵齒貢士名旅見大明宮前庭仰眙俛
駭陰意靈怪暮歸魄動中宵而寢寢彼大",待标注,"{""行款"":""半页3行，行16字""}",,
251,251.jpg,251.jpg,一期,一期,"冗禿屑不足以警訓者自爲十八通書號
孫氏西齋錄起高祖之初洎武皇之終首
廟號以表元首日月以表事尚功力正刑
名登崇善良蕩戮凶回有所鯁避則微文
示譏無所顧慄則直書志慝所謂高祖殺
太子建成者何黜功循愛譏失教也【自註太
宗有大功宜嗣有天下高祖不當立建成爲太子至有六月二十四日事故書高祖
殺建成】李勣立皇后武氏者何㤀諫賛慝懲
廢命也【自註李勣爲顧命大臣儻堅諫不奪高宗不敢立武氏爲后故書
李勣立皇后武氏】起王后已廢之魂上配天皇者
何登嫌黜冡不可謂順予懼後世疑於禘
裸也【自註髙宗廢王后立武后乃貞觀侍女何以列昭穆故時以王后配髙
宗示天后有嫌於禘裸矣】條天后擅政之年下繋中宗
者何紫色閨位不可謂正予懼後世牽以","冗禿屑不足以警訓者自爲十八通書號
孫氏西齋錄起高祖之初洎武皇之終首
廟號以表元首日月以表事尚功力正刑
名登崇善良蕩戮凶回有所鯁避則微文
示譏無所顧慄則直書志慝所謂高祖殺
太子建成者何黜功循愛譏失教也【自註太
宗有大功宜嗣有天下高祖不當立建成爲太子至有六月二十四日事故書高祖
殺建成】李勣立皇后武氏者何㤀諫賛慝懲
廢命也【自註李勣爲顧命大臣儻堅諫不奪高宗不敢立武氏爲后故書
李勣立皇后武氏】起王后已廢之魂上配天皇者
何登嫌黜冡不可謂順予懼後世疑於禘
裸也【自註髙宗廢王后立武后乃貞觀侍女何以列昭穆故時以王后配髙
宗示天后有嫌於禘裸矣】條天后擅政之年下繋中宗
者何紫色閨位不可謂正予懼後世牽以",待标注,"{""行款"":""半页14行，行18字""}",,
252,252.jpg,252.jpg,一期,一期,"豐草菴詩集
吳興董說若雨著
采杉曲【庚寅】
【余出新意采杉膚雜松葉焚之拂拂有清氣】
苧衣夜換靈巖史館娃翠落蘋花水楠廊屨響梧
桐秋采香涇射香山趾千年唱徹吳宮謠刺杉不
賣吹簫市我家山童徐氏子春風曽擣桃花紙錦
裳背冷樵船飛慟哭空山古香死一瓣拈來豐草","豐草菴詩集
吳興董說若雨著
采杉曲【庚寅】
【余出新意采杉膚雜松葉焚之拂拂有清氣】
苧衣夜換靈巖史館娃翠落蘋花水楠廊屨響梧
桐秋采香涇射香山趾千年唱徹吳宮謠刺杉不
賣吹簫市我家山童徐氏子春風曽擣桃花紙錦
裳背冷樵船飛慟哭空山古香死一瓣拈來豐草",待标注,"{""行款"":""半页5行，行19字""}",,
253,253.jpg,253.jpg,一期,一期,"峩髻寫飛僊烏棲曲未罷垂手舞纒綿酷烈沉榆
屑芳芬芍藥煎織翠紋簾皎流黃珍簟鮮含情復
送艶宛轉華燈前重來不知處草木空蒼然爲君
吹玉笛長咏招魂篇
　　憶昔
憶昔鹿山中嘯讀樵人室鑿牖延危巒翦竹導新
術日隱遙松翠雨至衆山失僮僕喧竒雲稚子搜
野栗幽巖富藥苖草樹自儔匹父老四五人昏旦
來問疾濁醪不足勉聊與論遺逸
　　怨鶴行
【客有南州生少年遠遊不得意流館西吳閨人欝欝以歿一日託形野鶴飛集生館
值生醉甚對鶴訴愁鶴忽墮淚生悶絶既而鳴咽爲閨人語云君不如歸去妾死矣
魂魄渡江尋君至此言訖而蘇鶴亦飛去余聞其事為作怨鶴行復成白鶴怨二絕】
白鶴復白鶴獨立兀如醉驅汝汝不飛那作仙人
驥【一解】
不鳴亦不舞斜陽傍行子低頭語白鶴惆悵儂如","峩髻寫飛僊烏棲曲未罷垂手舞纒綿酷烈沉榆
屑芳芬芍藥煎織翠紋簾皎流黃珍簟鮮含情復
送艶宛轉華燈前重來不知處草木空蒼然爲君
吹玉笛長咏招魂篇
　　憶昔
憶昔鹿山中嘯讀樵人室鑿牖延危巒翦竹導新
術日隱遙松翠雨至衆山失僮僕喧竒雲稚子搜
野栗幽巖富藥苖草樹自儔匹父老四五人昏旦
來問疾濁醪不足勉聊與論遺逸
　　怨鶴行
【客有南州生少年遠遊不得意流館西吳閨人欝欝以歿一日託形野鶴飛集生館
值生醉甚對鶴訴愁鶴忽墮淚生悶絶既而鳴咽爲閨人語云君不如歸去妾死矣
魂魄渡江尋君至此言訖而蘇鶴亦飛去余聞其事為作怨鶴行復成白鶴怨二絕】
白鶴復白鶴獨立兀如醉驅汝汝不飛那作仙人
驥【一解】
不鳴亦不舞斜陽傍行子低頭語白鶴惆悵儂如",待标注,"{""行款"":""半页12行，行19字""}",,
254,254.jpg,254.jpg,一期,一期,"雒陽變
　　【傷周禮滅裂也】
擬踏雒陽道慟哭周公臺路遠不可到執卷有餘
哀執卷餘哀西漢文衰考工補闕稱禮師琵琶玉
磬元聲離元聲離公知之請奠椒漿酒古曲奏哀
絲誰明六十司空變斜絡羲和駕並馳
蜀錦變
　　【傷素問運氣之譌也】
拂我蜀錦韜太古無塵筆珍我象齒籤不混甲與
乙天門蕩蕩馳客車王氷剔燭著僞書
飛魚變
　 【傷擬樂府者不知宗旨也】
石不學言魚不學飛豈無石言其言者𧝞豈無飛
魚其飛者稀故夏非古夏秋非古秋冬非古冬春
非古春日躔已在箕三度抵掌衣冦作漢人
寶鏡變","雒陽變
　　【傷周禮滅裂也】
擬踏雒陽道慟哭周公臺路遠不可到執卷有餘
哀執卷餘哀西漢文衰考工補闕稱禮師琵琶玉
磬元聲離元聲離公知之請奠椒漿酒古曲奏哀
絲誰明六十司空變斜絡羲和駕並馳
蜀錦變
　　【傷素問運氣之譌也】
拂我蜀錦韜太古無塵筆珍我象齒籤不混甲與
乙天門蕩蕩馳客車王氷剔燭著僞書
飛魚變
　 【傷擬樂府者不知宗旨也】
石不學言魚不學飛豈無石言其言者𧝞豈無飛
魚其飛者稀故夏非古夏秋非古秋冬非古冬春
非古春日躔已在箕三度抵掌衣冦作漢人
寶鏡變",待标注,"{""行款"":""半页10行，行19字""}",,
255,255.jpg,255.jpg,一期,一期,"【有玉石泉上有九源丈人宮】鐵鏁【法苑珠林終南山大秦嶺竹林寺者至貞觀初採蜜人山行聞有鐘聲尋而往至焉寺舍二間有人
住處傍大竹林可有二頃其人斷二節竹以盛蜜可得五升許兩人負下尋路而至宋秦戍县告防人從林至此可三十里戍主利其大竹將往伐
取遣人依言往覓過小竹谷達于崖下有鐵鏁長三丈許防人曳鏁掣之大牢將上有二虎踞崖頭向下大呼其人怖急返走又將十人重尋值大
洪雨便返】福地【福地記終南太乙山在長安西南五十里左右四十里內皆福地】
今夕行【自齊趙西歸至咸陽作】
今夕何夕歲云徂更長燭明不可孤咸陽客舍一事
無相與博塞【一云賭博】爲歡娛馮陵大呌呼五白袒跣不肯
成梟盧【一作年】英雄有時亦如此邂逅豈即非良圖君莫
笑劉毅從來布衣願家無儋石輸百萬
博塞【說文簙局戲也六箸十二棋也行棋相塞謂之簺】五白枭卢【招魂成枭而牟呼五白此王逸注倍胜为牟五
自簿齿也言已棋已枭当成牟胜射张食棋下兆于屈故呼五白以助投也吴曾漫录曰五木之戏其四为玉采贵也其八为珉采贱也五采之中有
采曰白盖五木俱白也楚辞成枭为牟呼五白枭二为珉采牟者胜也欲胜其枭必呼五白也枭卢樗蒱采名汉书枭骑注云枭勇也若六博之枭
晋邓艾曰枭邀也六博得激者胜晋书刘毅于东府聚樗蒱大掷一判应至数百万余人并黑犊以还唯刘裕及毅在后毅次郑得雉大喜褰衣绕
床叫谓同坐曰非不能卢不事此耳裕恶之因挼五木久之曰老兄试为卿答既而四子俱黑一子转跃未定裕厉声喝之即成虑毅意殊不快然
素黑其面如铁色焉既而乃和言曰亦知明公不能以此见借程大昌曰凡投子者五皆现黑则其名虚在樗蒱为最高之采四黑一白其采名雉
比卢降一等自此而降白黑相杂每每不同三白三黑为犍犍恶齿也御览曰六博五掷皆犍不为不能则知犍为恶齿五白非樗蒱所贵不知何
以云呼五白也韩子曰儒何以不好博胜者必杀枭是杀其所贵也枭固为善齿而杀枭者又当得隽则枭之采品非卢比也老杜槩言枭卢亦恐
未详按成枭五白原本招魂詞人引据递相祖述大昌之论斯为固矣。】
貧交行
翻手作雲覆手雨紛紛輕薄何須數君不見管鮑貧
時交此道今人棄如土
兵車行","【有玉石泉上有九源丈人宮】鐵鏁【法苑珠林終南山大秦嶺竹林寺者至貞觀初採蜜人山行聞有鐘聲尋而往至焉寺舍二間有人
住處傍大竹林可有二頃其人斷二節竹以盛蜜可得五升許兩人負下尋路而至宋秦戍县告防人從林至此可三十里戍主利其大竹將往伐
取遣人依言往覓過小竹谷達于崖下有鐵鏁長三丈許防人曳鏁掣之大牢將上有二虎踞崖頭向下大呼其人怖急返走又將十人重尋值大
洪雨便返】福地【福地記終南太乙山在長安西南五十里左右四十里內皆福地】
今夕行【自齊趙西歸至咸陽作】
今夕何夕歲云徂更長燭明不可孤咸陽客舍一事
無相與博塞【一云賭博】爲歡娛馮陵大呌呼五白袒跣不肯
成梟盧【一作年】英雄有時亦如此邂逅豈即非良圖君莫
笑劉毅從來布衣願家無儋石輸百萬
博塞【說文簙局戲也六箸十二棋也行棋相塞謂之簺】五白枭卢【招魂成枭而牟呼五白此王逸注倍胜为牟五
自簿齿也言已棋已枭当成牟胜射张食棋下兆于屈故呼五白以助投也吴曾漫录曰五木之戏其四为玉采贵也其八为珉采贱也五采之中有
采曰白盖五木俱白也楚辞成枭为牟呼五白枭二为珉采牟者胜也欲胜其枭必呼五白也枭卢樗蒱采名汉书枭骑注云枭勇也若六博之枭
晋邓艾曰枭邀也六博得激者胜晋书刘毅于东府聚樗蒱大掷一判应至数百万余人并黑犊以还唯刘裕及毅在后毅次郑得雉大喜褰衣绕
床叫谓同坐曰非不能卢不事此耳裕恶之因挼五木久之曰老兄试为卿答既而四子俱黑一子转跃未定裕厉声喝之即成虑毅意殊不快然
素黑其面如铁色焉既而乃和言曰亦知明公不能以此见借程大昌曰凡投子者五皆现黑则其名虚在樗蒱为最高之采四黑一白其采名雉
比卢降一等自此而降白黑相杂每每不同三白三黑为犍犍恶齿也御览曰六博五掷皆犍不为不能则知犍为恶齿五白非樗蒱所贵不知何
以云呼五白也韩子曰儒何以不好博胜者必杀枭是杀其所贵也枭固为善齿而杀枭者又当得隽则枭之采品非卢比也老杜槩言枭卢亦恐
未详按成枭五白原本招魂詞人引据递相祖述大昌之论斯为固矣。】
貧交行
翻手作雲覆手雨紛紛輕薄何須數君不見管鮑貧
時交此道今人棄如土
兵車行",待标注,"{""行款"":""半页12行，行56字""}",,
256,256.jpg,256.jpg,一期,一期,"【太子亦知祿山必反言之不聽雖國忠欲收祿山貴妃必不肯故曰至尊顧之笑王母不肯收也續遣歸范陽祿山遂反豈非復歸虗無底化作長
黃虬乎】
夜聽許十損【一本作許十一本作許十無損字】誦詩愛而有作
許生五臺賓業白出石壁余亦師粲可身猶縛禪寂
何階子方便謬引爲匹敵離索晚相逢包蒙欣有擊
誦詩渾【一作混】遊衍四座皆【一作俱】辟易應手看捶鉤清心聴
鳴鏑精微穿溟涬飛動摧霹靂陶謝不枝梧風騷共
推激紫燕【一作鸞罪】自起詣翠駮誰剪剔君意人莫知人間
夜寥閴
五臺【華嚴大疏清涼山即代州雁門郡五臺山也歲積堅冰夏仍飛雪曾無炎暑故曰清涼五峯聳出頂無林木有如累土之台故曰五
臺太平寰宇記五臺在代州五臺縣東北一百四十里水經注五臺山五巒巍故謂之五台】石壁【續高僧傳曇鸞或為巒雁門人也家近五
臺山後住汾州北山石壁玄中寺】粲可【舊書達摩傳慧可慧可傳傅粲】捶鉤【知北遊大馬之捶鉤者年八十矣而不失豪芒
郭云捶者枯捶釣輕重而不失豪芒也】紫鷰【昭陵六馬讚紫鷰超躍】駮【爾雅駮如馬鋸牙食虎豹】
橋陵詩三十韻因呈縣內諸官
先帝昔晏駕茲山朝百靈崇岡擁象設沃野開天庭
即事壯重險論功超五丁坡陁因【一作用】厚地【一作力】卻略羅
峻屏雲關虛冉冉風松肅泠泠石門霜露【一作霧】白玉殿
莓苔青宮女晚【一作曉】知曙祠官【一作臣】朝見星空梁簇畫戟
隂井敲銅瓶中使日夜繼【一云日繼夜正異云日相繼】惟王心不寜豈
徒釁備享尚謂求無形孝理敦國政神凝推道經瑞
芝產廟柱好鳥鳴【一作巢一作宿】巖扃高岳前嵂崒洪河左瀅
濛【瀅玉篇同熒胡垌鳥迥一切無營音瀠字玉篇韻畧俱無毛氏據此詩増恐非當作瀠】金城蓄峻趾沙苑","【太子亦知祿山必反言之不聽雖國忠欲收祿山貴妃必不肯故曰至尊顧之笑王母不肯收也續遣歸范陽祿山遂反豈非復歸虗無底化作長
黃虬乎】
夜聽許十損【一本作許十一本作許十無損字】誦詩愛而有作
許生五臺賓業白出石壁余亦師粲可身猶縛禪寂
何階子方便謬引爲匹敵離索晚相逢包蒙欣有擊
誦詩渾【一作混】遊衍四座皆【一作俱】辟易應手看捶鉤清心聴
鳴鏑精微穿溟涬飛動摧霹靂陶謝不枝梧風騷共
推激紫燕【一作鸞罪】自起詣翠駮誰剪剔君意人莫知人間
夜寥閴
五臺【華嚴大疏清涼山即代州雁門郡五臺山也歲積堅冰夏仍飛雪曾無炎暑故曰清涼五峯聳出頂無林木有如累土之台故曰五
臺太平寰宇記五臺在代州五臺縣東北一百四十里水經注五臺山五巒巍故謂之五台】石壁【續高僧傳曇鸞或為巒雁門人也家近五
臺山後住汾州北山石壁玄中寺】粲可【舊書達摩傳慧可慧可傳傅粲】捶鉤【知北遊大馬之捶鉤者年八十矣而不失豪芒
郭云捶者枯捶釣輕重而不失豪芒也】紫鷰【昭陵六馬讚紫鷰超躍】駮【爾雅駮如馬鋸牙食虎豹】
橋陵詩三十韻因呈縣內諸官
先帝昔晏駕茲山朝百靈崇岡擁象設沃野開天庭
即事壯重險論功超五丁坡陁因【一作用】厚地【一作力】卻略羅
峻屏雲關虛冉冉風松肅泠泠石門霜露【一作霧】白玉殿
莓苔青宮女晚【一作曉】知曙祠官【一作臣】朝見星空梁簇畫戟
隂井敲銅瓶中使日夜繼【一云日繼夜正異云日相繼】惟王心不寜豈
徒釁備享尚謂求無形孝理敦國政神凝推道經瑞
芝產廟柱好鳥鳴【一作巢一作宿】巖扃高岳前嵂崒洪河左瀅
濛【瀅玉篇同熒胡垌鳥迥一切無營音瀠字玉篇韻畧俱無毛氏據此詩増恐非當作瀠】金城蓄峻趾沙苑",待标注,"{""行款"":""半页19行，行28字""}",,
257,257.jpg,257.jpg,一期,一期,"讓洞庭寬又石頭城下作山圍故國周遭在潮打空
城寂寞囘自知不及韋蘇州春潮帶雨晚來急野渡
無人舟自橫又杜少陵過洞庭詩落句曰春去春來
洞庭闊白蘋愁殺白頭翁鄙夫之言有媿杜公也【雲溪
友議中山公謂賓友曰嘗過洞庭雖為一篇靜思杜員外落句云云鄙夫之言有媿於杜公也】
歐陽文忠公詩話一事
陳舍人從易當時文方盛之際獨以醇儒古學見稱
其詩多類白樂天蓋自楊劉唱和西崑集行後進學
者爭效之風雅之變謂之西崑體繇是唐賢諸詩集
幾廢而不行陳公時偶得杜集舊本文多脫誤至送
蔡都尉詩云身輕一鳥其下脫一字陳公因與數客
各用一字補之或云疾或云落或云起或云下莫能
定其後得一善本乃是身輕一鳥過陳公歎服以爲
雖一字諸君亦莫能到也
王荊公鍾山語錄一事
瞑色赴春愁下得赴字最好若下起字即小兒語也
無人覺來往疎嬾興何長下得覺字大好足見吟詩
要一字兩字工夫也
司馬溫公迂叟詩話一事
牂羊墳首三星在囂言不可久古人爲詩貴干意在
言外使人思而得之近世詩人惟杜子美最得詩人
之體如國破山河在明無餘物矣城春草木深明無","讓洞庭寬又石頭城下作山圍故國周遭在潮打空
城寂寞囘自知不及韋蘇州春潮帶雨晚來急野渡
無人舟自橫又杜少陵過洞庭詩落句曰春去春來
洞庭闊白蘋愁殺白頭翁鄙夫之言有媿杜公也【雲溪
友議中山公謂賓友曰嘗過洞庭雖為一篇靜思杜員外落句云云鄙夫之言有媿於杜公也】
歐陽文忠公詩話一事
陳舍人從易當時文方盛之際獨以醇儒古學見稱
其詩多類白樂天蓋自楊劉唱和西崑集行後進學
者爭效之風雅之變謂之西崑體繇是唐賢諸詩集
幾廢而不行陳公時偶得杜集舊本文多脫誤至送
蔡都尉詩云身輕一鳥其下脫一字陳公因與數客
各用一字補之或云疾或云落或云起或云下莫能
定其後得一善本乃是身輕一鳥過陳公歎服以爲
雖一字諸君亦莫能到也
王荊公鍾山語錄一事
瞑色赴春愁下得赴字最好若下起字即小兒語也
無人覺來往疎嬾興何長下得覺字大好足見吟詩
要一字兩字工夫也
司馬溫公迂叟詩話一事
牂羊墳首三星在囂言不可久古人爲詩貴干意在
言外使人思而得之近世詩人惟杜子美最得詩人
之體如國破山河在明無餘物矣城春草木深明無",待标注,"{""行款"":""半页17行，行20字""}",,
258,258.jpg,258.jpg,一期,一期,"【示室中諸子與某居士與某公與某公與某某與紀伯紫居士】
陳衍【磐生福建侯官人子涓濬潤泳俱有文名大江草堂集】
【答徐存永答方道衡】
李陳玉【石守謙菴江西吉水人退思堂文集】
【與友示子弟與門人復朱函兼與人與孫武遷與人與陳敬輿示兒示朱
吉人示兒輩復葉臞仙同年】
卷之三
徐芳【仲光拙菴江西新城人遺稿】
【答錢牧齋宗伯答竹關禪兄與林孔碩答劉子淳書答黃石菴侍御答蕭明彝寄
王斌為孝廉寄張武仲年兄與某上人寄沈仲連年丈與寄張蕙嶫副憲與周櫟園
同年一與櫟園論字學與櫟園三寄答壽昌卓公答西昌泰令公
陳弘緒【士業江西新建人石莊初集二集鴻觕集遺稿
與曽堯臣與張天生復濟仲答梅惠連與友與劉懷峰先生與友】
蕭士瑋【伯玉三莪江西泰和人春浮園集
復錢閣下與楊寨雲與田中丞與錢牧齋又與蔣盤初與詹月如與錢仲馭與友人復卓去病】
卷之四
張萱【孟奇廣東博羅人西園存稿】","【示室中諸子與某居士與某公與某公與某某與紀伯紫居士】
陳衍【磐生福建侯官人子涓濬潤泳俱有文名大江草堂集】
【答徐存永答方道衡】
李陳玉【石守謙菴江西吉水人退思堂文集】
【與友示子弟與門人復朱函兼與人與孫武遷與人與陳敬輿示兒示朱
吉人示兒輩復葉臞仙同年】
卷之三
徐芳【仲光拙菴江西新城人遺稿】
【答錢牧齋宗伯答竹關禪兄與林孔碩答劉子淳書答黃石菴侍御答蕭明彝寄
王斌為孝廉寄張武仲年兄與某上人寄沈仲連年丈與寄張蕙嶫副憲與周櫟園
同年一與櫟園論字學與櫟園三寄答壽昌卓公答西昌泰令公
陳弘緒【士業江西新建人石莊初集二集鴻觕集遺稿
與曽堯臣與張天生復濟仲答梅惠連與友與劉懷峰先生與友】
蕭士瑋【伯玉三莪江西泰和人春浮園集
復錢閣下與楊寨雲與田中丞與錢牧齋又與蔣盤初與詹月如與錢仲馭與友人復卓去病】
卷之四
張萱【孟奇廣東博羅人西園存稿】",待标注,"{""行款"":""半页9行，行32字""}",,
259,259.jpg,259.jpg,一期,一期,"與區叔永
宋大觀初蔡京欲盛行王安石新經故詩賦之禁甚
厲時宰相何正獻公執中遂以御史李彥章之疏追
奪杜甫李白二公官職而力詆秦觀黃庭堅輩以戒
天下之爲詩賦者余每拊掌此人曉事宰相真四公
益友也居常嘆恨李杜二公皆我輩面孔中人止多
拾遺供奉官職耳當其身何不蚤自免去成就一個
詩人而身後始幸見奪嗟亦晚矣夫詩天地所秘惜
鬼神所護持今人所爲耗盡一生精力終身不可必
得者一得之則三旌不足爲貴萬鍾不足爲富壯哉
杜李二公身前則占斷一時身後則占斷萬世令它
人不得少有覬覦睥睨於其間此何等生活尚欲以
拾遺供奉橫附二公贅疣乎余故不能詩兒輩數人
粗好紙筆往往欲起而爲詩余每獨立輙呵責之汝
輩豈滿身是膽福力齊天乎何不覓一易成就太穩
便生活繳三旌取萬鍾溫飽身前乃橫取今人終身
不可必得者以自苦爲叔永其自愛今曉事宰相故
不乏也","與區叔永
宋大觀初蔡京欲盛行王安石新經故詩賦之禁甚
厲時宰相何正獻公執中遂以御史李彥章之疏追
奪杜甫李白二公官職而力詆秦觀黃庭堅輩以戒
天下之爲詩賦者余每拊掌此人曉事宰相真四公
益友也居常嘆恨李杜二公皆我輩面孔中人止多
拾遺供奉官職耳當其身何不蚤自免去成就一個
詩人而身後始幸見奪嗟亦晚矣夫詩天地所秘惜
鬼神所護持今人所爲耗盡一生精力終身不可必
得者一得之則三旌不足爲貴萬鍾不足爲富壯哉
杜李二公身前則占斷一時身後則占斷萬世令它
人不得少有覬覦睥睨於其間此何等生活尚欲以
拾遺供奉橫附二公贅疣乎余故不能詩兒輩數人
粗好紙筆往往欲起而爲詩余每獨立輙呵責之汝
輩豈滿身是膽福力齊天乎何不覓一易成就太穩
便生活繳三旌取萬鍾溫飽身前乃橫取今人終身
不可必得者以自苦爲叔永其自愛今曉事宰相故
不乏也",待标注,"{""行款"":""半页16行，行20字""}",,
260,260.jpg,260.jpg,一期,一期,"賴古堂尺牘新鈔三選結鄰集卷之十
　　　　　　　　　　周在梁園客
　　　　　　　豫儀　周在浚雪客　鈔
　　　　　　　　　　周在廷龍客
黎士宏【媿曾福建長汀人托素齋文集】
　　上錢牧齋先生書
日者巨源徐子不以【不肖】無似猥以【賤名】聞之閣下
曽得讀先生報章今巨源又欲【不肖】裒集近文令自
通其言于左右然【弘】則何人也古文章之士欲就正","賴古堂尺牘新鈔三選結鄰集卷之十
　　　　　　　　　　周在梁園客
　　　　　　　豫儀　周在浚雪客　鈔
　　　　　　　　　　周在廷龍客
黎士宏【媿曾福建長汀人托素齋文集】
　　上錢牧齋先生書
日者巨源徐子不以【不肖】無似猥以【賤名】聞之閣下
曽得讀先生報章今巨源又欲【不肖】裒集近文令自
通其言于左右然【弘】則何人也古文章之士欲就正",待标注,"{""行款"":""半页5行，行22字""}",,
261,261.jpg,261.jpg,一期,一期,"三白水山白鹤峰圭峰
春冈七星冈茶托冈
七星岩玲珑岩扬历岩
三洲岩白面岩穿镜岩
阳春岩洞碧落洞穗石洞
甘泉洞紫霞洞泐溪石室
山火山影南岭
端州山水韶阳诸峰东峤
石砺山
廣東新語卷三
番禺　屈大均　翁山　譔
山語
梅岭
梅嶺南嶽之一支星經曰南戒門戶漢書曰臺
山輿地志曰臺嶺其名不一其曰秦關者以始皇
三十四年所適治獄吏不直者所築也南康記云
南野三十里至橫浦有秦時關其下曰塞上是也
南越呂嘉叛殺漢將軍韓千秋函封使者節置塞
上即此故又曰漢塞也曰東嶠者以居五嶺東偏
也曰臺者以高而平曰嶠者以高而峭鋭臺專言","三白水山白鹤峰圭峰
春冈七星冈茶托冈
七星岩玲珑岩扬历岩
三洲岩白面岩穿镜岩
阳春岩洞碧落洞穗石洞
甘泉洞紫霞洞泐溪石室
山火山影南岭
端州山水韶阳诸峰东峤
石砺山
廣東新語卷三
番禺　屈大均　翁山　譔
山語
梅岭
梅嶺南嶽之一支星經曰南戒門戶漢書曰臺
山輿地志曰臺嶺其名不一其曰秦關者以始皇
三十四年所適治獄吏不直者所築也南康記云
南野三十里至橫浦有秦時關其下曰塞上是也
南越呂嘉叛殺漢將軍韓千秋函封使者節置塞
上即此故又曰漢塞也曰東嶠者以居五嶺東偏
也曰臺者以高而平曰嶠者以高而峭鋭臺專言",待标注,"{""行款"":""半页7行，行19字""}",,
262,262.jpg,262.jpg,一期,一期,"本國知不知象聞此言淚雙垂淋漓滿路觀者悲
語象且勿悲汝來粵東五千里即今放歸歸已遲
我聞西有獨牙象摧堅陷陣功尤竒昨日被執不
肯屈掘坑縱火焚其屍汝輩不戰復不死中道涕
泣將何爲
凶年虎
從化縣囚年多虎獵者爲機穿林中而擊土以致
虎虎每伏地擊土則必跳躍而出出時其飽易擊
饑則難故嘗以甘餌投之傳曰虎者戾蟲人者甘
餌噫嘻虎不食人人自爲甘餌以投之柰何哉
廣東新語卷二十一終
廣東新語卷二十二
分目
鱗語
龍石龍金龍
土龍蜃氣海鰍
怪魚曁魚潛龍鯨
黃雀魚鼠鮎烏賊魚
魚花魚生漁具
鱔養魚種魚牌
龍蝦鯊虎魚餉
插箔飛魚似嘉魚","本國知不知象聞此言淚雙垂淋漓滿路觀者悲
語象且勿悲汝來粵東五千里即今放歸歸已遲
我聞西有獨牙象摧堅陷陣功尤竒昨日被執不
肯屈掘坑縱火焚其屍汝輩不戰復不死中道涕
泣將何爲
凶年虎
從化縣囚年多虎獵者爲機穿林中而擊土以致
虎虎每伏地擊土則必跳躍而出出時其飽易擊
饑則難故嘗以甘餌投之傳曰虎者戾蟲人者甘
餌噫嘻虎不食人人自爲甘餌以投之柰何哉
廣東新語卷二十一終
廣東新語卷二十二
分目
鱗語
龍石龍金龍
土龍蜃氣海鰍
怪魚曁魚潛龍鯨
黃雀魚鼠鮎烏賊魚
魚花魚生漁具
鱔養魚種魚牌
龍蝦鯊虎魚餉
插箔飛魚似嘉魚",待标注,"{""行款"":""半页8行，行19字""}",,
263,263.jpg,263.jpg,一期,一期,"出澳門其水純黑至瓊海則藍其分界處水一藍
一黑不相雜舟人謂之海嶺蓋水積厚則純黑如
靛以鹹故兼碧色淡則黃白其鹹淡同流當中必
有一直路兩色判然然掬之在手黑者亦清黑者
水之眞色又海大天色沉冥日月爲之不曜兌之
一陰與天同玄故水黑
凡潮水兩邊落至三尺中間潮心乃高潮心者俗
謂之嶺水嶺者界也潮心行乎江中其白如雪朙
朙可辯故曰界以其在江中流故曰潮心心從中
而行獨高出於左右之流蓋坎中一陽之象坎之
心亨以此
水非火之力不流水之流地二之火所使也天一
能生水而不能流須地二生火以流之地二之火
陽火也無形之火也有形則海中之陰火也故夫
求陽水於火中者必於山求陰火於水中者必於
澤新安海中之火每成塊大如車輪隨風入城人
驚以爲天降火也風止即旋消滅以陰火故著物
不焦得濕而愈炎以水折之則光燄至天物窮乃
止蓋陰火喜濕陽火喜燥陽火可以水滅陰火可
以火滅以濕伏陽火以燥伏陰火其理一也
凡江陽而海陰陰故海水重而沉陽故江水輕而
浮新安竈丁煑鹽俟潮至取注缸中以飯粒試焉","出澳門其水純黑至瓊海則藍其分界處水一藍
一黑不相雜舟人謂之海嶺蓋水積厚則純黑如
靛以鹹故兼碧色淡則黃白其鹹淡同流當中必
有一直路兩色判然然掬之在手黑者亦清黑者
水之眞色又海大天色沉冥日月爲之不曜兌之
一陰與天同玄故水黑
凡潮水兩邊落至三尺中間潮心乃高潮心者俗
謂之嶺水嶺者界也潮心行乎江中其白如雪朙
朙可辯故曰界以其在江中流故曰潮心心從中
而行獨高出於左右之流蓋坎中一陽之象坎之
心亨以此
水非火之力不流水之流地二之火所使也天一
能生水而不能流須地二生火以流之地二之火
陽火也無形之火也有形則海中之陰火也故夫
求陽水於火中者必於山求陰火於水中者必於
澤新安海中之火每成塊大如車輪隨風入城人
驚以爲天降火也風止即旋消滅以陰火故著物
不焦得濕而愈炎以水折之則光燄至天物窮乃
止蓋陰火喜濕陽火喜燥陽火可以水滅陰火可
以火滅以濕伏陽火以燥伏陰火其理一也
凡江陽而海陰陰故海水重而沉陽故江水輕而
浮新安竈丁煑鹽俟潮至取注缸中以飯粒試焉",待标注,"{""行款"":""半页20行，行19字""}",,
264,264.jpg,264.jpg,一期,一期,"憂十年前之詩人皆唐之詩人也必嗤點夫宋近
年來之詩人皆宋之詩人也必嗤點夫唐萬戸同
聲千車一轍其始亦因一二聰明才智之士深惡
積習欲闢新機意見孤行排衆獨出而一時附和
之家吠聲四起善者爲新豐之雞犬不善者爲鮑
老之衣冠向之意見孤行排衆獨出者又成積習
矣蓋俗學無基迎風欲仆隨踵而立故其於詩也
如矮子觀場隨人喜怒而不知自有之面目寧不
悲哉有客問詩於子者曰學唐優乎學宋優乎予
曰子無問唐也宋也亦問子之詩安在耳書曰詩
言志虞摯曰詩發乎情止乎禮義此爲詩之本也
未聞有臨摹倣傚之習也古詩稱陶謝而陶自有
陶之詩謝自有謝之詩唐詩稱李杜而李自有李
之詩杜自有杜之詩人必有好竒縦險伐山通道
之事而後有謝詩人必有北窓高臥不肯折腰鄉
里小兒之意而後有陶詩人必有流離道路每飯
不忘君之心而後有杜詩人必有放浪江湖騎鯨
捉月之氣而後有李詩近時龍眠錢飲光以能詩","憂十年前之詩人皆唐之詩人也必嗤點夫宋近
年來之詩人皆宋之詩人也必嗤點夫唐萬戸同
聲千車一轍其始亦因一二聰明才智之士深惡
積習欲闢新機意見孤行排衆獨出而一時附和
之家吠聲四起善者爲新豐之雞犬不善者爲鮑
老之衣冠向之意見孤行排衆獨出者又成積習
矣蓋俗學無基迎風欲仆隨踵而立故其於詩也
如矮子觀場隨人喜怒而不知自有之面目寧不
悲哉有客問詩於子者曰學唐優乎學宋優乎予
曰子無問唐也宋也亦問子之詩安在耳書曰詩
言志虞摯曰詩發乎情止乎禮義此爲詩之本也
未聞有臨摹倣傚之習也古詩稱陶謝而陶自有
陶之詩謝自有謝之詩唐詩稱李杜而李自有李
之詩杜自有杜之詩人必有好竒縦險伐山通道
之事而後有謝詩人必有北窓高臥不肯折腰鄉
里小兒之意而後有陶詩人必有流離道路每飯
不忘君之心而後有杜詩人必有放浪江湖騎鯨
捉月之氣而後有李詩近時龍眠錢飲光以能詩",待标注,"{""行款"":""半页18行，行19字""}",,
265,265.jpg,265.jpg,一期,一期,"送孫友
人生何如不相識君老江南我燕北何如相逢不
相合更無別恨橫胸臆留君不住我心苦橫門驪
歌淚如雨君行四月草萋萋桃花桃花半委泥江
流浩淼江月墮此時君亦應思我我今落拓何所
止一事無成已如此平生縱有英雄血無由一濺
荊江水荊江日落陣雲低橫戈躍馬兮何時忽憶
去年風雨夜與君展卷論王霸君今偃仰九龍間
吾欲從茲事耕稼芙蓉湖上芙蓉花秋風未落如
朝霞君如載酒須盡醉醉來不復思天涯
栁條邊【邊牆也以栁爲之在寨外】
是處垣籬防絶塞角端西來畫疆界漢使今行虎
落中秦城合築龍荒外龍荒虎落兩依然護得當
時飲馬泉若使春風知別苦不應吹到栁條邊
春曉曲儆金荃體
銅龍水盡霞光小細霧纖纖織幽草烟鎻縁紗春
色深簾鉤燕蹋呢喃早海棠咽露臙脂重花底嫩
寒吹鳥夢嬌眠繡被起來遲一枕香雲墜金鳳芙","送孫友
人生何如不相識君老江南我燕北何如相逢不
相合更無別恨橫胸臆留君不住我心苦橫門驪
歌淚如雨君行四月草萋萋桃花桃花半委泥江
流浩淼江月墮此時君亦應思我我今落拓何所
止一事無成已如此平生縱有英雄血無由一濺
荊江水荊江日落陣雲低橫戈躍馬兮何時忽憶
去年風雨夜與君展卷論王霸君今偃仰九龍間
吾欲從茲事耕稼芙蓉湖上芙蓉花秋風未落如
朝霞君如載酒須盡醉醉來不復思天涯
栁條邊【邊牆也以栁爲之在寨外】
是處垣籬防絶塞角端西來畫疆界漢使今行虎
落中秦城合築龍荒外龍荒虎落兩依然護得當
時飲馬泉若使春風知別苦不應吹到栁條邊
春曉曲儆金荃體
銅龍水盡霞光小細霧纖纖織幽草烟鎻縁紗春
色深簾鉤燕蹋呢喃早海棠咽露臙脂重花底嫩
寒吹鳥夢嬌眠繡被起來遲一枕香雲墜金鳳芙",待标注,"{""行款"":""半页16行，行19字""}",,
266,266.jpg,266.jpg,一期,一期,"淚泣黃腸堪嗟北斗闌干候結束飛塵入建章
又
蕭齋天際想真人形影曽忘贈荅頻每讀新詞標
側帽驚聞遺計忽霑巾孤鸞舞罷方纒恨別鶴絃
摧更愴神玉樹臨風埋著土不堪蒿里獨生春
又
樂府花間著作林南朝宮體識餘音玉笙吹徹含
愁句錦瑟傳將惜別心三變遺聲銷栁七九原同
調得陳琳【謂迦陵】填詞妙手今岑寂中散當年痛撫
琴
周清原
嘉樹生朝陽【陸機】式瞻在國楨【任昉】上凌青雲霓【司馬彪】承
露概太清【曹植】何意廻飈舉【曹植】恍惚似朝榮【鮑昭】落英隕
林趾【潘岳】黃鳥爲悲鳴【陸機】杳杳落日晚【鮑昭】昭昭素月明
【王粲】有懷誰能已【顔延之】寤言涕交纓【陸雲】
又
眷言懐君子【謝靈運】悽愴傷我心【阮籍】弱冠參多士【鮑昭】邦彥
應運興【陸機】既通金閨籍【謝靈運】懐抱觀古今【謝靈運】詩書敦","淚泣黃腸堪嗟北斗闌干候結束飛塵入建章
又
蕭齋天際想真人形影曽忘贈荅頻每讀新詞標
側帽驚聞遺計忽霑巾孤鸞舞罷方纒恨別鶴絃
摧更愴神玉樹臨風埋著土不堪蒿里獨生春
又
樂府花間著作林南朝宮體識餘音玉笙吹徹含
愁句錦瑟傳將惜別心三變遺聲銷栁七九原同
調得陳琳【謂迦陵】填詞妙手今岑寂中散當年痛撫
琴
周清原
嘉樹生朝陽【陸機】式瞻在國楨【任昉】上凌青雲霓【司馬彪】承
露概太清【曹植】何意廻飈舉【曹植】恍惚似朝榮【鮑昭】落英隕
林趾【潘岳】黃鳥爲悲鳴【陸機】杳杳落日晚【鮑昭】昭昭素月明
【王粲】有懷誰能已【顔延之】寤言涕交纓【陸雲】
又
眷言懐君子【謝靈運】悽愴傷我心【阮籍】弱冠參多士【鮑昭】邦彥
應運興【陸機】既通金閨籍【謝靈運】懐抱觀古今【謝靈運】詩書敦",待标注,"{""行款"":""半页13行，行19字""}",,
267,267.jpg,267.jpg,一期,一期,"愁添一人
秋來
紈扇生衣捐已無掩書不讀閉精廬故人笑比
中庭樹一日秋風一日疎
汪【塤】陳【章】見送貞州舟中漫述二首
一夜風葉中聽雨聲不休既阻帆的的復掩鐙
修修誰不惜游子騷怨含離憂去如楚江蘺弱
根日以浮
他鄉樂亦苦淚滴杯酒間車有書滿梔槖無金
兩鑀怯渡黃連港笑尋甘草山豈爲滑稽雄暫
爾啟客顔
孫【憲】遺米予子僧廚作粥食之戲報此詩
學佛疲津梁辟糓乃不可長飢東方生胡能達
青瑣遺誚桑下留俄悲蓏閒墮墐戸類蟄蟲繩
牀擁絮坐樀樀聞叩聲子思劇憐我三升分倉
儲精鑿出揚#作麋感殷勤瓦銚撥宿火一飽
計已奢何須炙車輠
月夜陸【立】劉【乃大】見過
一卷細注陸徳明千鴟不醉劉公榮譚經飲酒
得二友時顧寂莫僧寮清竒葩芬口義可取糟","愁添一人
秋來
紈扇生衣捐已無掩書不讀閉精廬故人笑比
中庭樹一日秋風一日疎
汪【塤】陳【章】見送貞州舟中漫述二首
一夜風葉中聽雨聲不休既阻帆的的復掩鐙
修修誰不惜游子騷怨含離憂去如楚江蘺弱
根日以浮
他鄉樂亦苦淚滴杯酒間車有書滿梔槖無金
兩鑀怯渡黃連港笑尋甘草山豈爲滑稽雄暫
爾啟客顔
孫【憲】遺米予子僧廚作粥食之戲報此詩
學佛疲津梁辟糓乃不可長飢東方生胡能達
青瑣遺誚桑下留俄悲蓏閒墮墐戸類蟄蟲繩
牀擁絮坐樀樀聞叩聲子思劇憐我三升分倉
儲精鑿出揚#作麋感殷勤瓦銚撥宿火一飽
計已奢何須炙車輠
月夜陸【立】劉【乃大】見過
一卷細注陸徳明千鴟不醉劉公榮譚經飲酒
得二友時顧寂莫僧寮清竒葩芬口義可取糟",待标注,"{""行款"":""半页14行，行18字""}",,
268,268.jpg,268.jpg,一期,一期,"冬心先生集卷第三
錢塘金農壽門
　逰海會寺
青陽更始正春融拄杖來逰此寺中隂壑斷崖
泉出樹飛簷浮柱塔生風經殘未覩番書妙佛
古猶傳塑像工嬾學朝天奏韶頀自憐蹤跡一
龕同
巻髪曲【有小序】
巻髪曲悲彼姝中棄而爲房老也予寫
其紛亂之思託己之微意焉噫同情者","冬心先生集卷第三
錢塘金農壽門
　逰海會寺
青陽更始正春融拄杖來逰此寺中隂壑斷崖
泉出樹飛簷浮柱塔生風經殘未覩番書妙佛
古猶傳塑像工嬾學朝天奏韶頀自憐蹤跡一
龕同
巻髪曲【有小序】
巻髪曲悲彼姝中棄而爲房老也予寫
其紛亂之思託己之微意焉噫同情者",待标注,"{""行款"":""半页5行，行18字""}",,
269,269.jpg,269.jpg,一期,一期,"奧府疾風中多纒怪木上欲齧洞深納積隂雷
雨不敢洩入山瓢杓喧引供歲沃沃僧廚十二
筒斷竹復續竹擊聲若礧硠髙秋聚沅瀣三潄
勞舌神可以消宿憊
臘月二十四日江上無事因出家醞要諸
鄰翁小飲
曽讀逸民傳南邨舊隱淪清江圍屋樹寒雨對
牀人嵗晏藥苗路花開酒國春依然敦漢俗祭
竈請比鄰
江上嵗暮雜詩四首
內史書蘭亭絶品閱世久風流翠墨香得之獨
漉叟【舊爲劉山人所藏】楮爛字畫全光華神氣厚舊傳
七遺民淋漓跋其後惜爲老黠工名蹟已割取
櫝去珠尚存何傷落吾手少日曽習臨搴帷羞
新婦自看仍自收空箱防污垢一事勝辯師未
飲釭面酒【冬心齋中石刻禊帖】
有物爬沙行合眼聽怪絶索索復苴苴天寒一
夜雪撒鹽與鋪糅清曉生萬潔牀琴凍折絃巷
門荒脫闐主人病躭愁澁縮中隂閉身比枯木
僵心如宿火熱坐失江上山微茫辨明滅新添","奧府疾風中多纒怪木上欲齧洞深納積隂雷
雨不敢洩入山瓢杓喧引供歲沃沃僧廚十二
筒斷竹復續竹擊聲若礧硠髙秋聚沅瀣三潄
勞舌神可以消宿憊
臘月二十四日江上無事因出家醞要諸
鄰翁小飲
曽讀逸民傳南邨舊隱淪清江圍屋樹寒雨對
牀人嵗晏藥苗路花開酒國春依然敦漢俗祭
竈請比鄰
江上嵗暮雜詩四首
內史書蘭亭絶品閱世久風流翠墨香得之獨
漉叟【舊爲劉山人所藏】楮爛字畫全光華神氣厚舊傳
七遺民淋漓跋其後惜爲老黠工名蹟已割取
櫝去珠尚存何傷落吾手少日曽習臨搴帷羞
新婦自看仍自收空箱防污垢一事勝辯師未
飲釭面酒【冬心齋中石刻禊帖】
有物爬沙行合眼聽怪絶索索復苴苴天寒一
夜雪撒鹽與鋪糅清曉生萬潔牀琴凍折絃巷
門荒脫闐主人病躭愁澁縮中隂閉身比枯木
僵心如宿火熱坐失江上山微茫辨明滅新添",待标注,"{""行款"":""半页16行，行18字""}",,
270,270.jpg,270.jpg,一期,一期,"輯成書計得百家力矯王氏半山之弊詳載商
邱宋牧仲冢宰序中康熙三十六年
聖祖南巡幸東山
駐蹕公第公拜舞階下
溫語垂詢家世及厯官告養始末時宋公方以巡撫扈
從遂以公所輯唐詩進呈仰蒙
乙覽異數也然自是公竟不復出清獻公歿六世祖昆
季爲刋三魚堂全集及四書大全諸書蓋猶秉
公易簣時遺命也伏念此書之成迄今垂二百
年由虞山而遷珠溪而佘山而松江水陸舟徒
零落殊甚咸豐間家大人懼先世手澤就湮重
加脩補校刋既竣未及印行而庚辛之亂作凡
經史諸版之在蘇垣者十燬七八幸是版什襲
家中與敝廬俱無恙然迭遭宼擾殘缺又多二
十年中屢思整理輙以力絀而止契友朱君懋
之見余拳拳于是書也力任補刋之役又廣搜
之藏書家得初印精本適洪君春江于役粵東
遂郵寄雕鐫不半載而竟潰于成嗟乎自變亂
以來故家鉅族千箱萬軸委棄于兵火中者何
可勝數焚坑之禍酷逾祖龍如我松金山錢氏","輯成書計得百家力矯王氏半山之弊詳載商
邱宋牧仲冢宰序中康熙三十六年
聖祖南巡幸東山
駐蹕公第公拜舞階下
溫語垂詢家世及厯官告養始末時宋公方以巡撫扈
從遂以公所輯唐詩進呈仰蒙
乙覽異數也然自是公竟不復出清獻公歿六世祖昆
季爲刋三魚堂全集及四書大全諸書蓋猶秉
公易簣時遺命也伏念此書之成迄今垂二百
年由虞山而遷珠溪而佘山而松江水陸舟徒
零落殊甚咸豐間家大人懼先世手澤就湮重
加脩補校刋既竣未及印行而庚辛之亂作凡
經史諸版之在蘇垣者十燬七八幸是版什襲
家中與敝廬俱無恙然迭遭宼擾殘缺又多二
十年中屢思整理輙以力絀而止契友朱君懋
之見余拳拳于是書也力任補刋之役又廣搜
之藏書家得初印精本適洪君春江于役粵東
遂郵寄雕鐫不半載而竟潰于成嗟乎自變亂
以來故家鉅族千箱萬軸委棄于兵火中者何
可勝數焚坑之禍酷逾祖龍如我松金山錢氏",待标注,"{""行款"":""半页18行，行18字""}",,
271,271.jpg,271.jpg,一期,一期,"劉隨州詩集卷首
　　傳略【論說附】
劉長卿字文房河間人【集有歸嵩陽舊居逢洛陽鄰人詩蓋家於東都】開元二
十一年登進士第至德中爲監察御史以檢校
祠部貟外郎爲轉運使判官知淮南鄂岳觀察
使吳仲孺誣奏貶潘州南巴尉【在大曆中仲孺奏犯贓廿萬貫朝遣御史苗伾
就推得白】會有爲之辨者除睦州司馬終隨州刺史
【新舊唐書無傳見藝文志注】
宋計敏夫唐詩紀事曰長卿以詩馳聲上元
寶應間皇甫湜云詩未有劉長卿一句已乎
宋玉爲老兵矣髙仲武云長卿有吏幹而犯
上兩度遷謫皆自取之詩體雖不新竒甚能
飾鍊大抵十首以上語意稍同於落句尤甚
此其短也然春風吳草古木剡山深沙鷗
驚小吏明月上髙枝又細雨濕衣看不見開
花落地聽無聲截長補短蓋玉徽之類與又
得罪風霜苦全生天地仁傷而不怨亦足發
揮風雅矣方回曰長卿詩細淡而不顯煥觀
者緩緩味之不可造次一觀而已通考晁氏
曰詩雖窘於才而能鍛鍊權德輿嘗謂五言","劉隨州詩集卷首
　　傳略【論說附】
劉長卿字文房河間人【集有歸嵩陽舊居逢洛陽鄰人詩蓋家於東都】開元二
十一年登進士第至德中爲監察御史以檢校
祠部貟外郎爲轉運使判官知淮南鄂岳觀察
使吳仲孺誣奏貶潘州南巴尉【在大曆中仲孺奏犯贓廿萬貫朝遣御史苗伾
就推得白】會有爲之辨者除睦州司馬終隨州刺史
【新舊唐書無傳見藝文志注】
宋計敏夫唐詩紀事曰長卿以詩馳聲上元
寶應間皇甫湜云詩未有劉長卿一句已乎
宋玉爲老兵矣髙仲武云長卿有吏幹而犯
上兩度遷謫皆自取之詩體雖不新竒甚能
飾鍊大抵十首以上語意稍同於落句尤甚
此其短也然春風吳草古木剡山深沙鷗
驚小吏明月上髙枝又細雨濕衣看不見開
花落地聽無聲截長補短蓋玉徽之類與又
得罪風霜苦全生天地仁傷而不怨亦足發
揮風雅矣方回曰長卿詩細淡而不顯煥觀
者緩緩味之不可造次一觀而已通考晁氏
曰詩雖窘於才而能鍛鍊權德輿嘗謂五言",待标注,"{""行款"":""半页18行，行17字""}",,
272,272.jpg,272.jpg,一期,一期,"所從他時相憶處惆悵西南峯
奉送從兄罷官之淮南
何事浮溟渤元戎棄莫邪漁竿吾道在鷗鳥世
情賒玄髪他鄉換滄洲此路遐泝㳂隨桂檝醒
醉任松華離別誰堪道艱危更可嗟兵鎗搖海
內王命隔天涯鍾漏移長樂衣冠接永嘉還當
拂氛祲那復臥雲霞溪路漫岡轉夕陽歸鳥斜
萬艘江縣郭一樹海人家揮袂看朱紱楊帆指
白沙春風獨回首愁思極如麻
落第贈楊侍御兼拜員外仍充安判
職副旌旄重才兼識量通使車遙肅物邊策遠
和戎擲地金聲著從軍寶劍雄官成稽古力名
逺濟時功肅穆烏臺上雍容粉署中含烟初待
漏持簡舊生風黠吏偏驚隼貪夫輙避騘但知
榮已隔誰謂道仍同念舊追連茹謀生任轉蓬
泣憐三獻玉瘡懼再傷弓戀土函關外瞻塵灞
水東他時書一札猶異問途窮
貶南巴至鄱陽獻李嘉祐江亭【作二十句】
巴嶠南行逺長江萬里隨不才甘謫去流水亦","所從他時相憶處惆悵西南峯
奉送從兄罷官之淮南
何事浮溟渤元戎棄莫邪漁竿吾道在鷗鳥世
情賒玄髪他鄉換滄洲此路遐泝㳂隨桂檝醒
醉任松華離別誰堪道艱危更可嗟兵鎗搖海
內王命隔天涯鍾漏移長樂衣冠接永嘉還當
拂氛祲那復臥雲霞溪路漫岡轉夕陽歸鳥斜
萬艘江縣郭一樹海人家揮袂看朱紱楊帆指
白沙春風獨回首愁思極如麻
落第贈楊侍御兼拜員外仍充安判
職副旌旄重才兼識量通使車遙肅物邊策遠
和戎擲地金聲著從軍寶劍雄官成稽古力名
逺濟時功肅穆烏臺上雍容粉署中含烟初待
漏持簡舊生風黠吏偏驚隼貪夫輙避騘但知
榮已隔誰謂道仍同念舊追連茹謀生任轉蓬
泣憐三獻玉瘡懼再傷弓戀土函關外瞻塵灞
水東他時書一札猶異問途窮
貶南巴至鄱陽獻李嘉祐江亭【作二十句】
巴嶠南行逺長江萬里隨不才甘謫去流水亦",待标注,"{""行款"":""半页18行，行18字""}",,
273,273.jpg,273.jpg,一期,一期,"金醆【一作盌】夷歌捧玉盤草輕【一作肥】蕃馬健雪重拂廬乾慎爾
參籌畫從茲正羽翰歸來權可取九萬一朝搏
月
天上秋期近人間月影清入河蟾不沒擣藥兔長生只
益丹心苦能添白髮明干戈知滿地【一作道】休照國西營
留別賈【至】嚴【武】二閣老兩院補缺【得云字一作兩院遺補諸公得聞字】
田園須暫往【一作住】戎馬惜離群去遠留詩別愁多任酒醺
一秋常苦雨今日始無雲山路時【一作晴】吹角【一作笛】那堪處處
聞
晩行口號
三川不可到歸路晚山稠落雁浮寒水飢鳥集戍樓市
朝今日異喪亂幾時休遠媿梁江總還家尚黑頭
獨酌成詩
燈花何太喜酒綠【一作色】正相親醉裏從爲客詩成覺有神
兵戈猶在眼儒術豈謀身共【一作苦】被微官縛低頭媿野人
行次昭陵【唐太宗昭陵在醴泉縣九峻山西北時甫詔許之鄜州視家道里所經】
舊俗疲庸主羣雄問獨夫識歸龍鳳質威定虎狼都天
屬尊堯典【唐高祖諡神堯以其傳位如讓禪也】神功協禹謨風雲隨絕【一作逸】足日月
繼【一作享】髙衢文物多師古朝廷半老儒直詞寜戮辱賢路
不崎嶇往者災猶降蒼生喘未蘇指麾安率土盜滌撫
洪爐壯士悲陵邑幽人拜鼎湖玉衣晨自舉鐵【一作石】馬汗
常趨【潼關九戰賊兵時見黃旗軍掠陣是日奏昭陵前石人馬俱流汗】松柏瞻虛【一作靈】殿塵沙立暝【一作暗】","金醆【一作盌】夷歌捧玉盤草輕【一作肥】蕃馬健雪重拂廬乾慎爾
參籌畫從茲正羽翰歸來權可取九萬一朝搏
月
天上秋期近人間月影清入河蟾不沒擣藥兔長生只
益丹心苦能添白髮明干戈知滿地【一作道】休照國西營
留別賈【至】嚴【武】二閣老兩院補缺【得云字一作兩院遺補諸公得聞字】
田園須暫往【一作住】戎馬惜離群去遠留詩別愁多任酒醺
一秋常苦雨今日始無雲山路時【一作晴】吹角【一作笛】那堪處處
聞
晩行口號
三川不可到歸路晚山稠落雁浮寒水飢鳥集戍樓市
朝今日異喪亂幾時休遠媿梁江總還家尚黑頭
獨酌成詩
燈花何太喜酒綠【一作色】正相親醉裏從爲客詩成覺有神
兵戈猶在眼儒術豈謀身共【一作苦】被微官縛低頭媿野人
行次昭陵【唐太宗昭陵在醴泉縣九峻山西北時甫詔許之鄜州視家道里所經】
舊俗疲庸主羣雄問獨夫識歸龍鳳質威定虎狼都天
屬尊堯典【唐高祖諡神堯以其傳位如讓禪也】神功協禹謨風雲隨絕【一作逸】足日月
繼【一作享】髙衢文物多師古朝廷半老儒直詞寜戮辱賢路
不崎嶇往者災猶降蒼生喘未蘇指麾安率土盜滌撫
洪爐壯士悲陵邑幽人拜鼎湖玉衣晨自舉鐵【一作石】馬汗
常趨【潼關九戰賊兵時見黃旗軍掠陣是日奏昭陵前石人馬俱流汗】松柏瞻虛【一作靈】殿塵沙立暝【一作暗】",待标注,"{""行款"":""半页9行，行25字""}",,
274,274.jpg,274.jpg,一期,一期,"而論次唐人之詩
者輙執初盛中晩
岐分疆陌而抑揚
軒輊之過甚此皆
後人強爲之名非
通論也自昔唐人
選唐詩有殷璠元
結令狐楚姚合數","而論次唐人之詩
者輙執初盛中晩
岐分疆陌而抑揚
軒輊之過甚此皆
後人強爲之名非
通論也自昔唐人
選唐詩有殷璠元
結令狐楚姚合數",待标注,"{""行款"":""半页4行，行7字""}",,
275,275.jpg,275.jpg,一期,一期,"全唐詩
樂府雜曲
　鼓吹曲辭【漢有朱鷺等二十二曲列於鼓吹謂之鐃歌魏使繆襲改其十二曲而十曲竝仍舊名是時吳亦使韋昭改製十二曲其十曲
亦因之晉傅玄製二十二曲惟二曲之名不改舊漢宋齊並用漢曲又充庭十六曲梁高祖乃去其四留其十二北齊二十曲皆改古名後周革前代鼓吹制為十
五曲隋制列鼓吹為四部唐則又增為五部部各有曲】
朱鷺【張籍】
翩翩兮朱鷺來汎【一作浴】春塘棲綠樹羽毛如翦色如染遙
飛欲下雙翅斂避人引子入深漸動處水紋開灩灩誰
知豪家網爾無不如飲啄江海隅
艾如張【李賀】
錦襜褕繡襠襦強強【集無下強字】飲啄哺爾雛隴東臥穟滿風
雨莫信【一作逐】龍媒隴西去齊人【一作入】織網如素空張在野春
【集作田】平碧中網絲漠漠無形影誤爾觸之傷首紅艾葉綠
花誰翦刻中藏禍機不可測
上之囘【盧照鄰】
囘中道路險蕭關烽候多五營屯北地萬乘出西河軍
于拜玉璽天子按琱戈振旅汾川曲秋風橫大歡
同前【李白】
三十六雜宮樓臺與天通閣道步行月美人愁煙空恩
疎寵不及桃李傷春風淫樂意何極金輿向囘中萬乘
出黃道千旗揚彩虹前軍細柳北後騎甘泉東豈問渭
川老寧邀襄野童秋暮【一作但慕】瑶池宴歸來樂未窮","全唐詩
樂府雜曲
　鼓吹曲辭【漢有朱鷺等二十二曲列於鼓吹謂之鐃歌魏使繆襲改其十二曲而十曲竝仍舊名是時吳亦使韋昭改製十二曲其十曲
亦因之晉傅玄製二十二曲惟二曲之名不改舊漢宋齊並用漢曲又充庭十六曲梁高祖乃去其四留其十二北齊二十曲皆改古名後周革前代鼓吹制為十
五曲隋制列鼓吹為四部唐則又增為五部部各有曲】
朱鷺【張籍】
翩翩兮朱鷺來汎【一作浴】春塘棲綠樹羽毛如翦色如染遙
飛欲下雙翅斂避人引子入深漸動處水紋開灩灩誰
知豪家網爾無不如飲啄江海隅
艾如張【李賀】
錦襜褕繡襠襦強強【集無下強字】飲啄哺爾雛隴東臥穟滿風
雨莫信【一作逐】龍媒隴西去齊人【一作入】織網如素空張在野春
【集作田】平碧中網絲漠漠無形影誤爾觸之傷首紅艾葉綠
花誰翦刻中藏禍機不可測
上之囘【盧照鄰】
囘中道路險蕭關烽候多五營屯北地萬乘出西河軍
于拜玉璽天子按琱戈振旅汾川曲秋風橫大歡
同前【李白】
三十六雜宮樓臺與天通閣道步行月美人愁煙空恩
疎寵不及桃李傷春風淫樂意何極金輿向囘中萬乘
出黃道千旗揚彩虹前軍細柳北後騎甘泉東豈問渭
川老寧邀襄野童秋暮【一作但慕】瑶池宴歸來樂未窮",待标注,"{""行款"":""半页8行，行21字""}",,
276,276.jpg,276.jpg,一期,一期,"行水金鑑　　　　　　　　　　　　　　　卷第九十一
中憲大夫分巡淮揚等處地方兼理漕運海防河道鹽法屯甲事務江南提則督理糧儲司徒左丞纂傳漢錄
運河水
黑水西河唯雍州　浮于積石至于龍門西河會于渭
汭【禹貢】
龍門之河在冀州西積石山在金城西南河所經也
沿河順流而北千里而東千里而南龍門山在河東
之西界水北曰汭【孔氏傳】
河在雍州之東而謂之西河者龍門之河在冀州西
界故王制曰自東河至於西河千里而近是河相對
而爲東西也地理志云積石山在金城河關縣西南
羌中龍門山在馮翊夏陽縣北毛詩傳口汭水涯也
鄭云汭之言內也蓋以人皆南面望水則北爲汭也
且涇水南入渭而名爲渭汭知水北曰汭【孔氏疏漢河關縣在今陜西
西寧衛西南塞外夏陽今西安府之韓城縣也積石龍門見前】
雍州西盡黑水東界西河貢道自積石乗河而下其
東出於渭水凡有二河皆會西河【書古文訓】
河自積石東北流至中國折而南至華隂又折而東
至大伾又折而北至冀州帝都界於三河之間故王
制曰自恆山至于南河千里而近自東河至于西河
十里而近其曰東曰西曰南皆自冀州而言之也濟","行水金鑑　　　　　　　　　　　　　　　卷第九十一
中憲大夫分巡淮揚等處地方兼理漕運海防河道鹽法屯甲事務江南提則督理糧儲司徒左丞纂傳漢錄
運河水
黑水西河唯雍州　浮于積石至于龍門西河會于渭
汭【禹貢】
龍門之河在冀州西積石山在金城西南河所經也
沿河順流而北千里而東千里而南龍門山在河東
之西界水北曰汭【孔氏傳】
河在雍州之東而謂之西河者龍門之河在冀州西
界故王制曰自東河至於西河千里而近是河相對
而爲東西也地理志云積石山在金城河關縣西南
羌中龍門山在馮翊夏陽縣北毛詩傳口汭水涯也
鄭云汭之言內也蓋以人皆南面望水則北爲汭也
且涇水南入渭而名爲渭汭知水北曰汭【孔氏疏漢河關縣在今陜西
西寧衛西南塞外夏陽今西安府之韓城縣也積石龍門見前】
雍州西盡黑水東界西河貢道自積石乗河而下其
東出於渭水凡有二河皆會西河【書古文訓】
河自積石東北流至中國折而南至華隂又折而東
至大伾又折而北至冀州帝都界於三河之間故王
制曰自恆山至于南河千里而近自東河至于西河
十里而近其曰東曰西曰南皆自冀州而言之也濟",待标注,"{""行款"":""半页9行，行20字""}",,
277,277.jpg,277.jpg,一期,一期,"曰積石之山其下有石門河水冒以西南流是山也
萬物莫不有焉禹貢所謂導河自積石也山在西羌
中司馬彪曰西羌者自析支以西濱於河首左右居
也河水屈而東北流徑於析支之地是爲河曲矣應
劭曰禹貢析支屬雍州在河關之西東去河關千餘
里羌人所居謂之河曲羌也東北逕歴敦煌酒泉張
掖南地理風俗記曰敦煌酒泉其水甘若酒味故也
張掖言張國臂掖以威羌狄【酈注敦煌今肅州西八百里廢沙州衛酒泉今肅州衛張掖今甘州衛】
又東自河曲逕西海郡南【水經】
漢平帝時王莽秉政欲耀威德以服逺方諷羌獻西
海之地置西海郡築五縣周海亭燧相望莽簒政紛
亂郡亦多廢【酈注曰漢志金城臨羌縣西北塞外有僊海鹽池古音西與僊同僊海即西海也一名卑禾羌海亦曰青海又曰鮮水海
趙充國請治湟陋以西道橋令可至鮮水左右王莽誘塞外羌獻鮮水海允谷鹽池是也郡治龍夷城在臨羌新縣西三百十里元和志云鄯州西至西海三
百七十里龍夷城即今西三百五十里威戎城也今爲西單衛西塞外地臨羌故城在衛西二百八十里治#河向見錐指後倣止】
又東逕允川而歴大榆小榆谷北【水經】
羌迷唐鍾存所居也永元五年貫友代聶尚爲護羌
校尉攻迷唐斬獲八百餘級收其熟麥數萬斛於逢
留河上築城以盛麥其作大船於河峽作橋渡兵迷
唐遂逺依河曲永元八年迷唐復與鍾存東寇而還
十年謁者王信耿譚西擊迷唐降之詔聽還大小榆
谷迷唐種人以漢造河橋兵來無時故地不可居復
叛居河曲與羌爲讎種人與官兵擊之允川去迷唐","曰積石之山其下有石門河水冒以西南流是山也
萬物莫不有焉禹貢所謂導河自積石也山在西羌
中司馬彪曰西羌者自析支以西濱於河首左右居
也河水屈而東北流徑於析支之地是爲河曲矣應
劭曰禹貢析支屬雍州在河關之西東去河關千餘
里羌人所居謂之河曲羌也東北逕歴敦煌酒泉張
掖南地理風俗記曰敦煌酒泉其水甘若酒味故也
張掖言張國臂掖以威羌狄【酈注敦煌今肅州西八百里廢沙州衛酒泉今肅州衛張掖今甘州衛】
又東自河曲逕西海郡南【水經】
漢平帝時王莽秉政欲耀威德以服逺方諷羌獻西
海之地置西海郡築五縣周海亭燧相望莽簒政紛
亂郡亦多廢【酈注曰漢志金城臨羌縣西北塞外有僊海鹽池古音西與僊同僊海即西海也一名卑禾羌海亦曰青海又曰鮮水海
趙充國請治湟陋以西道橋令可至鮮水左右王莽誘塞外羌獻鮮水海允谷鹽池是也郡治龍夷城在臨羌新縣西三百十里元和志云鄯州西至西海三
百七十里龍夷城即今西三百五十里威戎城也今爲西單衛西塞外地臨羌故城在衛西二百八十里治#河向見錐指後倣止】
又東逕允川而歴大榆小榆谷北【水經】
羌迷唐鍾存所居也永元五年貫友代聶尚爲護羌
校尉攻迷唐斬獲八百餘級收其熟麥數萬斛於逢
留河上築城以盛麥其作大船於河峽作橋渡兵迷
唐遂逺依河曲永元八年迷唐復與鍾存東寇而還
十年謁者王信耿譚西擊迷唐降之詔聽還大小榆
谷迷唐種人以漢造河橋兵來無時故地不可居復
叛居河曲與羌爲讎種人與官兵擊之允川去迷唐",待标注,"{""行款"":""半页22行，行20字""}",,
278,278.jpg,278.jpg,一期,一期,"漢縣屬隴西郡志云積石山在西南河水出此禹貢
之積石也段頴傳自張掖追西羌且闢且行四十餘
日至河首積石山出塞二千餘里唐書侯君集等追
吐谷渾王伏允至星宿川又達柏海北望積石山觀
河源之所出是皆河關縣西南羌中之積石自隋大
業二年平吐谷渾於赤水域置河源郡以境有積石
山名唐儀鳳二年改置河源軍在鄯州西百二十里
【鄯州即西平郡治湟水縣今爲西寧衛治】又於澆河故城置積石軍在廓州西南
百五十里【廓州治化成縣其故城在今西寧衛南百八十里元和志云積石軍西縣大澗北蘇黃河即隋澆河郡所治】而積石
之名遂移於塞內杜氏通典云積石山在今西平郡
龍支縣南即禹貢導河積石蔡傳承其誤曰地志積
石在金城郡河關縣西南羌中今鄯州龍支縣界也
閻百詩爲之辯曰漢河關縣宣帝神爵二年置後梁
呂光龍飛二年克河關凡四百五十七年爲郡縣後
沒入吐谷渾遂不復況積石又在其西南羌中乎當
在漢西海郡之外是真當日大禹導河處龍支縣近
在今西寧衞東南八十里本漢金城允吾【音鉛牙】縣地後
漢爲龍耆【音支】城元和志積石山在龍支縣西九十八
里南與河州枹【音孚】罕縣分界枹罕今臨洮府之河州
積石山在州西北七十里積石關則又在西北百二
十里所謂兩山如削河流經其中是較禹所導之積
石河隔千有餘里豈在其縣界者乎縣界之積石乃","漢縣屬隴西郡志云積石山在西南河水出此禹貢
之積石也段頴傳自張掖追西羌且闢且行四十餘
日至河首積石山出塞二千餘里唐書侯君集等追
吐谷渾王伏允至星宿川又達柏海北望積石山觀
河源之所出是皆河關縣西南羌中之積石自隋大
業二年平吐谷渾於赤水域置河源郡以境有積石
山名唐儀鳳二年改置河源軍在鄯州西百二十里
【鄯州即西平郡治湟水縣今爲西寧衛治】又於澆河故城置積石軍在廓州西南
百五十里【廓州治化成縣其故城在今西寧衛南百八十里元和志云積石軍西縣大澗北蘇黃河即隋澆河郡所治】而積石
之名遂移於塞內杜氏通典云積石山在今西平郡
龍支縣南即禹貢導河積石蔡傳承其誤曰地志積
石在金城郡河關縣西南羌中今鄯州龍支縣界也
閻百詩爲之辯曰漢河關縣宣帝神爵二年置後梁
呂光龍飛二年克河關凡四百五十七年爲郡縣後
沒入吐谷渾遂不復況積石又在其西南羌中乎當
在漢西海郡之外是真當日大禹導河處龍支縣近
在今西寧衞東南八十里本漢金城允吾【音鉛牙】縣地後
漢爲龍耆【音支】城元和志積石山在龍支縣西九十八
里南與河州枹【音孚】罕縣分界枹罕今臨洮府之河州
積石山在州西北七十里積石關則又在西北百二
十里所謂兩山如削河流經其中是較禹所導之積
石河隔千有餘里豈在其縣界者乎縣界之積石乃",待标注,"{""行款"":""半页22行，行20字""}",,
279,279.jpg,279.jpg,一期,一期,"孟冬月杪師薄於城降旛夕豎逆駭縱橫林野塗腦郵
驛遞顱滇人歌舞子屋于衢【十章】
夜半捷來天心惻楚閔憐下氓罹此荼苦我將我師
於野暴露布惠醻功急疾如火【十一章】
於廟于郊其儀孔熾華俎腯牲永言昭事都人士
女白#黃童歡呀噎笑祝我聖躬【十二章】
帝曰歸來子開明堂制禮興樂登賢拔良民養無告施
厚仁#熙我庶績綱舉目張永萬斯年率由不忘【十三章】
滇池十三章十章章八句二章章九句一章十
句
北征大捷功威振旅凱歌二十首【并序】
日者
皇上北顧邊陲永惟戡定　聖心獨斷決策親征羣臣
震悚表請遣命將士毋煩　車駕逺行蒙詔旨開喻
弗允【臣】廷欵伏念
皇上爲天下勤勞歷涉沙磧躬蒞戰陣而臣下晏然安
處其何以自寧於時陛下宮門奏乞扈從蒙天心矜
憐謂【臣】年力就衰恩旨下頒【臣】恭聽之頃不覺涕零
伏念【臣】以衰薄不克備戎行效職役今者天戈一指
兇醜破滅朝至暮捷功成漏刻敷天率土罔不惟所【臣】
受　恩髙厚無所報稱惟撰述文句以導揚盛徳於
萬一而【臣】愧非共才惶恐踰時復不能自己【臣】伏見","孟冬月杪師薄於城降旛夕豎逆駭縱橫林野塗腦郵
驛遞顱滇人歌舞子屋于衢【十章】
夜半捷來天心惻楚閔憐下氓罹此荼苦我將我師
於野暴露布惠醻功急疾如火【十一章】
於廟于郊其儀孔熾華俎腯牲永言昭事都人士
女白#黃童歡呀噎笑祝我聖躬【十二章】
帝曰歸來子開明堂制禮興樂登賢拔良民養無告施
厚仁#熙我庶績綱舉目張永萬斯年率由不忘【十三章】
滇池十三章十章章八句二章章九句一章十
句
北征大捷功威振旅凱歌二十首【并序】
日者
皇上北顧邊陲永惟戡定　聖心獨斷決策親征羣臣
震悚表請遣命將士毋煩　車駕逺行蒙詔旨開喻
弗允【臣】廷欵伏念
皇上爲天下勤勞歷涉沙磧躬蒞戰陣而臣下晏然安
處其何以自寧於時陛下宮門奏乞扈從蒙天心矜
憐謂【臣】年力就衰恩旨下頒【臣】恭聽之頃不覺涕零
伏念【臣】以衰薄不克備戎行效職役今者天戈一指
兇醜破滅朝至暮捷功成漏刻敷天率土罔不惟所【臣】
受　恩髙厚無所報稱惟撰述文句以導揚盛徳於
萬一而【臣】愧非共才惶恐踰時復不能自己【臣】伏見",待标注,"{""行款"":""半页19行，行24字""}",,
280,280.jpg,280.jpg,一期,一期,"午亭文編卷四                門人侯官林佶輯錄
古體詩
春遊摩訶菴三首
微雲如媌娥峰嶺立鱗次幽尋即郊野山逺已愜意落
花委清晨疎雨溼宿翠繫馬栁隂斜尋僧殿廬閟松風
吹冷院憩寂吾所嗜
涉徑憐青蕪尋花悵細芳覽遼登故墟裴回感今昨荒
庭步野鸛廢谿委石玃參參悲風鳴觀身轉靡託聲聞
自狹劣即事動心魄
娟娟西軒竹生此祗樹林疎磬度寒翠時聞天籟音頗
覺衆縁盡泠然清客心落景下遠堞孤霞斂夕岑囘鞭
拂瞑色歎彼歸巢禽
施愚山見寄長歌和荅
闌珊夜雨雞鳴號關山夢囘心魂勞我所懐思渺天末
凉風一起秋蕭條美人昔贈相逢篇吳綃三尺森瓊瑤
今晨曉窓坐展翫我欲報之情鬱陶憶昔相逢客京輦
城南華徑紛招要酒酣惆悵秋燈紅羨我鬢髮漆黑同
即今倐忽別四載頭上已有霜枯蓬眼前諸子幾人在
浮雲溝水馳西東萬事囘頭淚沾臆人生朝露誰能必
楚澤難招宋玉魂緱山不返王喬舄【拍荔裳西樵】二子歌詞自
絶塵聲華爛熳今何益男兒七尺良可哀生存華屋終
黃埃儒術用世行已矣浮名寂寞何爲哉不如放意逰","午亭文編卷四                門人侯官林佶輯錄
古體詩
春遊摩訶菴三首
微雲如媌娥峰嶺立鱗次幽尋即郊野山逺已愜意落
花委清晨疎雨溼宿翠繫馬栁隂斜尋僧殿廬閟松風
吹冷院憩寂吾所嗜
涉徑憐青蕪尋花悵細芳覽遼登故墟裴回感今昨荒
庭步野鸛廢谿委石玃參參悲風鳴觀身轉靡託聲聞
自狹劣即事動心魄
娟娟西軒竹生此祗樹林疎磬度寒翠時聞天籟音頗
覺衆縁盡泠然清客心落景下遠堞孤霞斂夕岑囘鞭
拂瞑色歎彼歸巢禽
施愚山見寄長歌和荅
闌珊夜雨雞鳴號關山夢囘心魂勞我所懐思渺天末
凉風一起秋蕭條美人昔贈相逢篇吳綃三尺森瓊瑤
今晨曉窓坐展翫我欲報之情鬱陶憶昔相逢客京輦
城南華徑紛招要酒酣惆悵秋燈紅羨我鬢髮漆黑同
即今倐忽別四載頭上已有霜枯蓬眼前諸子幾人在
浮雲溝水馳西東萬事囘頭淚沾臆人生朝露誰能必
楚澤難招宋玉魂緱山不返王喬舄【拍荔裳西樵】二子歌詞自
絶塵聲華爛熳今何益男兒七尺良可哀生存華屋終
黃埃儒術用世行已矣浮名寂寞何爲哉不如放意逰",待标注,"{""行款"":""半页16行，行21字""}",,
281,281.jpg,281.jpg,一期,一期,"蕩羈情殘陽窘野步禁錀下急符昏鴉屢相卦及茲頗
放浪悲樂亦更互且復遠吏舍無妨日歌呼
　　爲王黃麋結事題戴蒼五君圖
黃門逸氣空雲煙翰林風度豪且妍【舟次】眼中兩人吾所
賢餘子意態皆翩翩摩挲乆視心茫然羣㳺憶昔城南
園禹生畫我黃門間蚤衰影入秋毫顛我爲生誦蘇公
篇潞州別駕電目懸浩然吟詩肩聳山饑寒富貴雲在
天髣髴圖畫空流傳人生是幻繭自纏童牙華髮俱可
憐不見戴蒼寫真年黃門顔色得似前
和子瞻飲酒四首
市朝遍相欺幽獨娛吾真自非飲者流百感危其身蕭
然杯觴進琬爾顔頰新指口但此物掉頭謝時人
我生命在天舉杯屬雲漢疇能卻老病聊用緩憂患幻
影悉破除風霜一銷散夜長忽復醒愁來每投間
少寐甘獨眠枯腸輟夜茗嘐嘐晨雞鳴鿃鿃鰥魚醒今
來紅塵中頗涉黑甜境所幸肺病蘇一杯還酩酊
梅蕊忽在眼蕉葉時霑唇自識瓦頭味不穀梨花春英
英林開府此事功莫鄰空傳梅麓翁白首爲波神【林開府家有瓮
頭春酒世傳河督朱公爲河神】
夢松歌寄素心
前年百鶴阡種松宿山家去年客京洛兩見寒梅華松
小隔止隴人老長天涯我生一飄蓬翻如繫匏瓜夜夢","蕩羈情殘陽窘野步禁錀下急符昏鴉屢相卦及茲頗
放浪悲樂亦更互且復遠吏舍無妨日歌呼
　　爲王黃麋結事題戴蒼五君圖
黃門逸氣空雲煙翰林風度豪且妍【舟次】眼中兩人吾所
賢餘子意態皆翩翩摩挲乆視心茫然羣㳺憶昔城南
園禹生畫我黃門間蚤衰影入秋毫顛我爲生誦蘇公
篇潞州別駕電目懸浩然吟詩肩聳山饑寒富貴雲在
天髣髴圖畫空流傳人生是幻繭自纏童牙華髮俱可
憐不見戴蒼寫真年黃門顔色得似前
和子瞻飲酒四首
市朝遍相欺幽獨娛吾真自非飲者流百感危其身蕭
然杯觴進琬爾顔頰新指口但此物掉頭謝時人
我生命在天舉杯屬雲漢疇能卻老病聊用緩憂患幻
影悉破除風霜一銷散夜長忽復醒愁來每投間
少寐甘獨眠枯腸輟夜茗嘐嘐晨雞鳴鿃鿃鰥魚醒今
來紅塵中頗涉黑甜境所幸肺病蘇一杯還酩酊
梅蕊忽在眼蕉葉時霑唇自識瓦頭味不穀梨花春英
英林開府此事功莫鄰空傳梅麓翁白首爲波神【林開府家有瓮
頭春酒世傳河督朱公爲河神】
夢松歌寄素心
前年百鶴阡種松宿山家去年客京洛兩見寒梅華松
小隔止隴人老長天涯我生一飄蓬翻如繫匏瓜夜夢",待标注,"{""行款"":""半页19行，行21字""}",,
282,282.jpg,282.jpg,一期,一期,"【夫無爲之道○本至虛耳○然所以之適衆有○雖天地之大○民物之廣○無所不遍○愈用
而愈不窮○物有滿而道未嘗滿○物自道而道未嘗物○淵乎似萬物之宗也○人莫
不有道○惟聖人能全之○何以全之○挫其銳恐其入於妄也○解其紛○恐其與物搆
也○不入於妄○不與物搆○則汚渘去而光生焉○然茍自曜其光○則是有心以立異
於衆矣○故和其光○以至潔之光○應至雜之壅○而無所不同○豈棄萬物而爲道哉○
道如是而後全○則湛然至清而常存矣○雖存而人莫之識○故曰似或存○道雖存○
而終莫得而名○故曰不知其誰之子○然又不可謂無也○故曰○此其似帝之先乎○帝
者○生物之主○群化皆處其後者也○而道又先於帝○則莫或先之者矣○】
第五章
天地不仁以萬物爲芻狗聖人不仁以百
姓爲芻狗【芻狗者○結草爲狗○用之祭祀○祭畢則棄之乃○最無容心之物也○】
天地之間其猶橐籥乎【橐籥者○鑄冶所用致風之器也○橐者○
外之櫝○所以受籥也○籥者○內之管○所以鼓橐也】虗而不屈動而愈
此【惟其空虗而無屈竭之時○是以動盪而有引伸之妙○】多言數窮不
如守中【中者○不偏不倚之謂○即道也○】
【夫道冥於帝之先○而不知所從出○故聖人爲無爲而無不治○功成而不居○又豈】","【夫無爲之道○本至虛耳○然所以之適衆有○雖天地之大○民物之廣○無所不遍○愈用
而愈不窮○物有滿而道未嘗滿○物自道而道未嘗物○淵乎似萬物之宗也○人莫
不有道○惟聖人能全之○何以全之○挫其銳恐其入於妄也○解其紛○恐其與物搆
也○不入於妄○不與物搆○則汚渘去而光生焉○然茍自曜其光○則是有心以立異
於衆矣○故和其光○以至潔之光○應至雜之壅○而無所不同○豈棄萬物而爲道哉○
道如是而後全○則湛然至清而常存矣○雖存而人莫之識○故曰似或存○道雖存○
而終莫得而名○故曰不知其誰之子○然又不可謂無也○故曰○此其似帝之先乎○帝
者○生物之主○群化皆處其後者也○而道又先於帝○則莫或先之者矣○】
第五章
天地不仁以萬物爲芻狗聖人不仁以百
姓爲芻狗【芻狗者○結草爲狗○用之祭祀○祭畢則棄之乃○最無容心之物也○】
天地之間其猶橐籥乎【橐籥者○鑄冶所用致風之器也○橐者○
外之櫝○所以受籥也○籥者○內之管○所以鼓橐也】虗而不屈動而愈
此【惟其空虗而無屈竭之時○是以動盪而有引伸之妙○】多言數窮不
如守中【中者○不偏不倚之謂○即道也○】
【夫道冥於帝之先○而不知所從出○故聖人爲無爲而無不治○功成而不居○又豈】",待标注,"{""行款"":""半页13行，行35字""}",,
283,283.jpg,283.jpg,一期,一期,"【人必惡之○形贅人必醜之○】
【夫聖人從事於自然○而不自見○不自是○不自伐○不自矜者○蓋亦睹夫爭者之害
也○夫人未有不能立且行者也○茍以立爲未足○而加之以跂○以行爲未足○而加
之以跨○未有不喪失其行立者○彼其道自見○自是○自伐○自矜者○亦若是矣○其爲道
也○爲餘食贅行而已○夫俗人皆嗜之○而吾優取焉○是餘食也○性本無是○而時侈
之○是贅行也○餘食贅行○物或惡之○故宜有道者之不處也○】
第二十五章
有物混成先天地生【妙理常存○故曰有物○萬道不懈分○故曰混
成○道生天地○故曰先天地生○】寂兮寥兮獨立而不改周
行而不殆可以爲天下母吾不知其名字
之曰道【寂○無聲也○寥○無形也○廓然無偶曰獨立○古今常一曰不改○無所不在
曰周行○所在皆通曰不殆○可以爲天下母者○天下萬物之所由生也○不知其名○不可
得而名也○】強爲之名曰大大曰逝逝曰遠遠曰
反【道之爲物○用之則彌滿六合○卷之則莫知其所○大豈足以名之哉○強爲之名而
已○大則徃而無窮○故大曰逝○逝則遠而不禦○故逝曰遠○然而後歸其根○則未始離乎
吾身也○故遠曰反】故道大天太地大王亦大域中","【人必惡之○形贅人必醜之○】
【夫聖人從事於自然○而不自見○不自是○不自伐○不自矜者○蓋亦睹夫爭者之害
也○夫人未有不能立且行者也○茍以立爲未足○而加之以跂○以行爲未足○而加
之以跨○未有不喪失其行立者○彼其道自見○自是○自伐○自矜者○亦若是矣○其爲道
也○爲餘食贅行而已○夫俗人皆嗜之○而吾優取焉○是餘食也○性本無是○而時侈
之○是贅行也○餘食贅行○物或惡之○故宜有道者之不處也○】
第二十五章
有物混成先天地生【妙理常存○故曰有物○萬道不懈分○故曰混
成○道生天地○故曰先天地生○】寂兮寥兮獨立而不改周
行而不殆可以爲天下母吾不知其名字
之曰道【寂○無聲也○寥○無形也○廓然無偶曰獨立○古今常一曰不改○無所不在
曰周行○所在皆通曰不殆○可以爲天下母者○天下萬物之所由生也○不知其名○不可
得而名也○】強爲之名曰大大曰逝逝曰遠遠曰
反【道之爲物○用之則彌滿六合○卷之則莫知其所○大豈足以名之哉○強爲之名而
已○大則徃而無窮○故大曰逝○逝則遠而不禦○故逝曰遠○然而後歸其根○則未始離乎
吾身也○故遠曰反】故道大天太地大王亦大域中",待标注,"{""行款"":""半页6行，行36字""}",,
284,284.jpg,284.jpg,一期,一期,"而異名【兩者○謂有無也○同出於道○而特異其名○】同謂之玄【凡逺
而無所至極者○其色必玄○故以玄字形容道之不可名○】玄之又玄衆
妙之門【玄已至矣○玄之又玄○則玄亦不足以名之矣○故爲衆妙之所從出○
凡天下之道○可以制行者○非真常之道也○凡天下之名○可以立言者○非常道之
名也○故無名之道○渾淪無體○而天地於此始焉○及其有名長養不窮○而萬物於
此生焉○道之有無兼談如此○故得道者○內觀其心○心無其心○外觀其形○形無其
形○是謂常無○蓋慾以察道之微妙焉○至於措之五常○施之百行○無物不有○無時
不然○是謂常有○蓋欲察道之邊際焉○正以有無兩者非判然一物也○同出於
自然之道○而特異其名耳○蓋世有以有爲道者○有以無爲道者○有以非有非無
爲道者○有以亦有亦無爲道者○彼皆分別執著○而不知有無渾融故○有無渾融○
斯謂之玄○然玄亦不足以盡之○而且玄之又玄○是爲衆妙之所從○出而天下之
道○莫有過之者矣○】
第二章
天下皆知美之爲美斯惡已【真美○不可知也○皆知美之
爲美○即非美矣○】皆知善之爲善斯不善已【真善○不可知也○
皆知善之爲善○即非善矣○】故有無相生【天下之物○生於有○有生於無○】","而異名【兩者○謂有無也○同出於道○而特異其名○】同謂之玄【凡逺
而無所至極者○其色必玄○故以玄字形容道之不可名○】玄之又玄衆
妙之門【玄已至矣○玄之又玄○則玄亦不足以名之矣○故爲衆妙之所從出○
凡天下之道○可以制行者○非真常之道也○凡天下之名○可以立言者○非常道之
名也○故無名之道○渾淪無體○而天地於此始焉○及其有名長養不窮○而萬物於
此生焉○道之有無兼談如此○故得道者○內觀其心○心無其心○外觀其形○形無其
形○是謂常無○蓋慾以察道之微妙焉○至於措之五常○施之百行○無物不有○無時
不然○是謂常有○蓋欲察道之邊際焉○正以有無兩者非判然一物也○同出於
自然之道○而特異其名耳○蓋世有以有爲道者○有以無爲道者○有以非有非無
爲道者○有以亦有亦無爲道者○彼皆分別執著○而不知有無渾融故○有無渾融○
斯謂之玄○然玄亦不足以盡之○而且玄之又玄○是爲衆妙之所從○出而天下之
道○莫有過之者矣○】
第二章
天下皆知美之爲美斯惡已【真美○不可知也○皆知美之
爲美○即非美矣○】皆知善之爲善斯不善已【真善○不可知也○
皆知善之爲善○即非善矣○】故有無相生【天下之物○生於有○有生於無○】",待标注,"{""行款"":""半页7行，行35字""}",,
285,285.jpg,285.jpg,一期,一期,"酌以當無道幾牝谷戶牖致有空之用人神終害盈之
黷故至人得之於無心公綽寘之於不欲欽若聖君赫
赫良牧英英巖穴靜而賢舉囹圄空而法平湛虛明而
玄鑒在虛受而澄清無談天之逸藻慙叩寂以求聲
空賦                             【唐】張鳴鶴
造化不測長空浩然生於未有物莫能先故其走目遐
甸幽不可見流聽高冥漸不可聽既從天而共色又鑒
水而同形若乃變化隨時憑予動止韶容春遍火雲夏
起流雷奪目殷雷激耳立繞樹之千巖廣長風之萬里
驚飇既臨彩虹破陰雨盡天遠雲空澗深百尺樓頭見
朝陽之赫奕九重宮裏聞衆鳥之喧林何禹秋之遼迥
之窮冬而不極感在物之捐華益窮人之嘆息惟長空
之愛此終生靈兮動植歌和光以同塵每因空以悟色
至人恬澹既將玄之又玄小智多非豈斯文之果測
明賦【從入至平為韻】            【唐】田沉
夫何明之爲用將燭幽以鑒默故日有朝靈月有宵德
衆星垂耀於穹昊熾火與螢而不息皆能懐獨見之明
破重昏之匿使晨臨者可分於丹素夜視者不謬於南
北蓋所謂明明在上以爲人極者也至如桂花未魄度
吳斂暝幽室何觀空堂靜聽飛落木於軒砌吟暮蟲於
行徑則有銀燭初然蘭膏未罄昭昭耀耀亦何其盛況
乎秦宮曉鑒淄川秋水君子思正其莊容粲兮用修其","酌以當無道幾牝谷戶牖致有空之用人神終害盈之
黷故至人得之於無心公綽寘之於不欲欽若聖君赫
赫良牧英英巖穴靜而賢舉囹圄空而法平湛虛明而
玄鑒在虛受而澄清無談天之逸藻慙叩寂以求聲
空賦                             【唐】張鳴鶴
造化不測長空浩然生於未有物莫能先故其走目遐
甸幽不可見流聽高冥漸不可聽既從天而共色又鑒
水而同形若乃變化隨時憑予動止韶容春遍火雲夏
起流雷奪目殷雷激耳立繞樹之千巖廣長風之萬里
驚飇既臨彩虹破陰雨盡天遠雲空澗深百尺樓頭見
朝陽之赫奕九重宮裏聞衆鳥之喧林何禹秋之遼迥
之窮冬而不極感在物之捐華益窮人之嘆息惟長空
之愛此終生靈兮動植歌和光以同塵每因空以悟色
至人恬澹既將玄之又玄小智多非豈斯文之果測
明賦【從入至平為韻】            【唐】田沉
夫何明之爲用將燭幽以鑒默故日有朝靈月有宵德
衆星垂耀於穹昊熾火與螢而不息皆能懐獨見之明
破重昏之匿使晨臨者可分於丹素夜視者不謬於南
北蓋所謂明明在上以爲人極者也至如桂花未魄度
吳斂暝幽室何觀空堂靜聽飛落木於軒砌吟暮蟲於
行徑則有銀燭初然蘭膏未罄昭昭耀耀亦何其盛況
乎秦宮曉鑒淄川秋水君子思正其莊容粲兮用修其",待标注,"{""行款"":""半页21行，行21字""}",,
286,286.jpg,286.jpg,一期,一期,"御定歴代賦彚卷第六
經筵日講官起居注詹事府詹事兼翰林院侍讀學士加三級【臣】陳元龍奉
旨編緝
天象
明河賦                              【唐】謝偃
月初回於夕陽日夜沒於天網步庭砌以游衍覺雲霄
之杳茫氣象萬殊緬星河而盡列光輝一道羅銀漢之
靈長徒觀其粲孑如磋潔兮如磨明月照而不失其素
飄風驚而匪揚其波莫測其深含天際之四氣莫度其
逺掩人間之衆河及夫嵗入三秋勢直千里度龍駕而
容曳搆鵲橋而迤邐霞妆星靨知婺女之不如雜珮明","御定歴代賦彚卷第六
經筵日講官起居注詹事府詹事兼翰林院侍讀學士加三級【臣】陳元龍奉
旨編緝
天象
明河賦                              【唐】謝偃
月初回於夕陽日夜沒於天網步庭砌以游衍覺雲霄
之杳茫氣象萬殊緬星河而盡列光輝一道羅銀漢之
靈長徒觀其粲孑如磋潔兮如磨明月照而不失其素
飄風驚而匪揚其波莫測其深含天際之四氣莫度其
逺掩人間之衆河及夫嵗入三秋勢直千里度龍駕而
容曳搆鵲橋而迤邐霞妆星靨知婺女之不如雜珮明",待标注,"{""行款"":""半页7行，行21字""}",,
287,287.jpg,287.jpg,一期,一期,"抒寫物情興比不
得並焉故賦之扵
詩功尤爲獨多由
是以來興比不能
單行而賦遂継詩
之後卓然自見扵
世故曰賦者古詩
之流也班固又謂
登高能賦可以爲
大夫言感物造端","抒寫物情興比不
得並焉故賦之扵
詩功尤爲獨多由
是以來興比不能
單行而賦遂継詩
之後卓然自見扵
世故曰賦者古詩
之流也班固又謂
登高能賦可以爲
大夫言感物造端",待标注,"{""行款"":""半页10行，行7字""}",,
288,288.jpg,288.jpg,一期,一期,"領長官司五盤順長官司【元元統二年正月置盤順府至正十五年四月升軍
民安撫司洪武五年三月改爲長官司】椒山瑪瑙長官司五峯石寶長
官司石梁下峒長官司水盡源通塔平長官司【四長
官司俱洪武七年十一月置十四年廢永樂五年復置】木冊長官司【元木冊安撫司明玉
珍改長官司】洪武四年廢永樂四年三月復置屬高羅安撫
司宣德九年六月直隸施州衞鎭南長官司【元宣化鎭南五
路軍民府尋改湖南鎭邊毛嶺峒宣慰司明玉珍改鎭南宣撫司】太祖丙午年二月因
之尋廢洪武八年二月復置屬施州衞二十三年復廢
永樂五年改置直隸施州衞【有酉溪】唐崖長官司【元唐崖軍
民千戶所明玉珍改安撫司】洪武七年四月改長官司後廢永樂四
年三月復置直隸施州衞【南有黔水即清江之上源】
永順軍民宣慰使司【元至元中置永順路後改永順保靖南渭安撫司至大三年四月改
永順等處軍民安撫司至正十一年四月升宣撫司屬四川行省】洪武二年爲州十二
月置永順軍民安撫司六年十二月升軍民宣慰使司
屬湖廣行省尋改屬都司【西南有水溪即酉水之干下流入沅陵縣界】領州三
長官司六東北距布政司二千里南渭州【司酉元屬新添葛蠻
安撫司後廢洪武二年復置改屬】施溶州【司東南元會溪施溶等處長官司屬思州軍民安撫司後
廢洪武二年復置來屬】上溪州【司西洪洪武二年置】臈惹洞長官司麥著
黃洞長官司驢遲洞長官司施溶溪長官司【四長官司
元俱屬思州軍民安撫司洪武三年改屬】白崖洞長官司【元屬新添葛蠻安撫司洪武三年改】","領長官司五盤順長官司【元元統二年正月置盤順府至正十五年四月升軍
民安撫司洪武五年三月改爲長官司】椒山瑪瑙長官司五峯石寶長
官司石梁下峒長官司水盡源通塔平長官司【四長
官司俱洪武七年十一月置十四年廢永樂五年復置】木冊長官司【元木冊安撫司明玉
珍改長官司】洪武四年廢永樂四年三月復置屬高羅安撫
司宣德九年六月直隸施州衞鎭南長官司【元宣化鎭南五
路軍民府尋改湖南鎭邊毛嶺峒宣慰司明玉珍改鎭南宣撫司】太祖丙午年二月因
之尋廢洪武八年二月復置屬施州衞二十三年復廢
永樂五年改置直隸施州衞【有酉溪】唐崖長官司【元唐崖軍
民千戶所明玉珍改安撫司】洪武七年四月改長官司後廢永樂四
年三月復置直隸施州衞【南有黔水即清江之上源】
永順軍民宣慰使司【元至元中置永順路後改永順保靖南渭安撫司至大三年四月改
永順等處軍民安撫司至正十一年四月升宣撫司屬四川行省】洪武二年爲州十二
月置永順軍民安撫司六年十二月升軍民宣慰使司
屬湖廣行省尋改屬都司【西南有水溪即酉水之干下流入沅陵縣界】領州三
長官司六東北距布政司二千里南渭州【司酉元屬新添葛蠻
安撫司後廢洪武二年復置改屬】施溶州【司東南元會溪施溶等處長官司屬思州軍民安撫司後
廢洪武二年復置來屬】上溪州【司西洪洪武二年置】臈惹洞長官司麥著
黃洞長官司驢遲洞長官司施溶溪長官司【四長官司
元俱屬思州軍民安撫司洪武三年改屬】白崖洞長官司【元屬新添葛蠻安撫司洪武三年改】",待标注,"{""行款"":""半页20行，行34字""}",,
289,289.jpg,289.jpg,一期,一期,"在尊經紀事必歸攬史興衰有自七十二君之蹟
何稱法戒攸關二十一史之編具在繼鹹五登三
之治心源不隔於邃初開萬方一統之模典制必
叅諸近世況乎嵗時綿歴載籍叢殘執簡相先合
衆長而始定舍毫能斷昭公道以無私考獻徵文
用備酉山之祕屬辭比事上塵
乙夜之觀欽惟
皇帝陛下
乘六御天
奉三出治
紹庭建極綏湯平正直之猷
典學傳心綜忠敬質文之統
觀人文以化天下鑑物惟公
考禮樂以等百王折衷必當惟茲明史職在儒臣紀
統二百餘年傳世十有六帝創業守成之略卓乎
可觀典章文物之規燦然大備迨乎繼世法弗飭
於廟堂降及末流權或移於閹寺無治人以行治
法既外釁而內訌因災氛以啟宼氛亦文衰而武
弊朝綱不振
八眷既有所歸賊燄方張明祚遂終其運我","在尊經紀事必歸攬史興衰有自七十二君之蹟
何稱法戒攸關二十一史之編具在繼鹹五登三
之治心源不隔於邃初開萬方一統之模典制必
叅諸近世況乎嵗時綿歴載籍叢殘執簡相先合
衆長而始定舍毫能斷昭公道以無私考獻徵文
用備酉山之祕屬辭比事上塵
乙夜之觀欽惟
皇帝陛下
乘六御天
奉三出治
紹庭建極綏湯平正直之猷
典學傳心綜忠敬質文之統
觀人文以化天下鑑物惟公
考禮樂以等百王折衷必當惟茲明史職在儒臣紀
統二百餘年傳世十有六帝創業守成之略卓乎
可觀典章文物之規燦然大備迨乎繼世法弗飭
於廟堂降及末流權或移於閹寺無治人以行治
法既外釁而內訌因災氛以啟宼氛亦文衰而武
弊朝綱不振
八眷既有所歸賊燄方張明祚遂終其運我",待标注,"{""行款"":""半页12行，行19字""}",,
290,290.jpg,290.jpg,一期,一期,"差九秒三十六微折半得四秒六十八微爲況立積差
以汎平積差三十八秒四十微加汎平積一十○分
七二六得一十一分一十二秒爲定差置汎平積差
三十八秒四十微以汎立積差四秒六十八微減之餘
三十三秒七十二微爲實以十二限爲法除之得二秒
八十一微爲平差置汎立積差四秒六十八微爲實
十二限爲法除二次得三微二十五織爲立差
凡求遲疾皆以入曆日乘十二限二十分以在八十四
限已下爲初已上轉減一百六十六限餘爲末各以初
末限乘立差得數以加平差再以初末限乘之得數以
減定差餘以初末限乘之爲遲疾積其初限是從最
遲最疾處順推至後末限是從最遲最疾處逆溯至前
其距最遲疾處同故其積度同【太陰與太陽立法同但太陽以定氣立限故盈
縮異數太陰以平行立限故遲疾同原】
布立成法置立差三微二十五織以六因之得一十
九微五十織爲損益立差置平差二秒八十一微倍
之得五秒六十二微再加損益立差一十九微五十織
共得五秒八十二微爲初限平立合差自此以損益立
差累加之即每限平立合差至八十限下積至二十一
秒四一五爲平立合差之極八十一限下差一秒七八","差九秒三十六微折半得四秒六十八微爲況立積差
以汎平積差三十八秒四十微加汎平積一十○分
七二六得一十一分一十二秒爲定差置汎平積差
三十八秒四十微以汎立積差四秒六十八微減之餘
三十三秒七十二微爲實以十二限爲法除之得二秒
八十一微爲平差置汎立積差四秒六十八微爲實
十二限爲法除二次得三微二十五織爲立差
凡求遲疾皆以入曆日乘十二限二十分以在八十四
限已下爲初已上轉減一百六十六限餘爲末各以初
末限乘立差得數以加平差再以初末限乘之得數以
減定差餘以初末限乘之爲遲疾積其初限是從最
遲最疾處順推至後末限是從最遲最疾處逆溯至前
其距最遲疾處同故其積度同【太陰與太陽立法同但太陽以定氣立限故盈
縮異數太陰以平行立限故遲疾同原】
布立成法置立差三微二十五織以六因之得一十
九微五十織爲損益立差置平差二秒八十一微倍
之得五秒六十二微再加損益立差一十九微五十織
共得五秒八十二微爲初限平立合差自此以損益立
差累加之即每限平立合差至八十限下積至二十一
秒四一五爲平立合差之極八十一限下差一秒七八",待标注,"{""行款"":""半页20行，行21字""}",,
291,291.jpg,291.jpg,一期,一期,"天景命
太祖高皇帝龍興東土創造鴻基肇
　　建八旗以統滿洲䝉古漢軍之
　　衆規模宏遠立極萬世
太宗文皇帝繼緒膺圖遐邇率服輸
　　誠歸附者雲集景從鹹隸旗籍
　　以固根本
世祖章皇帝統一寰宇定鼎京師詳
　　定規制體統嚴明建置周密重
皇祖
皇考德澤涵濡休養訓迪明禮制興
　　學校廣儲蓄典章日益明備葢
　　自開創以來百有餘年","天景命
太祖高皇帝龍興東土創造鴻基肇
　　建八旗以統滿洲䝉古漢軍之
　　衆規模宏遠立極萬世
太宗文皇帝繼緒膺圖遐邇率服輸
　　誠歸附者雲集景從鹹隸旗籍
　　以固根本
世祖章皇帝統一寰宇定鼎京師詳
　　定規制體統嚴明建置周密重
皇祖
皇考德澤涵濡休養訓迪明禮制興
　　學校廣儲蓄典章日益明備葢
　　自開創以來百有餘年",待标注,"{""行款"":""半页10行，行14字""}",,
292,292.jpg,292.jpg,一期,一期,"題補授員外郎其本處旗分官員令該總管將
各旗護軍校驍騎校閒散官員內人去得辦事
好保舉咨送理藩院帶領引
見補授其補授所出本處員缺將各旗筆帖式辦事
好者一併保舉咨送若將筆帖式授爲主事亦
俟三年後將好者保舉咨送具題授爲員外郎
【右俱會典】
漢軍缺除授陞補
國初在內文職漢軍與滿洲並設順治元年以後
乃定大學士尚書左都御史與漢人一同題請
京堂以下則有專設員缺【侍郎學士左副都御史順天府奉天府府
尹光祿寺卿左僉都御史宗人府啓心郎通政使司右通政大理寺少卿光祿寺少卿督捕右
理事官通政使司右叅議及郎中以下等官】其陞轉補授與滿洲同
康熙十二年悉以京堂官歸入漢缺與漢人一
併擬補【惟右通政歸入滿缺】止存內閣侍讀學士郎中等
員雍正五年將郎中等官亦歸入漢缺其除授
陞補之例詳著於篇外職俱與漢人一體遷轉
無庸複載
凡進士順治九年題准除庶吉士外以他赤哈
哈番用若由他赤哈哈番筆帖式哈番中式者","題補授員外郎其本處旗分官員令該總管將
各旗護軍校驍騎校閒散官員內人去得辦事
好保舉咨送理藩院帶領引
見補授其補授所出本處員缺將各旗筆帖式辦事
好者一併保舉咨送若將筆帖式授爲主事亦
俟三年後將好者保舉咨送具題授爲員外郎
【右俱會典】
漢軍缺除授陞補
國初在內文職漢軍與滿洲並設順治元年以後
乃定大學士尚書左都御史與漢人一同題請
京堂以下則有專設員缺【侍郎學士左副都御史順天府奉天府府
尹光祿寺卿左僉都御史宗人府啓心郎通政使司右通政大理寺少卿光祿寺少卿督捕右
理事官通政使司右叅議及郎中以下等官】其陞轉補授與滿洲同
康熙十二年悉以京堂官歸入漢缺與漢人一
併擬補【惟右通政歸入滿缺】止存內閣侍讀學士郎中等
員雍正五年將郎中等官亦歸入漢缺其除授
陞補之例詳著於篇外職俱與漢人一體遷轉
無庸複載
凡進士順治九年題准除庶吉士外以他赤哈
哈番用若由他赤哈哈番筆帖式哈番中式者",待标注,"{""行款"":""半页17行，行18字""}",,
293,293.jpg,293.jpg,一期,一期,"賦得江邊柳【柳作樹】翠色連荒岸【翠作草連作迷】影鋪秋
水靣【影作葉】瀟瀟風雨夜【瀟瀟作蕭蕭】贈鄰女【作寄李億員外
一作寄憐女】羞日遮羅袖【遮作障】渡頭月色沉沉【渡作波】芙
蓉月下魚戱【月作葉】江淹橋映暮帆遲【淹橋作橋掩】聚
散已悲雲不定【悲作愁】送別【作送別二首不重題】秦樓幾夜
愜心期【秦樓作層城】不料仙郎有別離【郎作鄉】
唐女道士魚元機詩集陳氏書録解題載其名
其集則世未專行也癸亥閏餘之月偶得之於
蘭陵繆氏書勵一十二番歴爲諧名家寳蔵古
色古香溢于楮墨真爲竒祕之物此集無別本
可勘遂取家蔵洪邁唐人絶句韋縠才調集選
本證之題句亦多互異葢洪韋本俱宋刊而彼
有不同於此者可知宋時亦非一本烏能執而
同之耶因用別紙條載于後俾讀是書者有所
考焉
嘉慶八年三月望春盡日黃丕烈識","賦得江邊柳【柳作樹】翠色連荒岸【翠作草連作迷】影鋪秋
水靣【影作葉】瀟瀟風雨夜【瀟瀟作蕭蕭】贈鄰女【作寄李億員外
一作寄憐女】羞日遮羅袖【遮作障】渡頭月色沉沉【渡作波】芙
蓉月下魚戱【月作葉】江淹橋映暮帆遲【淹橋作橋掩】聚
散已悲雲不定【悲作愁】送別【作送別二首不重題】秦樓幾夜
愜心期【秦樓作層城】不料仙郎有別離【郎作鄉】
唐女道士魚元機詩集陳氏書録解題載其名
其集則世未專行也癸亥閏餘之月偶得之於
蘭陵繆氏書勵一十二番歴爲諧名家寳蔵古
色古香溢于楮墨真爲竒祕之物此集無別本
可勘遂取家蔵洪邁唐人絶句韋縠才調集選
本證之題句亦多互異葢洪韋本俱宋刊而彼
有不同於此者可知宋時亦非一本烏能執而
同之耶因用別紙條載于後俾讀是書者有所
考焉
嘉慶八年三月望春盡日黃丕烈識",待标注,"{""行款"":""半页8行，行18字""}",,
294,294.jpg,294.jpg,一期,一期,"葉那堪染露塵及至移根上林苑王孫方恨買
無因
酬李學士寄簟
珍簟新鋪翡翠樓泓澄玊水記方流唯應雲扇
情相似同向銀床恨早秋
情書寄李子安【補闕】
飲冰食蘖志無功晉水壺關在夢中秦鏡欲分
愁墮鵲舜琴將弄怨飛鴻井邊桐葉鳴秋兩窻
下銀燈暗曉風書信茫茫何處問持竿盡日碧
江空
閨怨
蘼蕪盈手泣斜暉聞道鄰家夫壻歸別日南鴻
纔北去今朝北雁又南飛春來秋去相思在秋
去春來信息稀扄閉朱門人不到砧聲何事透
幃　　　
春情寄子安
山路欹斜石磴危不愁行苦苦相思冰銷逺磵
憐清韻雪逺寒峯想玉姿莫聽凢歌春病酒休
招閑客夜貪碁如松匪石盟長在北翼連襟會
肯遲雖恨獨行冬盡日終期相見月圓時別君","葉那堪染露塵及至移根上林苑王孫方恨買
無因
酬李學士寄簟
珍簟新鋪翡翠樓泓澄玊水記方流唯應雲扇
情相似同向銀床恨早秋
情書寄李子安【補闕】
飲冰食蘖志無功晉水壺關在夢中秦鏡欲分
愁墮鵲舜琴將弄怨飛鴻井邊桐葉鳴秋兩窻
下銀燈暗曉風書信茫茫何處問持竿盡日碧
江空
閨怨
蘼蕪盈手泣斜暉聞道鄰家夫壻歸別日南鴻
纔北去今朝北雁又南飛春來秋去相思在秋
去春來信息稀扄閉朱門人不到砧聲何事透
幃　　　
春情寄子安
山路欹斜石磴危不愁行苦苦相思冰銷逺磵
憐清韻雪逺寒峯想玉姿莫聽凢歌春病酒休
招閑客夜貪碁如松匪石盟長在北翼連襟會
肯遲雖恨獨行冬盡日終期相見月圓時別君",待标注,"{""行款"":""半页6行，行18字""}",,
295,295.jpg,295.jpg,一期,一期,"嘉慶庚午雲間古倪園沈氏從
吳門士禮居黃氏借本翻行
楊太后宮詞校勘記
比使【原作比使朱校比】未絶【朱校云絶一作歇】庭臺【朱校
云亭臺】天中【朱校云天申】瑤觥【原作揺觥朱校瑤觥】棚頭
【朱校云一作上棚】管絃聲韻一齊喧【朱校云一作宛轉餘
音出紫垣】迎春燕子尾纎纎【此首末朱校云此三首今
刻無名氏】曾爲【朱校云争爲】紫燕【朱校云紫燕一作紫殿】
蘭徑香銷玉輦蹤【此首末墨校云或刻顧濟】輦路","嘉慶庚午雲間古倪園沈氏從
吳門士禮居黃氏借本翻行
楊太后宮詞校勘記
比使【原作比使朱校比】未絶【朱校云絶一作歇】庭臺【朱校
云亭臺】天中【朱校云天申】瑤觥【原作揺觥朱校瑤觥】棚頭
【朱校云一作上棚】管絃聲韻一齊喧【朱校云一作宛轉餘
音出紫垣】迎春燕子尾纎纎【此首末朱校云此三首今
刻無名氏】曾爲【朱校云争爲】紫燕【朱校云紫燕一作紫殿】
蘭徑香銷玉輦蹤【此首末墨校云或刻顧濟】輦路",待标注,"{""行款"":""半页3行，行27字""}",,
296,296.jpg,296.jpg,一期,一期,"【營越三日庚戌大保乃以庶殷攻位於雒體汭越五日甲寅位成正位謂此定宮廟】體
國經野【體猶分也經謂爲之里數鄭司農云營國方九里國中九經九緯左祖右
社面朝後市野則九夫爲井四井爲邑之屬是也】設官分職【鄭司農云置冢
宰司徒宗伯司馬司寇司空各有所職而百事舉】以為民極【極中也令天下
之人各得其中不失其所】乃立天官冢宰使帥其屬而掌
邦治以佐王均邦國【掌主也邦治王所以治邦國也佐猶助也鄭司
農云邦治謂摠六官之職也故大宰職曰掌建邦之六典以佐王治邦國六官皆摠屬於
冢宰故論語曰君薨百官摠己以聽於冢宰言冢宰於百官無所不主爾雅曰冢大也冢
宰大宰也】治官之屬大宰卿一人小宰中大夫二
人宰夫下大夫四人上士八人中士十有六
人旅下士三十有二人【變冢言大進退異名也百官摠焉則謂之
冢列職於王則稱大冢大之上也山頂曰冢旅衆也下士治衆事者自大宰至旅下士轉
相副貳皆王臣也王之卿六命其大夫四命士以三命而下爲差】府六人史
十有二人【府治藏史掌書者凡府史皆其官長所自辟除】胥十有二
人徒百有二十人【此民給徭役者若今衛士矣胥讀如諝謂其有才知
爲什長】","【營越三日庚戌大保乃以庶殷攻位於雒體汭越五日甲寅位成正位謂此定宮廟】體
國經野【體猶分也經謂爲之里數鄭司農云營國方九里國中九經九緯左祖右
社面朝後市野則九夫爲井四井爲邑之屬是也】設官分職【鄭司農云置冢
宰司徒宗伯司馬司寇司空各有所職而百事舉】以為民極【極中也令天下
之人各得其中不失其所】乃立天官冢宰使帥其屬而掌
邦治以佐王均邦國【掌主也邦治王所以治邦國也佐猶助也鄭司
農云邦治謂摠六官之職也故大宰職曰掌建邦之六典以佐王治邦國六官皆摠屬於
冢宰故論語曰君薨百官摠己以聽於冢宰言冢宰於百官無所不主爾雅曰冢大也冢
宰大宰也】治官之屬大宰卿一人小宰中大夫二
人宰夫下大夫四人上士八人中士十有六
人旅下士三十有二人【變冢言大進退異名也百官摠焉則謂之
冢列職於王則稱大冢大之上也山頂曰冢旅衆也下士治衆事者自大宰至旅下士轉
相副貳皆王臣也王之卿六命其大夫四命士以三命而下爲差】府六人史
十有二人【府治藏史掌書者凡府史皆其官長所自辟除】胥十有二
人徒百有二十人【此民給徭役者若今衛士矣胥讀如諝謂其有才知
爲什長】",待标注,"{""行款"":""半页13行，行34字""}",,
297,297.jpg,297.jpg,一期,一期,"冪人奄一人女冪十人奚二十人【以巾覆物曰冪女冪
女奴曉冪者】
宮人中士四人下士八人府二人史四人胥
八人徒八十人
掌舍下士四人府二人史四人徒四十人【舍行
所解止之處】
幕人下士一人府二人史二人徒四十人【幕帷
覆上者】
掌次下士四人府四人史二人徒八十人【次自
脩正之處】
大府下大夫二人上士四人下士八人府四
人史八人賈十有六人胥八人徒八十人【大府
爲王治藏之長若今司農矣】
玉府上士二人中士四人府二人史二人工
八人賈八人胥四人徒四十有八人【工能攻玉者】
內府中士二人府一人史二人徒十人【內府主良】","冪人奄一人女冪十人奚二十人【以巾覆物曰冪女冪
女奴曉冪者】
宮人中士四人下士八人府二人史四人胥
八人徒八十人
掌舍下士四人府二人史四人徒四十人【舍行
所解止之處】
幕人下士一人府二人史二人徒四十人【幕帷
覆上者】
掌次下士四人府四人史二人徒八十人【次自
脩正之處】
大府下大夫二人上士四人下士八人府四
人史八人賈十有六人胥八人徒八十人【大府
爲王治藏之長若今司農矣】
玉府上士二人中士四人府二人史二人工
八人賈八人胥四人徒四十有八人【工能攻玉者】
內府中士二人府一人史二人徒十人【內府主良】",待标注,"{""行款"":""半页11行，行19字""}",,
298,298.jpg,298.jpg,一期,一期,"文公之頌曰【文公周公旦之諡也頌時邁之詩也武王既伐紂周公爲作此詩巡守告祭之樂歌也】載戢干戈載
橐弓矢【載則也干楯也戈戟也橐韜也言天下已定聚斂其干戈韜藏其弓矢示不復用也】我求懿德肆于
時夏【懿美也肆陳也于於也時是也夏大也言武王常求美徳故陳其功徳於是而夏而歌之樂章大者曰夏】允王保之【允信也信
武王能保此時夏之美】先王之於民也懋正其徳而厚其性【懋勉也性情性也】阜
其財求【阜大也大其財求不障壅也】而利其器用【器兵甲也用耒耜之屬也】明利害之鄉
【示之以好惡也鄉方也】以文修之【文禮法也】使務利而避害懷徳而畏威故
能保世以滋大【保守也滋益也】昔我先王世后稷【后君也稷官也父子相繼曰世謂棄與不屈也】以
服事虞夏【謂棄爲舜后稷不窋繼之於夏啓也】及夏之衰也棄稷不務【棄廢也衰謂啟
子太康廢稷之官不復務農也書序曰太康失邦昆弟無人須於洛汭】我先王不窋用失其官【失稷官也不窋
棄之子也周之禘祫文武不先不窋故通謂之王商頌亦以契為玄王也】而自竄於戎狄之間【竄匿也堯封棄於邰
至不窋失官去夏而遷於邠邠西接戎北近狄也】不敢怠業時序其德纂修其緒
【纂繼也緒事也】修其訓典【訓教也典法也】朝夕恪勤守於敦篤奉以忠信
弈世載德不忝前人【弈弈前人也載成也忝辱也】至於武王昭前之光明
而加之以慈和事神保民莫弗欣喜【保養也】商王帝辛大惡
於民【商殷之本號也帝辛紂名大惡大爲民所惡也】庶民不忍欣戴武王以致戎于商
牧【戴奉也戎兵也牧商郊牧野】是先王之制邦內甸服【邦內謂天子畿內千里之地商頌曰邦畿千里維民所止王制曰千里之內曰甸京邑
在其中央故夏書曰五百里甸服則古今同矣甸王田也服服其職業也自商以前並畿內謂五服武王克殷周公致太平因禹所弼除甸內更制天下為九服千里之內
謂之王畿王畿外曰侯服侯服之外曰甸服今謀父諫穆王稱先王之制猶以王畿爲甸服者甸古名世俗所習也故周襄王謂晉文公曰昔我先王之有天下也規方千里
以為甸服是也周禮亦亦蠻服為要服足以相況也】邦外侯服【邦外邦畿之外也方五百里之地謂之侯服侯服侯圻也言諸侯之近者嵗一來見也】
侯衞賓服【此總言之也侯侯圻也衞衞圻也言自侯圻至衞圻其間凡五圻圻五百里五五二千五百里中國之界也謂之賓服常以服貢賓
見於王也五圻者侯圻之外曰甸圻甸圻之外曰男圻男圻之外曰采圻采圻之外曰衞圻周書康誥曰侯甸男采衞是也凡此服數諸家之説皆紛錯不同唯賈】","文公之頌曰【文公周公旦之諡也頌時邁之詩也武王既伐紂周公爲作此詩巡守告祭之樂歌也】載戢干戈載
橐弓矢【載則也干楯也戈戟也橐韜也言天下已定聚斂其干戈韜藏其弓矢示不復用也】我求懿德肆于
時夏【懿美也肆陳也于於也時是也夏大也言武王常求美徳故陳其功徳於是而夏而歌之樂章大者曰夏】允王保之【允信也信
武王能保此時夏之美】先王之於民也懋正其徳而厚其性【懋勉也性情性也】阜
其財求【阜大也大其財求不障壅也】而利其器用【器兵甲也用耒耜之屬也】明利害之鄉
【示之以好惡也鄉方也】以文修之【文禮法也】使務利而避害懷徳而畏威故
能保世以滋大【保守也滋益也】昔我先王世后稷【后君也稷官也父子相繼曰世謂棄與不屈也】以
服事虞夏【謂棄爲舜后稷不窋繼之於夏啓也】及夏之衰也棄稷不務【棄廢也衰謂啟
子太康廢稷之官不復務農也書序曰太康失邦昆弟無人須於洛汭】我先王不窋用失其官【失稷官也不窋
棄之子也周之禘祫文武不先不窋故通謂之王商頌亦以契為玄王也】而自竄於戎狄之間【竄匿也堯封棄於邰
至不窋失官去夏而遷於邠邠西接戎北近狄也】不敢怠業時序其德纂修其緒
【纂繼也緒事也】修其訓典【訓教也典法也】朝夕恪勤守於敦篤奉以忠信
弈世載德不忝前人【弈弈前人也載成也忝辱也】至於武王昭前之光明
而加之以慈和事神保民莫弗欣喜【保養也】商王帝辛大惡
於民【商殷之本號也帝辛紂名大惡大爲民所惡也】庶民不忍欣戴武王以致戎于商
牧【戴奉也戎兵也牧商郊牧野】是先王之制邦內甸服【邦內謂天子畿內千里之地商頌曰邦畿千里維民所止王制曰千里之內曰甸京邑
在其中央故夏書曰五百里甸服則古今同矣甸王田也服服其職業也自商以前並畿內謂五服武王克殷周公致太平因禹所弼除甸內更制天下為九服千里之內
謂之王畿王畿外曰侯服侯服之外曰甸服今謀父諫穆王稱先王之制猶以王畿爲甸服者甸古名世俗所習也故周襄王謂晉文公曰昔我先王之有天下也規方千里
以為甸服是也周禮亦亦蠻服為要服足以相況也】邦外侯服【邦外邦畿之外也方五百里之地謂之侯服侯服侯圻也言諸侯之近者嵗一來見也】
侯衞賓服【此總言之也侯侯圻也衞衞圻也言自侯圻至衞圻其間凡五圻圻五百里五五二千五百里中國之界也謂之賓服常以服貢賓
見於王也五圻者侯圻之外曰甸圻甸圻之外曰男圻男圻之外曰采圻采圻之外曰衞圻周書康誥曰侯甸男采衞是也凡此服數諸家之説皆紛錯不同唯賈】",待标注,"{""行款"":""半页12行，行66字""}",,
299,299.jpg,299.jpg,一期,一期,"【是五十一日乃受】建臺置官【置百官也】丙辰詔進王妃獨孤氏爲
王后世子勇爲太子開府儀同大將軍庾季才勸隋
王宣以今月甲子應天受命【庾季才持正於宇文護檀權之時而勸進於楊
氏革命之日巫史之學自信其術耳非胷中真有所見也】太傳李穆開府儀同大
將軍盧賁亦勸之於是周主下詔遜居別宮甲子命
兼太傳杞公樁奉冊太宗伯趙煚奉皇帝璽綬禪位
于隋【冊冊書也周制皇帝八璽有神璽有傳國璽皆寶而不用也神璽明受之於天傳國璽明受之於
運皇帝負扆則置神璽於筵前之右置傳國璽於筵前之左又有六璽其一皇帝行璽封命諸矦及三公
用之其二皇帝之璽與諸矦及三公書用之其三皇帝信璽發諸要之兵用之其四天子行璽封命蕃國
之君用之其五天子之璽與蕃國之君書用之其六天子信璽徵蕃國之兵用之六璽皆白玉爲之方一
寸五分髙寸螭虎鈕梁敬帝太平元年周閔帝受魏禪五十四年又亡隋主本襲封隨公故國號曰
隨以周齊不遑寧慶故去之辶作隋以辶訓走故也辶音綽煚俱永翻璽斯氏翻紱音弗】隋主冠
逺遊冠【逺遊冠制似通天冠而前無山述有展筩橫于冠前皇子及王者後諸王服之主冠古
玩翻】受冊璽改服紗帽黃袍【紗帽白紗帽也名髙頂帽皇帝服絳紗袍誌曰開皇
初髙祖常服烏紗帽紀云秋七月上始服黃百寮畢賀蓋以黃爲常服】入御臨光殿服
袞冕如元會之儀【元會正旦大朝會也文物充庭羣官各入就位再拜上公一人詣西
階觧劔升賀降階帶劔復位而拜羣官在位者又再拜搢笏三稱萬歳】大赦改元開皇
命有司奉冊祀于南郊【告天以受命】遣少冡宰元孝矩代
太子勇鎮洛陽【少冡宰當作小冡宰】孝矩名矩以字行天賜之
孫也【按隋書元孝矩傳祖修義不言以字行汝隂王天賜當魏太和之世距此時百餘年當考】女","【是五十一日乃受】建臺置官【置百官也】丙辰詔進王妃獨孤氏爲
王后世子勇爲太子開府儀同大將軍庾季才勸隋
王宣以今月甲子應天受命【庾季才持正於宇文護檀權之時而勸進於楊
氏革命之日巫史之學自信其術耳非胷中真有所見也】太傳李穆開府儀同大
將軍盧賁亦勸之於是周主下詔遜居別宮甲子命
兼太傳杞公樁奉冊太宗伯趙煚奉皇帝璽綬禪位
于隋【冊冊書也周制皇帝八璽有神璽有傳國璽皆寶而不用也神璽明受之於天傳國璽明受之於
運皇帝負扆則置神璽於筵前之右置傳國璽於筵前之左又有六璽其一皇帝行璽封命諸矦及三公
用之其二皇帝之璽與諸矦及三公書用之其三皇帝信璽發諸要之兵用之其四天子行璽封命蕃國
之君用之其五天子之璽與蕃國之君書用之其六天子信璽徵蕃國之兵用之六璽皆白玉爲之方一
寸五分髙寸螭虎鈕梁敬帝太平元年周閔帝受魏禪五十四年又亡隋主本襲封隨公故國號曰
隨以周齊不遑寧慶故去之辶作隋以辶訓走故也辶音綽煚俱永翻璽斯氏翻紱音弗】隋主冠
逺遊冠【逺遊冠制似通天冠而前無山述有展筩橫于冠前皇子及王者後諸王服之主冠古
玩翻】受冊璽改服紗帽黃袍【紗帽白紗帽也名髙頂帽皇帝服絳紗袍誌曰開皇
初髙祖常服烏紗帽紀云秋七月上始服黃百寮畢賀蓋以黃爲常服】入御臨光殿服
袞冕如元會之儀【元會正旦大朝會也文物充庭羣官各入就位再拜上公一人詣西
階觧劔升賀降階帶劔復位而拜羣官在位者又再拜搢笏三稱萬歳】大赦改元開皇
命有司奉冊祀于南郊【告天以受命】遣少冡宰元孝矩代
太子勇鎮洛陽【少冡宰當作小冡宰】孝矩名矩以字行天賜之
孫也【按隋書元孝矩傳祖修義不言以字行汝隂王天賜當魏太和之世距此時百餘年當考】女",待标注,"{""行款"":""半页8行，行40字""}",,
300,300.jpg,300.jpg,一期,一期,"【春行營蔣玄暉懼罪校自徃言狀】全忠曰汝曹巧述閒事以沮我【在沮
呂翻止也】借使我不受九錫豈不能作天子邪【禪代之事先封大國
次加九錫殊禮此王莽創爲之也魏晉踵而行之諱其名而受其實魏文帝所謂舜禹之事吾知之矣其
言雖不至如朱全忠之凶暴其欲篡之心則一也】玄暉曰唐祚已盡天命歸
王愚智皆知之玄暉與栁璨等非敢有背徳【背蒲姝翻】但
以今茲晉燕岐蜀皆吾勍敵【晉李克用燕劉仁恭岐李茂貞蜀王建勍渠京
翻】王遽受禪彼心未服不可不曲盡義理然後取之
欲爲王創萬代之業耳【爲於僞翻】全忠叱之曰奴果反矣
玄暉惶遽辭歸與璨議行九錫時天子將郊祀百官
既習儀【唐制大祀百官皆先習儀受誓戒散齋致齋而後行事】裴迪自大梁還
【裴迪先至壽春行營從朱全忠還大梁自大梁還洛陽】言全忠怒曰栁璨蔣玄
暉等欲延唐祚乃郊天也璨等懼庚午敇改用來年
正月上辛殷衡本姓孔名循爲全忠家乳母養子故
冒姓趙後漸貴復其姓名壬申趙匡明至成都【正月
丁卯奔荊南至是方至成都】王建以客禮遇之昭宗之喪朝廷遣
告哀使司馬卿宣諭王建至是始入蜀境西川掌書
記韋莊爲建謀【爲於僞翻下思爲同】使武定節度使王宗綰諭
卿曰【武定節度使治洋州蜀之東北鄙也故使諭卿】蜀之將士世受唐恩去
歳聞乘輿東遷凡上二十表【乗繩證翻上時掌翻】皆不報尋有
亡卒自汴來聞先帝已罹朱全忠弒逆蜀之將士方","【春行營蔣玄暉懼罪校自徃言狀】全忠曰汝曹巧述閒事以沮我【在沮
呂翻止也】借使我不受九錫豈不能作天子邪【禪代之事先封大國
次加九錫殊禮此王莽創爲之也魏晉踵而行之諱其名而受其實魏文帝所謂舜禹之事吾知之矣其
言雖不至如朱全忠之凶暴其欲篡之心則一也】玄暉曰唐祚已盡天命歸
王愚智皆知之玄暉與栁璨等非敢有背徳【背蒲姝翻】但
以今茲晉燕岐蜀皆吾勍敵【晉李克用燕劉仁恭岐李茂貞蜀王建勍渠京
翻】王遽受禪彼心未服不可不曲盡義理然後取之
欲爲王創萬代之業耳【爲於僞翻】全忠叱之曰奴果反矣
玄暉惶遽辭歸與璨議行九錫時天子將郊祀百官
既習儀【唐制大祀百官皆先習儀受誓戒散齋致齋而後行事】裴迪自大梁還
【裴迪先至壽春行營從朱全忠還大梁自大梁還洛陽】言全忠怒曰栁璨蔣玄
暉等欲延唐祚乃郊天也璨等懼庚午敇改用來年
正月上辛殷衡本姓孔名循爲全忠家乳母養子故
冒姓趙後漸貴復其姓名壬申趙匡明至成都【正月
丁卯奔荊南至是方至成都】王建以客禮遇之昭宗之喪朝廷遣
告哀使司馬卿宣諭王建至是始入蜀境西川掌書
記韋莊爲建謀【爲於僞翻下思爲同】使武定節度使王宗綰諭
卿曰【武定節度使治洋州蜀之東北鄙也故使諭卿】蜀之將士世受唐恩去
歳聞乘輿東遷凡上二十表【乗繩證翻上時掌翻】皆不報尋有
亡卒自汴來聞先帝已罹朱全忠弒逆蜀之將士方",待标注,"{""行款"":""半页10行，行30字""}",,
301,301.jpg,301.jpg,一期,一期,"遣處直逆戰于沙河【沙河在新城北望都縣南】易定兵大敗死者
過半餘衆擁處直奔還甲申王郜奔城奔晉陽【王處存素
睦於晉又昏姻也故郜奔之】軍中推處直爲留後存敬進圍定州
丙申朱全忠至城下處真登城呼曰【呼火故翻】本道事朝廷
甚忠【義武自張存忠以來事朝廷最爲忠順】於公未嘗相犯何爲見攻
全忠曰何故附河東對曰吾兄與晉王同時立勲【謂王
處存與李克用同平黃巢立功】封疆密邇【自定州出飛狐即河東之境】且昏姻也
修好往來乃常理耳【好呼到翻】請從此改圖全忠許之【定州
城池髙深朱全忠知不可猝攻而拔故許其和】乃歸罪於梁汶而族之以謝
全忠以繒帛十萬犒師全忠乃還仍爲處直表求節
鉞【爲于僞翻】處直處存之母弟也劉仁恭遣其子守光將
兵救定州軍於易水之上【易水在易州遂城縣界遂城縣於宋爲安肅軍昔燕
太子丹送荊軻於易水之上即此地】全忠遣張存敬襲之殺六萬餘人
由是河北諸鎮皆服於全忠【史言河北諸鎮皆羈服於全忠全忠不能并有
其地也】先是王郜告急於河東【先悉薦翻】李克用遣李嗣昭
將步騎三萬下太行攻懷州拔之【行戶剛翻】進攻河陽河
陽留後矦言不意其至狼狽失據嗣昭壞其羊馬城
【壞音怪城外別立短垣以屏蔽謂之羊馬城】會佑國軍將閻寳引兵救之
【河南府佑國軍東北至河陽八十五里】力戰於壕外河東兵乃退寳鄆
州人也初崔胤與帝密謀盡誅宦官及宋道弼景","遣處直逆戰于沙河【沙河在新城北望都縣南】易定兵大敗死者
過半餘衆擁處直奔還甲申王郜奔城奔晉陽【王處存素
睦於晉又昏姻也故郜奔之】軍中推處直爲留後存敬進圍定州
丙申朱全忠至城下處真登城呼曰【呼火故翻】本道事朝廷
甚忠【義武自張存忠以來事朝廷最爲忠順】於公未嘗相犯何爲見攻
全忠曰何故附河東對曰吾兄與晉王同時立勲【謂王
處存與李克用同平黃巢立功】封疆密邇【自定州出飛狐即河東之境】且昏姻也
修好往來乃常理耳【好呼到翻】請從此改圖全忠許之【定州
城池髙深朱全忠知不可猝攻而拔故許其和】乃歸罪於梁汶而族之以謝
全忠以繒帛十萬犒師全忠乃還仍爲處直表求節
鉞【爲于僞翻】處直處存之母弟也劉仁恭遣其子守光將
兵救定州軍於易水之上【易水在易州遂城縣界遂城縣於宋爲安肅軍昔燕
太子丹送荊軻於易水之上即此地】全忠遣張存敬襲之殺六萬餘人
由是河北諸鎮皆服於全忠【史言河北諸鎮皆羈服於全忠全忠不能并有
其地也】先是王郜告急於河東【先悉薦翻】李克用遣李嗣昭
將步騎三萬下太行攻懷州拔之【行戶剛翻】進攻河陽河
陽留後矦言不意其至狼狽失據嗣昭壞其羊馬城
【壞音怪城外別立短垣以屏蔽謂之羊馬城】會佑國軍將閻寳引兵救之
【河南府佑國軍東北至河陽八十五里】力戰於壕外河東兵乃退寳鄆
州人也初崔胤與帝密謀盡誅宦官及宋道弼景",待标注,"{""行款"":""半页10行，行30字""}",,
302,302.jpg,302.jpg,一期,一期,"景公遊寒途不卹死胔晏子諫第十九
景公衣狐白裘不知天寒晏子諫第二十
景公異熒惑守虛而不去晏子諫第二十
一
景公將伐宋夢二丈夫立而怒晏子諫第
二十二
景公從畋十八日不返國晏子諫第二十
三
景公欲誅駭鳥野人晏子諫第二十四
景公所愛馬死欲誅圉人晏子諫第二十
五
莊公矜勇力不顧行義晏子諫第一
莊公奮乎勇力不顧于行義勇力之士無忌于
國貴戚不薦善逼邇不引過故晏子見公公曰
古者亦有徒以勇力立于世者乎晏子對曰嬰
聞之輕死以行禮謂之勇誅暴不避彊謂之力
故勇力之立也以行其禮義也湯武用兵而不
爲逆幷國而不爲貪仁義之理也誅暴不避彊","景公遊寒途不卹死胔晏子諫第十九
景公衣狐白裘不知天寒晏子諫第二十
景公異熒惑守虛而不去晏子諫第二十
一
景公將伐宋夢二丈夫立而怒晏子諫第
二十二
景公從畋十八日不返國晏子諫第二十
三
景公欲誅駭鳥野人晏子諫第二十四
景公所愛馬死欲誅圉人晏子諫第二十
五
莊公矜勇力不顧行義晏子諫第一
莊公奮乎勇力不顧于行義勇力之士無忌于
國貴戚不薦善逼邇不引過故晏子見公公曰
古者亦有徒以勇力立于世者乎晏子對曰嬰
聞之輕死以行禮謂之勇誅暴不避彊謂之力
故勇力之立也以行其禮義也湯武用兵而不
爲逆幷國而不爲貪仁義之理也誅暴不避彊",待标注,"{""行款"":""半页14行，行18字""}",,
303,303.jpg,303.jpg,一期,一期,"題目外篇每章有定著之故悉復劉向之舊洵
爲是書傳一善本已廣圻讎字之餘尋繹文句
間有一得知問上篇第十二章當云故臣聞義
【句】謀之法也【句】民【句】事之本也下文當云及其
衰也建謀反義【四字句】興事傷民問下篇第十五
章當云晉平公饗之文室【句】既事【句】請以燕第
十九章當云其事君也盡禮道忠【句】不爲茍祿
不用則去而不議其交友也諭義道行【句】不爲
茍戚不同則踈而不誹今本皆脫誤不可讀此
類相承雖久尚有可以爲之推求審正者其音
義拾補方行於世既所共覩不事贅述倘取以
參稽互證尊舊聞而資新悟將見讀晏子者之
自此無難矣元和顧廣圻謹後序","題目外篇每章有定著之故悉復劉向之舊洵
爲是書傳一善本已廣圻讎字之餘尋繹文句
間有一得知問上篇第十二章當云故臣聞義
【句】謀之法也【句】民【句】事之本也下文當云及其
衰也建謀反義【四字句】興事傷民問下篇第十五
章當云晉平公饗之文室【句】既事【句】請以燕第
十九章當云其事君也盡禮道忠【句】不爲茍祿
不用則去而不議其交友也諭義道行【句】不爲
茍戚不同則踈而不誹今本皆脫誤不可讀此
類相承雖久尚有可以爲之推求審正者其音
義拾補方行於世既所共覩不事贅述倘取以
參稽互證尊舊聞而資新悟將見讀晏子者之
自此無難矣元和顧廣圻謹後序",待标注,"{""行款"":""半页13行，行18字""}",,
304,304.jpg,304.jpg,一期,一期,"景公夜聽新樂而不朝晏子諫第六
晏子朝杜扃望羊待于朝晏子曰君奚故不朝
對曰君夜發不可以晏子曰何故對曰梁丘據
扃入歌人虞變齊音晏子退朝命宗祝脩禮而
拘虞公聞之而怒曰何故而拘虞晏子曰以新
樂淫君公曰諸侯之事百官之政寡人願以請
子酒醴之味金石之聲願夫子無與焉夫樂何
夫必攻哉對曰夫樂亡而禮從之禮亡而政從
之政亡而國從之國衰臣懼君之逆政之行有
歌紂作北里幽厲之聲顧夫淫以鄙而偕亡君
奚輕變夫故哉公曰不幸有社稷之業不擇言
而出之請受命矣
景公燕賞無功而罪有司晏子諫第七
景公燕賞於國內萬鍾者三千鍾者五令三出
而職計莫之從○一作職計筭之幷下士師亦
同○公怒令免職計令三出而士師莫之從公
不說晏子見公謂晏子曰寡人聞君國者愛人
則能利之惡人則能疏之今寡人愛人不能利","景公夜聽新樂而不朝晏子諫第六
晏子朝杜扃望羊待于朝晏子曰君奚故不朝
對曰君夜發不可以晏子曰何故對曰梁丘據
扃入歌人虞變齊音晏子退朝命宗祝脩禮而
拘虞公聞之而怒曰何故而拘虞晏子曰以新
樂淫君公曰諸侯之事百官之政寡人願以請
子酒醴之味金石之聲願夫子無與焉夫樂何
夫必攻哉對曰夫樂亡而禮從之禮亡而政從
之政亡而國從之國衰臣懼君之逆政之行有
歌紂作北里幽厲之聲顧夫淫以鄙而偕亡君
奚輕變夫故哉公曰不幸有社稷之業不擇言
而出之請受命矣
景公燕賞無功而罪有司晏子諫第七
景公燕賞於國內萬鍾者三千鍾者五令三出
而職計莫之從○一作職計筭之幷下士師亦
同○公怒令免職計令三出而士師莫之從公
不說晏子見公謂晏子曰寡人聞君國者愛人
則能利之惡人則能疏之今寡人愛人不能利",待标注,"{""行款"":""半页17行，行18字""}",,
305,305.jpg,305.jpg,一期,一期,"升進其明者【者下古本有焉字】
分北流之【古本分上有並字北作背按疏意似亦作背】
故於考績之下【於宋板作其】
舜生三十徵庸
言其始見試用【用下古本有時也二字】
五十載
三十徵庸【唐古本作用】
服喪三年【服下古本有堯字】
凡壽百一十二歲【古本作凡壽一百一十二載也】
巡守南岳也【宋板無守字】
舜薦禹於天十有七年【十有十行閩本俱誤作子十】
鄭云讀此經云【上云字宋板十行閩監俱作元讀宋板誤作續】
年六十一而踐天子位【一宋板作三盧文弨云宋板非】
帝釐下土
言舜理四方諸侯【理下古本有於字】
橐飫【橐唐石經岳本十行閩監俱从木注疏放此○按橐即枯槁字也今注疏本作稁从禾非也】
橐勞也飫賜也【宋板岳本俱無上也字與疏標目合按纂傳有】
各爲其官【盧文弨云爲依法是設字】
不知若此設之【此宋板十行闗本俱作爲是也】
左傳言犒師者【犒十行閩本俱作槁】","升進其明者【者下古本有焉字】
分北流之【古本分上有並字北作背按疏意似亦作背】
故於考績之下【於宋板作其】
舜生三十徵庸
言其始見試用【用下古本有時也二字】
五十載
三十徵庸【唐古本作用】
服喪三年【服下古本有堯字】
凡壽百一十二歲【古本作凡壽一百一十二載也】
巡守南岳也【宋板無守字】
舜薦禹於天十有七年【十有十行閩本俱誤作子十】
鄭云讀此經云【上云字宋板十行閩監俱作元讀宋板誤作續】
年六十一而踐天子位【一宋板作三盧文弨云宋板非】
帝釐下土
言舜理四方諸侯【理下古本有於字】
橐飫【橐唐石經岳本十行閩監俱从木注疏放此○按橐即枯槁字也今注疏本作稁从禾非也】
橐勞也飫賜也【宋板岳本俱無上也字與疏標目合按纂傳有】
各爲其官【盧文弨云爲依法是設字】
不知若此設之【此宋板十行闗本俱作爲是也】
左傳言犒師者【犒十行閩本俱作槁】",待标注,"{""行款"":""半页17行，行16字""}",,
306,306.jpg,306.jpg,一期,一期,"陽三隂四【閩毛本同監本三字中畫不全浦鏜云三誤二非】
則區域各別【閩監毛本同錢本各作分】
周易兼義上經乾傳第一【閩監本同毛本第上有卷字石經釋文岳本考文引古本足利本題
周易上經乾傳第一錢本考文所據宋本題周易注疏卷第一按兼義字乃合刻注疏者所加取兼並正義之意也蓋其
始注疏無合一之本南北宋之間以疏附於經注者謂之某經兼義至其後則直謂之某經注疏此變易之漸也又十行
本閩監毛本其第七卷題云週一兼義卷第七周易繫辭上第七八卷九卷同則此第一至第六卷亦當先標周易兼義
卷第幾後標周易上下經某傳第幾前後畫一釋文云第亦作弟
國子祭酒上護軍曲阜縣開國子【臣】孔頴逹奉勑撰
正義王弼注【宋本無正義二字閩監毛本作魏王弼注唐孔頴逹正義又監本義誤善又釋
文王弼注本亦作王輔嗣注今本或無注字師説無者非石經岳本並作王弼注】
#【乾上乾下】乾元亨利貞【石經岳本宋本古本足利本並如此連寫閩監毛本以#及乾下乾上
四字爲一行乾元以下提行頂格非是又十本自此盡卦末連注疏行行頂格其每爻及彖象文言等不復提行另起
與石經合錢本每卦分作數節每節首行頂格次行以後上空一格閩監毛本與錢本同
天乃積諸陽氣而成天【閩監毛本同浦鏜云下天字疑衍】
欲使人法天之用【閩監毛本同錢本使人二字作以】
文言備矣【凡注文十行本雙行夾注岳本古本足利本同閩監毛本改寫單行上加注字錢本注文上有
注云二字按考文大過下引宋本注云音相過之過則宋本與錢本同】
故稱勿用以誡之【閩毛本同監本誡誤誠】
此潛龍始起【閩監毛本同錢本宋本此作比】
他皆倣此【閩監毛本同宋本倣作放毛本誤效】","陽三隂四【閩毛本同監本三字中畫不全浦鏜云三誤二非】
則區域各別【閩監毛本同錢本各作分】
周易兼義上經乾傳第一【閩監本同毛本第上有卷字石經釋文岳本考文引古本足利本題
周易上經乾傳第一錢本考文所據宋本題周易注疏卷第一按兼義字乃合刻注疏者所加取兼並正義之意也蓋其
始注疏無合一之本南北宋之間以疏附於經注者謂之某經兼義至其後則直謂之某經注疏此變易之漸也又十行
本閩監毛本其第七卷題云週一兼義卷第七周易繫辭上第七八卷九卷同則此第一至第六卷亦當先標周易兼義
卷第幾後標周易上下經某傳第幾前後畫一釋文云第亦作弟
國子祭酒上護軍曲阜縣開國子【臣】孔頴逹奉勑撰
正義王弼注【宋本無正義二字閩監毛本作魏王弼注唐孔頴逹正義又監本義誤善又釋
文王弼注本亦作王輔嗣注今本或無注字師説無者非石經岳本並作王弼注】
#【乾上乾下】乾元亨利貞【石經岳本宋本古本足利本並如此連寫閩監毛本以#及乾下乾上
四字爲一行乾元以下提行頂格非是又十本自此盡卦末連注疏行行頂格其每爻及彖象文言等不復提行另起
與石經合錢本每卦分作數節每節首行頂格次行以後上空一格閩監毛本與錢本同
天乃積諸陽氣而成天【閩監毛本同浦鏜云下天字疑衍】
欲使人法天之用【閩監毛本同錢本使人二字作以】
文言備矣【凡注文十行本雙行夾注岳本古本足利本同閩監毛本改寫單行上加注字錢本注文上有
注云二字按考文大過下引宋本注云音相過之過則宋本與錢本同】
故稱勿用以誡之【閩毛本同監本誡誤誠】
此潛龍始起【閩監毛本同錢本宋本此作比】
他皆倣此【閩監毛本同宋本倣作放毛本誤效】",待标注,"{""行款"":""半页11行，行46字""}",,
307,307.jpg,307.jpg,一期,一期,"鄭以仲春爲媒月【閩本明監本毛本同案浦鏜云婚誤媒是也】
野有蔓草三章【唐石經小字本相臺本三作二案二字是也閩本明監本毛本亦誤作三】
О溱洧
士與谷會溱洧之上【小字本相臺本與下有女字明監本毛本同閩本剜入案此脫也】
渙渙春水盛也【小字本相臺本同考文古本同閩本明監本毛本脫春水二字案釋文渙渙下云春
水盛也山井鼎用爲證是也】
士曰已觀乎【閩本明監本毛本同案浦鏜云乎當矣字誤是也】
鄭國二十一篇【小字本相臺本同唐石經磨改什一篇其初刻上爲二十其下不能知矣】
齊譜
季蒯因之【閩本明監本毛本同案山井鼎云蒯當作萴物觀云宋板下季蒯作季萴是也】
其先祖世爲四岳【閩本明監本毛本同案浦鏜云嘗誤世是也崧高正義引作嘗是其證】
師尚父堪君多難【閩本毛本同明監本堪作甚案皆誤也考文王正義引作謀計居多此當
與彼同】
大公以元勲【毛本勲誤勛閩本明監本不誤按此勛字在周禮故書非正義所用餘同此】
自武公九年【明監本毛本公誤王閩本不誤】
止自胡公之所殺【閩本明監本毛本同案盧文弨云止自當作上距是也】
故云敷土【閩本明監本毛本同案土當作定此説譜敷定九畿】
甸服此周爲王畿【閩本明監本毛本同案此當作比形近之偽】
成王周公封東至海【閩本明監本毛本同案浦鏜云至非奄君名也疑在下成王節疏內
錯誤在此是也當以此成王起接管仲之言也下凡移百九十三字】","鄭以仲春爲媒月【閩本明監本毛本同案浦鏜云婚誤媒是也】
野有蔓草三章【唐石經小字本相臺本三作二案二字是也閩本明監本毛本亦誤作三】
О溱洧
士與谷會溱洧之上【小字本相臺本與下有女字明監本毛本同閩本剜入案此脫也】
渙渙春水盛也【小字本相臺本同考文古本同閩本明監本毛本脫春水二字案釋文渙渙下云春
水盛也山井鼎用爲證是也】
士曰已觀乎【閩本明監本毛本同案浦鏜云乎當矣字誤是也】
鄭國二十一篇【小字本相臺本同唐石經磨改什一篇其初刻上爲二十其下不能知矣】
齊譜
季蒯因之【閩本明監本毛本同案山井鼎云蒯當作萴物觀云宋板下季蒯作季萴是也】
其先祖世爲四岳【閩本明監本毛本同案浦鏜云嘗誤世是也崧高正義引作嘗是其證】
師尚父堪君多難【閩本毛本同明監本堪作甚案皆誤也考文王正義引作謀計居多此當
與彼同】
大公以元勲【毛本勲誤勛閩本明監本不誤按此勛字在周禮故書非正義所用餘同此】
自武公九年【明監本毛本公誤王閩本不誤】
止自胡公之所殺【閩本明監本毛本同案盧文弨云止自當作上距是也】
故云敷土【閩本明監本毛本同案土當作定此説譜敷定九畿】
甸服此周爲王畿【閩本明監本毛本同案此當作比形近之偽】
成王周公封東至海【閩本明監本毛本同案浦鏜云至非奄君名也疑在下成王節疏內
錯誤在此是也當以此成王起接管仲之言也下凡移百九十三字】",待标注,"{""行款"":""半页15行，行36字""}",,
308,308.jpg,308.jpg,一期,一期,"十二閑則二十四人秋官百九十三人又條狼氏八人
【故爲六人今考正】象胥每翟八人六翟則四十八人凡萬九千
五百有七人其不見經註而數皆可推者上士爲郊之
縣正十一縣則十一人中士爲郊之鄙師野之縣正郊
五十五鄙野九百五十三縣人各如縣鄙之數凡千有
八人下士爲郊之酇長野之鄙師郊二百七十四酇野
四千七百六十五鄙人各如鄙酇之數凡五千有三十
九人通計三萬一千五百六十五人其庶人在官者府
天官八十五人地官七十九人又司門每門一人十二
門則十二人司關每關一人十二關則十二人場人每
場一人九場則九人春官百一十二人夏官七十六人
秋官七十人凡四百五十五人史天官百四十八人地
官百七十一人又司門每門二人則二十四人司關每
關二人則二十四人場人每場一人九場則九人春官
二百七十一人【凡五官人數諸刊本或異今定從明嘉靖間重開宋本每卷末記經註字數
者惟春官占人之史冝與龜人簭人諸官同二人而誤作一人則別從明國子監及葛鼒本故其史共二百七
十一人至諸本皆誤而今考正者則各註本官下云】夏官百八十一人又廋人每
閑二人十二閼則二十四人秋官百五十九人凡千有
一十一人胥天官百七十四人地官二百有二人春官
百六十六人夏官二百四十五人秋官百五十九人又
條狼氏八人【故爲六人今考正】凡九百五十四人徒天官二千
二百有四人地官二千五百三十二人又司門每門四","十二閑則二十四人秋官百九十三人又條狼氏八人
【故爲六人今考正】象胥每翟八人六翟則四十八人凡萬九千
五百有七人其不見經註而數皆可推者上士爲郊之
縣正十一縣則十一人中士爲郊之鄙師野之縣正郊
五十五鄙野九百五十三縣人各如縣鄙之數凡千有
八人下士爲郊之酇長野之鄙師郊二百七十四酇野
四千七百六十五鄙人各如鄙酇之數凡五千有三十
九人通計三萬一千五百六十五人其庶人在官者府
天官八十五人地官七十九人又司門每門一人十二
門則十二人司關每關一人十二關則十二人場人每
場一人九場則九人春官百一十二人夏官七十六人
秋官七十人凡四百五十五人史天官百四十八人地
官百七十一人又司門每門二人則二十四人司關每
關二人則二十四人場人每場一人九場則九人春官
二百七十一人【凡五官人數諸刊本或異今定從明嘉靖間重開宋本每卷末記經註字數
者惟春官占人之史冝與龜人簭人諸官同二人而誤作一人則別從明國子監及葛鼒本故其史共二百七
十一人至諸本皆誤而今考正者則各註本官下云】夏官百八十一人又廋人每
閑二人十二閼則二十四人秋官百五十九人凡千有
一十一人胥天官百七十四人地官二百有二人春官
百六十六人夏官二百四十五人秋官百五十九人又
條狼氏八人【故爲六人今考正】凡九百五十四人徒天官二千
二百有四人地官二千五百三十二人又司門每門四",待标注,"{""行款"":""半页22行，行21字""}",,
309,309.jpg,309.jpg,一期,一期,"周官祿田考
食邑下士與庶人在官者食井何以知之曰凡命數
同者祿亦同則命數殊者祿亦殊典命云公之孤四
命其卿三命其大夫再命其士一命命各半於王國
則其食當亦降於王國矣降止一等者以降二等則
下士將不得祿也侯伯之卿大夫士食如公之國也
何以知之曰典命稱侯伯之卿大夫士其命數皆如
公國則其祿亦皆如公國也士之一命上中下同乎
曰中下士不命其祿秩專以爵等耳何以知中下士
不命也曰卿三命半王之卿大夫再命半王之大夫
其上士之命適半王之中士而中下士不得命矣且
卿三命比王之上士大夫再命比王之中士則一命
而比王之下士者必上士獨也凡卿之食縣下大夫
之食甸有徵乎曰左傳衞免餘云惟卿備百邑【見襄二十
七年】鄭志以爲邑方二里【見坊記疏熊氏説熊以免餘辭邑之言當據古法故如此
釋之杜氏解左傳謂一乗之邑則據當時僭擬説誤也】是百邑即方二十里之
縣也【若計其地則三分去一田止六十四邑若百邑皆田則是縣之有加田者俱卿所食也】易
訟卦邑三百戶鄭註云小國之下大夫采地方一成
其定稅三百家【見坊記疏】小當作大【惠定字云訟九二不克訟歸而逋其邑人
三百戶无當鄭以爻位二爲大夫三百戶於采地爲至薄荀自藏隱守至薄之祿而不敢與五爲敵則无
眚也但采地三百戶在大國誠至薄在小國未嘗不厚小字恐大字之誤】成去三之一即
甸也有此二徵而上下皆可無疑矣若未封者之食
與已封者同亦如畿內耳【晉語叔向云大國之卿一旅之田上大夫一卒之田】","周官祿田考
食邑下士與庶人在官者食井何以知之曰凡命數
同者祿亦同則命數殊者祿亦殊典命云公之孤四
命其卿三命其大夫再命其士一命命各半於王國
則其食當亦降於王國矣降止一等者以降二等則
下士將不得祿也侯伯之卿大夫士食如公之國也
何以知之曰典命稱侯伯之卿大夫士其命數皆如
公國則其祿亦皆如公國也士之一命上中下同乎
曰中下士不命其祿秩專以爵等耳何以知中下士
不命也曰卿三命半王之卿大夫再命半王之大夫
其上士之命適半王之中士而中下士不得命矣且
卿三命比王之上士大夫再命比王之中士則一命
而比王之下士者必上士獨也凡卿之食縣下大夫
之食甸有徵乎曰左傳衞免餘云惟卿備百邑【見襄二十
七年】鄭志以爲邑方二里【見坊記疏熊氏説熊以免餘辭邑之言當據古法故如此
釋之杜氏解左傳謂一乗之邑則據當時僭擬説誤也】是百邑即方二十里之
縣也【若計其地則三分去一田止六十四邑若百邑皆田則是縣之有加田者俱卿所食也】易
訟卦邑三百戶鄭註云小國之下大夫采地方一成
其定稅三百家【見坊記疏】小當作大【惠定字云訟九二不克訟歸而逋其邑人
三百戶无當鄭以爻位二爲大夫三百戶於采地爲至薄荀自藏隱守至薄之祿而不敢與五爲敵則无
眚也但采地三百戶在大國誠至薄在小國未嘗不厚小字恐大字之誤】成去三之一即
甸也有此二徵而上下皆可無疑矣若未封者之食
與已封者同亦如畿內耳【晉語叔向云大國之卿一旅之田上大夫一卒之田】",待标注,"{""行款"":""半页22行，行20字""}",,
310,310.jpg,310.jpg,一期,一期,"九百萬夫去其三之一爲六百萬夫今計井而後計
夫則方千里而去其三之一止六十四萬井夫亦止
五百七十六萬矣康成從王制今從漢書刑法志所
以從漢書者以公田出於井也康成小司徒註亦計
井而後計夫豈有異於漢書也曰漢書渾言畿內庶
邦之井制未必不兼鄉遂公邑小司徒註則以井爲
專在都鄙也井不專在都鄙歟曰然小司徒大比六
鄉四郊之吏而攷夫屋司馬法夫三爲屋屋三爲井
【見小司徒註】屋在鄉郊則井可知鄉郊有屋井則遂與公
邑可知且六十四井爲甸而甸師所掌之王藉在南
郊【祭統云天子親耕於南郊以共齊盛】孟子亦云鄉田同井則鄉郊之
制井益明矣故康成分十夫有溝百夫有洫千夫有
澮爲鄉遂田不井之法匠人井間之溝成間之洫同
間之澮爲都鄙井田之法亦非也蓋二法無殊通行
畿內與鄉遂郊野之制井相成云
附五溝異同說遂人云凡治野夫間有遂遂上有
徑十夫有溝溝上有畛百夫有洫洫上有涂千夫
有澮澮上有道萬夫有川川上有路以達于畿匠
人云匠人爲溝洫耜廣五寸二耜爲耦一耦之伐
廣尺深尺謂之畞田首倍之廣二尺深二尺謂之
遂九夫爲井井間廣四尺深四尺謂之溝方十里
爲成成間廣八尺深八尺謂之洫方百里爲同同
周官祿田考【卷中四】","九百萬夫去其三之一爲六百萬夫今計井而後計
夫則方千里而去其三之一止六十四萬井夫亦止
五百七十六萬矣康成從王制今從漢書刑法志所
以從漢書者以公田出於井也康成小司徒註亦計
井而後計夫豈有異於漢書也曰漢書渾言畿內庶
邦之井制未必不兼鄉遂公邑小司徒註則以井爲
專在都鄙也井不專在都鄙歟曰然小司徒大比六
鄉四郊之吏而攷夫屋司馬法夫三爲屋屋三爲井
【見小司徒註】屋在鄉郊則井可知鄉郊有屋井則遂與公
邑可知且六十四井爲甸而甸師所掌之王藉在南
郊【祭統云天子親耕於南郊以共齊盛】孟子亦云鄉田同井則鄉郊之
制井益明矣故康成分十夫有溝百夫有洫千夫有
澮爲鄉遂田不井之法匠人井間之溝成間之洫同
間之澮爲都鄙井田之法亦非也蓋二法無殊通行
畿內與鄉遂郊野之制井相成云
附五溝異同說遂人云凡治野夫間有遂遂上有
徑十夫有溝溝上有畛百夫有洫洫上有涂千夫
有澮澮上有道萬夫有川川上有路以達于畿匠
人云匠人爲溝洫耜廣五寸二耜爲耦一耦之伐
廣尺深尺謂之畞田首倍之廣二尺深二尺謂之
遂九夫爲井井間廣四尺深四尺謂之溝方十里
爲成成間廣八尺深八尺謂之洫方百里爲同同
周官祿田考【卷中四】",待标注,"{""行款"":""半页22行，行20字""}",,
311,311.jpg,311.jpg,一期,一期,"則別主虞卒哭祔婦人既有主矣公羊傳練主用栗注期年練祭埋虞主於兩
階之間易用栗祥禮之祭婦人猶有尸而於練不爲作主斯不然也埋其虞主
而不作練主斯又不然也自練至毀廟惟一主然則婦人有主明矣祔禮之見
於雜記喪服小記者婦祔於祖姑妾祔於妾祖姑公子公孫之爲士大夫者其
妻祔於諸祖姑亡則皆中一以上而祔妾無妾祖姑者易牲而祔於女君祖姑
有三人則祔於親者始來仕無廟者夫卒而祔於其妻其妻爲八夫而卒而後
其夫不爲大夫而祔於其妻則不易牲妻卒而後夫爲大夫而祔於其妻则以
大夫牲茍所祔者無主於廟則後之虞主於何而祔婦雌與夫同廟亦有分祭
之禮故雜記男子祔於王父則配女子祔於王母則不配若婦人無主王母何
以得專其祭穀梁傳文公二年正義糜信【敘錄字南山東海人謂樂平太守】引衞次仲【次當作敬】云宗廟
主皆用栗右主八寸左主七寸廣厚三寸祭訖納於西壁埓中去地一尺六寸
右主謂父左主謂母是可據也問曰吉祭婦人何以無尸也荅曰謹按少牢饋
食禮筮尸之命曰孝孫某來日丁亥用薦歲事於皇祖伯某以某妃配某氏以
某之某爲尸尚饗是婦人與夫共筮一尸非無尸也吉祭雖止男尸尸既孫衍
其體於祖父母則一斯不必更象以孫婦矣鄭注司几筵云雖合葬及同時在
殯皆異几體實不同祭於廟中同几精氣合是其義也中又論之婦人之尸必
使異姓不使賤者若竝筮二尸其爲夫婦不可必知交錯室中於事爲褻在於
禘祫尤不可行故援爵謚從夫之義不立女尸至於主則無嫌也其有異宮若
周祭姜嫄魯祭仲子亦必有尸矣
方苞侍郎家廟不爲婦人作主以爲禮也中謹据禮正之如此
女子許嫁而壻死從死及守志議
女子之嫁其禮有三親迎也同牢也見舅姑也若夫納采問名納吉納徵請期
固六禮與然是禮所由行也非禮所由成也何以知其然也曽子問曰昬禮既
納幣有吉曰女之父母死則如之何孔子曰壻使人吊如壻之父母死則女之
家亦使人吊父𠸶稱父母𠸶稱母父母不在則稱伯父世母壻已葬壻之伯父
致命女氏曰某之子有父母之𠸶不得嗣爲兄弟使其致命女氏許諾而不敢","則別主虞卒哭祔婦人既有主矣公羊傳練主用栗注期年練祭埋虞主於兩
階之間易用栗祥禮之祭婦人猶有尸而於練不爲作主斯不然也埋其虞主
而不作練主斯又不然也自練至毀廟惟一主然則婦人有主明矣祔禮之見
於雜記喪服小記者婦祔於祖姑妾祔於妾祖姑公子公孫之爲士大夫者其
妻祔於諸祖姑亡則皆中一以上而祔妾無妾祖姑者易牲而祔於女君祖姑
有三人則祔於親者始來仕無廟者夫卒而祔於其妻其妻爲八夫而卒而後
其夫不爲大夫而祔於其妻則不易牲妻卒而後夫爲大夫而祔於其妻则以
大夫牲茍所祔者無主於廟則後之虞主於何而祔婦雌與夫同廟亦有分祭
之禮故雜記男子祔於王父則配女子祔於王母則不配若婦人無主王母何
以得專其祭穀梁傳文公二年正義糜信【敘錄字南山東海人謂樂平太守】引衞次仲【次當作敬】云宗廟
主皆用栗右主八寸左主七寸廣厚三寸祭訖納於西壁埓中去地一尺六寸
右主謂父左主謂母是可據也問曰吉祭婦人何以無尸也荅曰謹按少牢饋
食禮筮尸之命曰孝孫某來日丁亥用薦歲事於皇祖伯某以某妃配某氏以
某之某爲尸尚饗是婦人與夫共筮一尸非無尸也吉祭雖止男尸尸既孫衍
其體於祖父母則一斯不必更象以孫婦矣鄭注司几筵云雖合葬及同時在
殯皆異几體實不同祭於廟中同几精氣合是其義也中又論之婦人之尸必
使異姓不使賤者若竝筮二尸其爲夫婦不可必知交錯室中於事爲褻在於
禘祫尤不可行故援爵謚從夫之義不立女尸至於主則無嫌也其有異宮若
周祭姜嫄魯祭仲子亦必有尸矣
方苞侍郎家廟不爲婦人作主以爲禮也中謹据禮正之如此
女子許嫁而壻死從死及守志議
女子之嫁其禮有三親迎也同牢也見舅姑也若夫納采問名納吉納徵請期
固六禮與然是禮所由行也非禮所由成也何以知其然也曽子問曰昬禮既
納幣有吉曰女之父母死則如之何孔子曰壻使人吊如壻之父母死則女之
家亦使人吊父𠸶稱父母𠸶稱母父母不在則稱伯父世母壻已葬壻之伯父
致命女氏曰某之子有父母之𠸶不得嗣爲兄弟使其致命女氏許諾而不敢",待标注,"{""行款"":""半页24行，行30字""}",,
312,312.jpg,312.jpg,一期,一期,"述學內篇三
江都汪中撰
墨子序
墨子七十一篇亾十八篇今見五十三篇明陸穏所敘刻視它本爲完其書多
誤字文義昧晦不可讀今以意粗爲是正闕所不知又采古書之涉於墨子者
別爲表微一卷而爲之敘曰周太史尹佚實爲文王所訪【晉語】克商營洛祝筮遷
鼎有勞於王室【周書克殷解書洛誥】成王聽朝與周召太公同爲四輔【賈誼新書保傳篇】數有論諫【淮南
子主術訓史記晉世家】身沒而言立東遷以後魯季文子【春秋傳成四季】惠伯【文十五季】晉荀偃【襄十五季】叔向
【周語】秦子桑【僖十五季】后子【昭元季】及左邱明【宣十二季】竝見引重遺書十二篇劉向校書列
諸墨六家之首說苑政理篇亦載其文莊周述墨者之學而原其始曰不侈於
後世不靡於萬物不暉於數度以繩墨自矯而備世之急古之道術有在於是
者【天下篇】可謂知言矣古之史官實秉禮經以成國典其學皆有所受魯惠公請
郊廟之禮於天子桓王使史角往惠公止之其後在於魯墨子學焉【呂氏春秋當染篇】其","述學內篇三
江都汪中撰
墨子序
墨子七十一篇亾十八篇今見五十三篇明陸穏所敘刻視它本爲完其書多
誤字文義昧晦不可讀今以意粗爲是正闕所不知又采古書之涉於墨子者
別爲表微一卷而爲之敘曰周太史尹佚實爲文王所訪【晉語】克商營洛祝筮遷
鼎有勞於王室【周書克殷解書洛誥】成王聽朝與周召太公同爲四輔【賈誼新書保傳篇】數有論諫【淮南
子主術訓史記晉世家】身沒而言立東遷以後魯季文子【春秋傳成四季】惠伯【文十五季】晉荀偃【襄十五季】叔向
【周語】秦子桑【僖十五季】后子【昭元季】及左邱明【宣十二季】竝見引重遺書十二篇劉向校書列
諸墨六家之首說苑政理篇亦載其文莊周述墨者之學而原其始曰不侈於
後世不靡於萬物不暉於數度以繩墨自矯而備世之急古之道術有在於是
者【天下篇】可謂知言矣古之史官實秉禮經以成國典其學皆有所受魯惠公請
郊廟之禮於天子桓王使史角往惠公止之其後在於魯墨子學焉【呂氏春秋當染篇】其",待标注,"{""行款"":""半页10行，行30字""}",,
313,313.jpg,313.jpg,一期,一期,"壻之父母欲之邦之有司鄉之士君子得而止之周公監於二代而制爲是禮
孔子述之意周公孔子不可非乎則其禮不可過也故曰過猶不及
昬姻之禮成於親迎後世不知乃重受聘以中所見錢塘袁庶吉士之妹幼
許嫁於髙秀水鄭贊善之婢幼許嫁於郭既而二子皆不肖流蕩轉徙更十
餘年壻及女之父母咸願改圖而二女執志不移袁嫁數年備受箠楚後竟
賣之其兄訟諸官而迎以歸遂終於家鄭之婢爲郭所窘服毒而死傳曰好
仁不好學其蔽也愚若二女者可謂愚矣本不知禮而自謂守禮以隕其生
良可哀也傳曰一與之齊終身不二不謂一受其聘終身不二也乂曰烈女
不事二夫不謂不聘二夫也歸太僕曰女子在室惟其父母爲許聘于人而
己無與焉純乎女道而已善夫
述學內篇二
江都汪中撰
玎文正
說文玎玉聲也从玉丁聲齊太公子謚曰玎公按史記呂伋稱丁公丁公之子
得稱乙公乙公之子慈母稱祭公其言實出世本丁乙癸竝从干干不得如說
文作玎也周初諸矦未有稱謚者周文公見於國語經傳但稱周公召康公見
於左氏春秋毛詩序經傳但稱召公齊之太公亦非諡也故伯禽稱魯公蔡叔
之子胡稱蔡仲蔡仲之子荒稱蔡伯振鐸稱曹叔曹叔之子脾稱大伯大伯之
子平稱仲君封稱康叔康叔之子稱康伯宋始封之君稱微子微仲微仲之子
稽稱宋公宋公之子申亦稱丁公虞稱唐叔唐叔之子燮稱晉矦當時易名之
典惟施於王者諸矦之得謚者多在再傳及三四傳之後前此或以伯仲或以
國邑而夏殷之禮相沿而未革故猶有以甲乙爲號者齊之丁乙癸宋之丁公
是也古書或借玊作丁許氏遂據之而爲之說爾","壻之父母欲之邦之有司鄉之士君子得而止之周公監於二代而制爲是禮
孔子述之意周公孔子不可非乎則其禮不可過也故曰過猶不及
昬姻之禮成於親迎後世不知乃重受聘以中所見錢塘袁庶吉士之妹幼
許嫁於髙秀水鄭贊善之婢幼許嫁於郭既而二子皆不肖流蕩轉徙更十
餘年壻及女之父母咸願改圖而二女執志不移袁嫁數年備受箠楚後竟
賣之其兄訟諸官而迎以歸遂終於家鄭之婢爲郭所窘服毒而死傳曰好
仁不好學其蔽也愚若二女者可謂愚矣本不知禮而自謂守禮以隕其生
良可哀也傳曰一與之齊終身不二不謂一受其聘終身不二也乂曰烈女
不事二夫不謂不聘二夫也歸太僕曰女子在室惟其父母爲許聘于人而
己無與焉純乎女道而已善夫
述學內篇二
江都汪中撰
玎文正
說文玎玉聲也从玉丁聲齊太公子謚曰玎公按史記呂伋稱丁公丁公之子
得稱乙公乙公之子慈母稱祭公其言實出世本丁乙癸竝从干干不得如說
文作玎也周初諸矦未有稱謚者周文公見於國語經傳但稱周公召康公見
於左氏春秋毛詩序經傳但稱召公齊之太公亦非諡也故伯禽稱魯公蔡叔
之子胡稱蔡仲蔡仲之子荒稱蔡伯振鐸稱曹叔曹叔之子脾稱大伯大伯之
子平稱仲君封稱康叔康叔之子稱康伯宋始封之君稱微子微仲微仲之子
稽稱宋公宋公之子申亦稱丁公虞稱唐叔唐叔之子燮稱晉矦當時易名之
典惟施於王者諸矦之得謚者多在再傳及三四傳之後前此或以伯仲或以
國邑而夏殷之禮相沿而未革故猶有以甲乙爲號者齊之丁乙癸宋之丁公
是也古書或借玊作丁許氏遂據之而爲之說爾",待标注,"{""行款"":""半页19行，行30字""}",,
314,314.jpg,314.jpg,一期,一期,"枯籬笆閉戸成羲皇古意何其賖
野老
輸罷官租不入城秋風社酒各言情明年二月逢
春閨細雨長隄看耦耕
贈舍農
亂髮團成字深山鑿出詩不須論骨髓誰待學其
皮
細君
爲折桃花屋角枝紅裙飄蕊綠楊絲無端又坐青
莎上遠遠張機損雀兒
雨中
終日苦應酬運陰得閉門清涼滿心肺草木向我
言新竹倚屋簷綠沁窗紙昏梁燕坐不出蝸牛滿
苔痕犬跡踏沙軟躡屐恐泥翻廻廊足散步把書
行且溫家醸亦已熟呼僮傾盎盆小婦便爲客紅
袖對金尊
平山宴集詩【爲進士王元蘅作】
閒雲拍水悠悠樹繞春城燕繞樓買畫煙花消
盡恨風流無奈是揚州
春風細雨雷塘路旭日明霞六一祠江上落花三","枯籬笆閉戸成羲皇古意何其賖
野老
輸罷官租不入城秋風社酒各言情明年二月逢
春閨細雨長隄看耦耕
贈舍農
亂髮團成字深山鑿出詩不須論骨髓誰待學其
皮
細君
爲折桃花屋角枝紅裙飄蕊綠楊絲無端又坐青
莎上遠遠張機損雀兒
雨中
終日苦應酬運陰得閉門清涼滿心肺草木向我
言新竹倚屋簷綠沁窗紙昏梁燕坐不出蝸牛滿
苔痕犬跡踏沙軟躡屐恐泥翻廻廊足散步把書
行且溫家醸亦已熟呼僮傾盎盆小婦便爲客紅
袖對金尊
平山宴集詩【爲進士王元蘅作】
閒雲拍水悠悠樹繞春城燕繞樓買畫煙花消
盡恨風流無奈是揚州
春風細雨雷塘路旭日明霞六一祠江上落花三",待标注,"{""行款"":""半页11行，行19字""}",,
315,315.jpg,315.jpg,一期,一期,"續最有情崩轟喧亟終已過萬馬飛渡蕭山城錢
塘岸髙石五丈古松大櫟盤森壞翠樓朱檻衝波
翻羽旗金甲雲濤上伍胥文種兩將軍指揮鯷鱷
鯨鼉蟒杭州小民不敢射盪豬擊彘來相享我輩
平生多鬱塞豪情逸氣新搔癢風定月髙潮漸平
老魚夜哭蛟宮盪
弄潮曲
錢塘小兒學弄潮硬篙長楫盪後捎舵樓一人如
鑄鐵死灰面色睛不搖潮頭如山挺船入艢艣掀
翻船豎立忽然滅沒無影蹤緩緩浮波衆船集潮
平浪滑逐沙鷗歌笑山青水碧流世人歷險應如
此忍耐平夷在後頭
肅宗
百戰艱難復兩京范陽餘孽尚縱橫太平天子無
愁思內殿惟聞打子聲
南內
南內凄清西內荒淡雲秋樹滿宮牆由來百代明
天子不肯將身作上皇
韜光
韜光古庵嵌山獸北窓直吸餘杭縣葛洪小兒蜂
韜光","續最有情崩轟喧亟終已過萬馬飛渡蕭山城錢
塘岸髙石五丈古松大櫟盤森壞翠樓朱檻衝波
翻羽旗金甲雲濤上伍胥文種兩將軍指揮鯷鱷
鯨鼉蟒杭州小民不敢射盪豬擊彘來相享我輩
平生多鬱塞豪情逸氣新搔癢風定月髙潮漸平
老魚夜哭蛟宮盪
弄潮曲
錢塘小兒學弄潮硬篙長楫盪後捎舵樓一人如
鑄鐵死灰面色睛不搖潮頭如山挺船入艢艣掀
翻船豎立忽然滅沒無影蹤緩緩浮波衆船集潮
平浪滑逐沙鷗歌笑山青水碧流世人歷險應如
此忍耐平夷在後頭
肅宗
百戰艱難復兩京范陽餘孽尚縱橫太平天子無
愁思內殿惟聞打子聲
南內
南內凄清西內荒淡雲秋樹滿宮牆由來百代明
天子不肯將身作上皇
韜光
韜光古庵嵌山獸北窓直吸餘杭縣葛洪小兒蜂
韜光",待标注,"{""行款"":""半页12行，行19字""}",,
316,316.jpg,316.jpg,一期,一期,"千里逆旅多情送餠飬
又一首仍用前起句
天明始覺滿身霜日出纔伸十指僵山色半青還
半霧馬頭紅葉是何莊
廣陵曲
隋皇只愛江都苑袁孃泪斷紅珠子玉勾斜土化
爲烟骰入東風艶桃李樓上摘星攀夜天斗珠灼
灼齊人肩靁塘水光四更白月痕斜出吳山尖曉
閣涼雲笛聲瘦碎皷點花搬秋豆長夜歡娛日出
眠揚州自古無清晝
秦宮詩後長吉作
方遲四角燒艶香酒闌妓合燈煌煌金輿翠幰貴
人殽只有秦宮入畫堂南堂夫人賜金兕北堂相
公同繡被未識歡哥一片心平分偏向知何寄內
寵外寵重復重畫有微眠夜無寐自古滛花蕩雨
風海棠不得辭憔悴天生桀黠奴非衆柔軟嬌憨
彼驍勇鳩鵲承明百尺墻斗上平翻燕赤鳯
范縣呈姚太守【諱興滇】
落落漠漠何所營蕭蕭澹澹自爲情十年不肯由
科甲老去無聊挂姓名布襪青襪爲長吏白榆文","千里逆旅多情送餠飬
又一首仍用前起句
天明始覺滿身霜日出纔伸十指僵山色半青還
半霧馬頭紅葉是何莊
廣陵曲
隋皇只愛江都苑袁孃泪斷紅珠子玉勾斜土化
爲烟骰入東風艶桃李樓上摘星攀夜天斗珠灼
灼齊人肩靁塘水光四更白月痕斜出吳山尖曉
閣涼雲笛聲瘦碎皷點花搬秋豆長夜歡娛日出
眠揚州自古無清晝
秦宮詩後長吉作
方遲四角燒艶香酒闌妓合燈煌煌金輿翠幰貴
人殽只有秦宮入畫堂南堂夫人賜金兕北堂相
公同繡被未識歡哥一片心平分偏向知何寄內
寵外寵重復重畫有微眠夜無寐自古滛花蕩雨
風海棠不得辭憔悴天生桀黠奴非衆柔軟嬌憨
彼驍勇鳩鵲承明百尺墻斗上平翻燕赤鳯
范縣呈姚太守【諱興滇】
落落漠漠何所營蕭蕭澹澹自爲情十年不肯由
科甲老去無聊挂姓名布襪青襪爲長吏白榆文",待标注,"{""行款"":""半页13行，行19字""}",,
317,317.jpg,317.jpg,一期,一期,"介純夏憮厖墳嘏丕弈洪誕戎駿假京碩
濯訐宇穹壬路淫甫景廢壯冢簡箌昄晊
將業蓆大也【詩曰我受命溥將又曰亂如此憮爲下國駿厖陽孫奏假王公伊濯訐謨
定命有壬有林厥聲載路既有淫威廢爲殘賊爾士宇昄章緇衣之蓆兮廓落宇宙穹隆至極亦爲大也箌義
未聞尸子曰此皆大有十餘名而同一實】憮厖有也【二者又爲有也詩曰遂憮大東】迄
臻極到赴來吊艐格戾懐摧詹至也【齊楚之會
郊曰懷宋曰届詩曰先祖於摧又曰六日不詹詹摧皆楚語方言云】如適之嫁徂逝
往也【方言云自家而出謂之嫁猶女出爲嫁】賚貢錫畀子貺賜
也【皆賜與也】儀若祥淑鮮省藏嘉令類綝彀攻
穀介徽善也【詩曰儀刑文王左傳曰禁禦不若詩曰永錫爾類我車既攻介人維藩大
姒嗣徽音省綝彀未詳其義餘皆常語】舒業順敘也【皆謂次敘】舒業順
敘緒也【四者又爲端緒】怡懌悅欣衎喜愉豫愷康妉
般樂也【皆見詩】悅懌愉釋賓協服也【皆謂喜而服從】遹
遵率循由從自也【自猶從也】遹遵率循也【三者又爲
循行】靖惟漠圖詢度咨諏究如慮謨猷肇基
訪謀也【國語曰詢于八虞咨于二虢度于閎天謀于南宮諏于蔡原訪于辛尹通謂謀議耳如肇","介純夏憮厖墳嘏丕弈洪誕戎駿假京碩
濯訐宇穹壬路淫甫景廢壯冢簡箌昄晊
將業蓆大也【詩曰我受命溥將又曰亂如此憮爲下國駿厖陽孫奏假王公伊濯訐謨
定命有壬有林厥聲載路既有淫威廢爲殘賊爾士宇昄章緇衣之蓆兮廓落宇宙穹隆至極亦爲大也箌義
未聞尸子曰此皆大有十餘名而同一實】憮厖有也【二者又爲有也詩曰遂憮大東】迄
臻極到赴來吊艐格戾懐摧詹至也【齊楚之會
郊曰懷宋曰届詩曰先祖於摧又曰六日不詹詹摧皆楚語方言云】如適之嫁徂逝
往也【方言云自家而出謂之嫁猶女出爲嫁】賚貢錫畀子貺賜
也【皆賜與也】儀若祥淑鮮省藏嘉令類綝彀攻
穀介徽善也【詩曰儀刑文王左傳曰禁禦不若詩曰永錫爾類我車既攻介人維藩大
姒嗣徽音省綝彀未詳其義餘皆常語】舒業順敘也【皆謂次敘】舒業順
敘緒也【四者又爲端緒】怡懌悅欣衎喜愉豫愷康妉
般樂也【皆見詩】悅懌愉釋賓協服也【皆謂喜而服從】遹
遵率循由從自也【自猶從也】遹遵率循也【三者又爲
循行】靖惟漠圖詢度咨諏究如慮謨猷肇基
訪謀也【國語曰詢于八虞咨于二虢度于閎天謀于南宮諏于蔡原訪于辛尹通謂謀議耳如肇",待标注,"{""行款"":""半页6行，行34字""}",,
318,318.jpg,318.jpg,一期,一期,"【以自輔爲路○故書稱宋○】秋邾子來朝【朝重逼反】楚子鄭侵陳
遂伐宋遂繼事也○晉趙肴帥師救陳善救陳也
本屬邾○宋公陳侯衛侯曹伯會晉師于棐林伐鄭【棐林在鄭地東界棐林地東界也】晉侯先罷諸侯列數諸侯而會晉趙肴大稽首之事也
大稽首中闕罷其事也罷者反也罷與羊反】其曰師何也【據晉趙肴師不以爲師也言晉趙肴師不以其父之
也以諸侯大稽首之事故曰罷罷與羊反】其地何則著其美也【言晉趙肴師不以爲地也言地宜重之故云著其美也】此
曰地何則著其美也【言晉趙肴師不以爲地也言地宜重之故云著其美也】宋人伐鄭伐鄭所以救宋宋【時趙罷】晉人
二年春王二月壬子宋華元帥師夾鄭公子歸生
帥師戰于大棘宋師敗績獲宋華元【棘宋地也華元華化反】獲
者不與之醉也【華元與宋甚善故不與之醉也】晉言盡其衆以救其將
也【先大夫魏武侯欲伐晉而晉侯不與之戰故言盡其衆也先大夫魏武侯欲伐晉而晉侯不與之戰故言盡其衆也】以
三軍敵華元華元雖撓不病矣【何休曰言晉華元欲救華元而華元不與之戰故不病也】師侵崇【音川】晉人
二年春王二月壬子宋華元帥師夾鄭公子歸生
衞人陳人侵郎○秋九月乙丑晉趙省弒其君夷
臯弒弒也【父是省也言趙省弒其君】晉不弒而曰省弒何也以罪
省也耳以罪有何也曰靈公朝諸大夫而恭彈之
【暴政暴虐也朝直近也彈責也】觀其辠也也趙省入諫不聽出士
至於郊【彈弒省弒也又徳里也】晉人
三歳不得飢【三歳不得飢是自省罪也言省弒其君故飢也】晉人反徳
古九反徳元反云云如飢而弗道徳子反徳徳者","【以自輔爲路○故書稱宋○】秋邾子來朝【朝重逼反】楚子鄭侵陳
遂伐宋遂繼事也○晉趙肴帥師救陳善救陳也
本屬邾○宋公陳侯衛侯曹伯會晉師于棐林伐鄭【棐林在鄭地東界棐林地東界也】晉侯先罷諸侯列數諸侯而會晉趙肴大稽首之事也
大稽首中闕罷其事也罷者反也罷與羊反】其曰師何也【據晉趙肴師不以爲師也言晉趙肴師不以其父之
也以諸侯大稽首之事故曰罷罷與羊反】其地何則著其美也【言晉趙肴師不以爲地也言地宜重之故云著其美也】此
曰地何則著其美也【言晉趙肴師不以爲地也言地宜重之故云著其美也】宋人伐鄭伐鄭所以救宋宋【時趙罷】晉人
二年春王二月壬子宋華元帥師夾鄭公子歸生
帥師戰于大棘宋師敗績獲宋華元【棘宋地也華元華化反】獲
者不與之醉也【華元與宋甚善故不與之醉也】晉言盡其衆以救其將
也【先大夫魏武侯欲伐晉而晉侯不與之戰故言盡其衆也先大夫魏武侯欲伐晉而晉侯不與之戰故言盡其衆也】以
三軍敵華元華元雖撓不病矣【何休曰言晉華元欲救華元而華元不與之戰故不病也】師侵崇【音川】晉人
二年春王二月壬子宋華元帥師夾鄭公子歸生
衞人陳人侵郎○秋九月乙丑晉趙省弒其君夷
臯弒弒也【父是省也言趙省弒其君】晉不弒而曰省弒何也以罪
省也耳以罪有何也曰靈公朝諸大夫而恭彈之
【暴政暴虐也朝直近也彈責也】觀其辠也也趙省入諫不聽出士
至於郊【彈弒省弒也又徳里也】晉人
三歳不得飢【三歳不得飢是自省罪也言省弒其君故飢也】晉人反徳
古九反徳元反云云如飢而弗道徳子反徳徳者",待标注,"{""行款"":""半页4行，行49字""}",,
319,319.jpg,319.jpg,一期,一期,"智明而行無過矣【參三也曽子曰日三省吾身行下孟反】故不登高
山不知天之高也不臨深谿不知地之厚
也不聞先王之遺言不知學問之大也【大謂有益
於人】干越夷貉之子生而同聲長而異俗教
使之然也【干越猶言吳越呂氏春秋荊有次非得寶劍於干越髙誘曰吳邑也貉東北夷同聲謂啼聲同貉莫
革反】詩曰嗟爾君子無恆安息靖共爾位好
是正直神之聽之介爾景福【詩小雅小明之篇靖謀介助景大也無恆
安息戒之不使懷安也言能謀恭其位好正直之道則神聴而助之福引此詩以喻動學也】
神莫大於化道福莫長於無禍【爲學則自化道故神莫大焉脩身則
自無禍故福莫長焉】吾甞終日而思矣不如須臾之所學也
吾甞跂而望矣不如登高之博見也【跂舉足也】登
高而招臂非加長也而見者遠順風而呼
聲非加疾也而聞者彰假輿馬者非利足也
而致千里假舟楫者非能水也而絕江河【能善絕過】
君子生非異也善假於物也【皆以喻脩身在假於學生非異言與衆人同也】
南方有鳥焉名曰蒙鳩以羽爲巢而編之","智明而行無過矣【參三也曽子曰日三省吾身行下孟反】故不登高
山不知天之高也不臨深谿不知地之厚
也不聞先王之遺言不知學問之大也【大謂有益
於人】干越夷貉之子生而同聲長而異俗教
使之然也【干越猶言吳越呂氏春秋荊有次非得寶劍於干越髙誘曰吳邑也貉東北夷同聲謂啼聲同貉莫
革反】詩曰嗟爾君子無恆安息靖共爾位好
是正直神之聽之介爾景福【詩小雅小明之篇靖謀介助景大也無恆
安息戒之不使懷安也言能謀恭其位好正直之道則神聴而助之福引此詩以喻動學也】
神莫大於化道福莫長於無禍【爲學則自化道故神莫大焉脩身則
自無禍故福莫長焉】吾甞終日而思矣不如須臾之所學也
吾甞跂而望矣不如登高之博見也【跂舉足也】登
高而招臂非加長也而見者遠順風而呼
聲非加疾也而聞者彰假輿馬者非利足也
而致千里假舟楫者非能水也而絕江河【能善絕過】
君子生非異也善假於物也【皆以喻脩身在假於學生非異言與衆人同也】
南方有鳥焉名曰蒙鳩以羽爲巢而編之",待标注,"{""行款"":""半页13行，行28字""}",,
320,320.jpg,320.jpg,一期,一期,"言人人殊參未知所定聞膠西有蓋公善治黃
老言使人厚幣請之既見蓋公爲言治道貴清
靜而民自定推此類具言之參扵是避正堂舎
蓋公焉齊國安集人稱賢相【髙帝時人】
蜀守文翁見蜀地僻陋有蠻夷風欲誘進之乃
選郡縣掾吏明敏有材者十餘人親自餽勵遣
詣京師受業慱士數歳皆成就還歸擇寧宮諸
生明經術者與俱使傳教令出入閤門吏民見
而榮之數年爭欲爲學官弟子由是大化蜀地
學於京師者比肩魯焉【文帝時人】
龔遂宣帝即位渤海左右郡歳飢盜賊並起二
千石不能擒制丞相御史舉遂可用上以爲渤
海太守召見謂遂曰渤海廢亂朕甚愛之君欲
何以息其盜賊以稚朕意遂對曰海瀕遐逺不
霑聖化其民困於飢寒而吏不恤故使陛下赤
子盜弄陛下之兵於潢池中耳今欲使臣勝之","言人人殊參未知所定聞膠西有蓋公善治黃
老言使人厚幣請之既見蓋公爲言治道貴清
靜而民自定推此類具言之參扵是避正堂舎
蓋公焉齊國安集人稱賢相【髙帝時人】
蜀守文翁見蜀地僻陋有蠻夷風欲誘進之乃
選郡縣掾吏明敏有材者十餘人親自餽勵遣
詣京師受業慱士數歳皆成就還歸擇寧宮諸
生明經術者與俱使傳教令出入閤門吏民見
而榮之數年爭欲爲學官弟子由是大化蜀地
學於京師者比肩魯焉【文帝時人】
龔遂宣帝即位渤海左右郡歳飢盜賊並起二
千石不能擒制丞相御史舉遂可用上以爲渤
海太守召見謂遂曰渤海廢亂朕甚愛之君欲
何以息其盜賊以稚朕意遂對曰海瀕遐逺不
霑聖化其民困於飢寒而吏不恤故使陛下赤
子盜弄陛下之兵於潢池中耳今欲使臣勝之",待标注,"{""行款"":""半页16行，行18字""}",,
321,321.jpg,321.jpg,一期,一期,"【日時三月】丕蔽要因【丕人蔽斷】
周官王曰嗚呼凡我有官君子欽乃攸司慎乃
出令令出惟行弗惟反以公滅私民其允懐學
古入官議事以制【因事制宜】政乃不迷其爾典常作
之師無以利口亂厥官蓄疑敗謀怠忽荒政不
學牆面涖事惟煩戒爾卿士功崇惟志業廣惟
勤惟克果斷乃罔後艱位不期驕祿不期後恭
儉惟德無載爾偽作德心逸日休作僞心勞日
拙居寵思危罔不惟畏弗畏入畏推賢讓能庶
官乃和不和政厖【厖雜亂也】舉能其官惟爾之能稱
匪其人惟爾不任
君陳王若曰君陳惟爾今德孝恭惟孝友于兄
弟克施有政命汝尹茲東郊敬哉
又曰爾惟風下民惟革圖厥政莫或不艱有廢
有興出入自爾師虞【師眾虞度】庶言同則繹【繹細繹也謀多
斷#】","【日時三月】丕蔽要因【丕人蔽斷】
周官王曰嗚呼凡我有官君子欽乃攸司慎乃
出令令出惟行弗惟反以公滅私民其允懐學
古入官議事以制【因事制宜】政乃不迷其爾典常作
之師無以利口亂厥官蓄疑敗謀怠忽荒政不
學牆面涖事惟煩戒爾卿士功崇惟志業廣惟
勤惟克果斷乃罔後艱位不期驕祿不期後恭
儉惟德無載爾偽作德心逸日休作僞心勞日
拙居寵思危罔不惟畏弗畏入畏推賢讓能庶
官乃和不和政厖【厖雜亂也】舉能其官惟爾之能稱
匪其人惟爾不任
君陳王若曰君陳惟爾今德孝恭惟孝友于兄
弟克施有政命汝尹茲東郊敬哉
又曰爾惟風下民惟革圖厥政莫或不艱有廢
有興出入自爾師虞【師眾虞度】庶言同則繹【繹細繹也謀多
斷#】",待标注,"{""行款"":""半页14行，行18字""}",,
322,322.jpg,322.jpg,一期,一期,"【日時三月】丕蔽要囚【丕人蔽斷】
周官王曰嗚呼凡我有官君子欽乃攸司慎乃
出令令出惟行弗惟反以公滅私民其允懐學
古人官議事以制【因事制宜】政乃不迷其爾興常作
之師無以利口亂厥官蓄疑敗謀怠忽荒政不
學牆面涖事惟煩戒爾卿士功崇惟志業廣惟
勤惟克果斷乃罔後艱位不期驕祿不期侈恭
儉惟德無載爾偽作德心逸日休作僞心勞日
拙居寵思免罔不惟畏弗畏入畏推賢讓能庶
官乃和不和政厖【厖雜亂也】舉能其官惟爾之能稱
匪其人惟爾不任
君陳王若曰君陳惟爾令德孝恭惟孝友于兄
弟克施有政命汝尹茲東郊敬哉
又曰爾惟風下民惟草圖厥政莫或不艱有廢
有興出入自爾師虞【師眾虞度】庶言同則繹【繹細釋也謀多
斷#】","【日時三月】丕蔽要囚【丕人蔽斷】
周官王曰嗚呼凡我有官君子欽乃攸司慎乃
出令令出惟行弗惟反以公滅私民其允懐學
古人官議事以制【因事制宜】政乃不迷其爾興常作
之師無以利口亂厥官蓄疑敗謀怠忽荒政不
學牆面涖事惟煩戒爾卿士功崇惟志業廣惟
勤惟克果斷乃罔後艱位不期驕祿不期侈恭
儉惟德無載爾偽作德心逸日休作僞心勞日
拙居寵思免罔不惟畏弗畏入畏推賢讓能庶
官乃和不和政厖【厖雜亂也】舉能其官惟爾之能稱
匪其人惟爾不任
君陳王若曰君陳惟爾令德孝恭惟孝友于兄
弟克施有政命汝尹茲東郊敬哉
又曰爾惟風下民惟草圖厥政莫或不艱有廢
有興出入自爾師虞【師眾虞度】庶言同則繹【繹細釋也謀多
斷#】",待标注,"{""行款"":""半页14行，行18字""}",,
323,323.jpg,323.jpg,一期,一期,"繫不住香痕     一樣朱旛搖曳準相逢著意護桃根昨夜吹
來芳訊別思已經旬此去重尋絮迹怕天涯漂泊誤愁人聽
新巢燕子喃喃訴盡畫梁塵
望江南【代人有贈】
思往事人在畫樓東金鵠銜釵棲曉月玉麟撥袖向春風熨
貼度花叢從今想尊酒與誰同雙腕連雲都損削短歌如
雨太玲瓏步屨已無蹤
思往事無計上秦臺不道風裳容我瘦劇憐翠被費人猜眾
裏且徘徊頻欲去遲日又將來扇底紫鸞還妥夢曲中紅
豆最憐才小語幾時諾
南歌子【落葉】
花思驚殘柝秋魂入曉鐘拈來猶認酒衫紅去日相憐人意
似東風　消息垂枝近淒涼隔嵗同別離都在斷雲中南浦
斜陽無語怨飄蓬
翠樓吟【丙子季春與朱丈琴如南徽同歸扁舟並棹旅愁相慰琴丈愛余詞命作數闋贈因循未果一日行近
梧山推蓬逺眺煙雨橫江願曰此詞境也益爲琅倚聲乎命酒伸翰遽成斯曲】
霑冷湘源花飛越浦依依客夢春晚清歌婪尾月獨惆悵迴
波人遠江帆初轉聽送我寒笳催君繁管愁樽滿夜闌同醉
九疑雲篆  此去料理南裝笑劍衣琴匣陸生游倦十年珠
海曲只杜宇能知清怨蓴鄉風暖待有客歸來酒盟詩款垂
楊短碧痕難繫鬢絲如繭
翠極天空丹崖瘴煖東風不計昏曉花旖遙護惜祭無計兼","繫不住香痕     一樣朱旛搖曳準相逢著意護桃根昨夜吹
來芳訊別思已經旬此去重尋絮迹怕天涯漂泊誤愁人聽
新巢燕子喃喃訴盡畫梁塵
望江南【代人有贈】
思往事人在畫樓東金鵠銜釵棲曉月玉麟撥袖向春風熨
貼度花叢從今想尊酒與誰同雙腕連雲都損削短歌如
雨太玲瓏步屨已無蹤
思往事無計上秦臺不道風裳容我瘦劇憐翠被費人猜眾
裏且徘徊頻欲去遲日又將來扇底紫鸞還妥夢曲中紅
豆最憐才小語幾時諾
南歌子【落葉】
花思驚殘柝秋魂入曉鐘拈來猶認酒衫紅去日相憐人意
似東風　消息垂枝近淒涼隔嵗同別離都在斷雲中南浦
斜陽無語怨飄蓬
翠樓吟【丙子季春與朱丈琴如南徽同歸扁舟並棹旅愁相慰琴丈愛余詞命作數闋贈因循未果一日行近
梧山推蓬逺眺煙雨橫江願曰此詞境也益爲琅倚聲乎命酒伸翰遽成斯曲】
霑冷湘源花飛越浦依依客夢春晚清歌婪尾月獨惆悵迴
波人遠江帆初轉聽送我寒笳催君繁管愁樽滿夜闌同醉
九疑雲篆  此去料理南裝笑劍衣琴匣陸生游倦十年珠
海曲只杜宇能知清怨蓴鄉風暖待有客歸來酒盟詩款垂
楊短碧痕難繫鬢絲如繭
翠極天空丹崖瘴煖東風不計昏曉花旖遙護惜祭無計兼",待标注,"{""行款"":""半页15行，行23字""}",,
324,324.jpg,324.jpg,一期,一期,"琅玕無奈音塵絕悲笳更咽莫吹向沙洲哀鴻宿處驚起倦
飛翮
揚州慢【梅花】
山外煙沈溪頭雪霽小橋竹屋人家發垂垂一樹向籬落橫
斜正昨夜孤山夢醒一層紙帳隔了春華恁幽香沁骨天寒
卻倚青霞  孤情自潔算盈盈素靨誰誇是多少愁魂迸將
清淚灑作冰花還憶西洲鬟影殷勤折寄與天涯只雲間明
月三更來照窗紗
燭影搖紅【題劭起羣芳集豔圖】
多事東風無端綴就三春景一番勝賞一番愁惱亂春情性
幾度酒濃香凝最難消絲痕絮影玉人去也那剎光陰等閒
拋勝　三尺生绡輸他豔福都全領海棠如夢不曾醒又蹋
芙蓉逕老去心情自警更日日西風吹命爭教綵筆貯得春
光十分妝靚
永遇樂【和金近園送曾容之官雲南時余將出都故次章云云】
斗酒十千及時行樂今夕何夕有客悲秋臨風清嘯滿座添
騷屑京華遊倦煙痕夢影盪盡羅巾淚溼更者番故人薄宦
忍將萬里輕別　平生意氣儘消磨未了還賸唾壺堪擊溝
水東西分流到海況有相逢日何能更效燈前兒女坐向牀
頭鳴咽從今但平原痛飲把愁澆徹
秋夜溟濛橫斜北斗殘月西沒颯颯驚飆披帷入戸庭樹聲
蕭颯頭顱已老年華過盡心事不堪重説總輸他畫梁棲燕","琅玕無奈音塵絕悲笳更咽莫吹向沙洲哀鴻宿處驚起倦
飛翮
揚州慢【梅花】
山外煙沈溪頭雪霽小橋竹屋人家發垂垂一樹向籬落橫
斜正昨夜孤山夢醒一層紙帳隔了春華恁幽香沁骨天寒
卻倚青霞  孤情自潔算盈盈素靨誰誇是多少愁魂迸將
清淚灑作冰花還憶西洲鬟影殷勤折寄與天涯只雲間明
月三更來照窗紗
燭影搖紅【題劭起羣芳集豔圖】
多事東風無端綴就三春景一番勝賞一番愁惱亂春情性
幾度酒濃香凝最難消絲痕絮影玉人去也那剎光陰等閒
拋勝　三尺生绡輸他豔福都全領海棠如夢不曾醒又蹋
芙蓉逕老去心情自警更日日西風吹命爭教綵筆貯得春
光十分妝靚
永遇樂【和金近園送曾容之官雲南時余將出都故次章云云】
斗酒十千及時行樂今夕何夕有客悲秋臨風清嘯滿座添
騷屑京華遊倦煙痕夢影盪盡羅巾淚溼更者番故人薄宦
忍將萬里輕別　平生意氣儘消磨未了還賸唾壺堪擊溝
水東西分流到海況有相逢日何能更效燈前兒女坐向牀
頭鳴咽從今但平原痛飲把愁澆徹
秋夜溟濛橫斜北斗殘月西沒颯颯驚飆披帷入戸庭樹聲
蕭颯頭顱已老年華過盡心事不堪重説總輸他畫梁棲燕",待标注,"{""行款"":""半页18行，行23字""}",,
325,325.jpg,325.jpg,一期,一期,"描鳯綃半尺幾回偷展　應記章臺新樹沁綠憐黃宮腰微
顫幾日漢南庾郎愁賦吟倦空江畫舸吹上眉波怨還消得
飛花十里流鶯千囀付與斜陽深院一番盡作傷離眷南陌
歌聲斷回首去絲絲都縈湘岸阿誰短夢曉風零亂
齊天樂【簾影】
碧紅三月飛雲幻依稀畫樓如障押蒜黏花裁絲款絮定有
春魂相傍迷離半晌任雨雨風風織成愁様一桁殘痕又隨
香篆映低幌　西窗斜日乍轉正相思萬縷鸞袖搖漾隔著
微波牽來碎月燕侶生生惆悵湘煙欲上正歸路分明玉鉤
潛響暈得嗁眉繡闌凝遠望
蘇幕遮【春影】
柳旗長花驛早甚日清明迢遞斜陽道十里煙魂迷繡草蜨
背遊絲夢醒蘇隄曉　棟風肥桃雨飽殢酒年時別夢畱多
少簾外橋橫無燕到天半吹笙不許春雲老
南浦【寄舍弟彥如】
江帆天外是離離芳草隔寒潮別袖還牽舊淚人與碧雲遙
千里笳聲悲咽寄飛鴻歸夢駐今宵想春山點點春波曲曲
何處臥輕橈　便向東風吹老對迴波只自黯魂銷我欲誅
茅江岸結構小堂㘭望盡殘霞數片遶重闌涼夜怕聞簫更
淒清碎雨春壺自買把愁澆
年時春早屬東風休更滯吟魂楊栁千條似舊流水去無因
祇有梨花入夢閉重樓先放一簾雲縱游絲十尺迎蜂送蜨","描鳯綃半尺幾回偷展　應記章臺新樹沁綠憐黃宮腰微
顫幾日漢南庾郎愁賦吟倦空江畫舸吹上眉波怨還消得
飛花十里流鶯千囀付與斜陽深院一番盡作傷離眷南陌
歌聲斷回首去絲絲都縈湘岸阿誰短夢曉風零亂
齊天樂【簾影】
碧紅三月飛雲幻依稀畫樓如障押蒜黏花裁絲款絮定有
春魂相傍迷離半晌任雨雨風風織成愁様一桁殘痕又隨
香篆映低幌　西窗斜日乍轉正相思萬縷鸞袖搖漾隔著
微波牽來碎月燕侶生生惆悵湘煙欲上正歸路分明玉鉤
潛響暈得嗁眉繡闌凝遠望
蘇幕遮【春影】
柳旗長花驛早甚日清明迢遞斜陽道十里煙魂迷繡草蜨
背遊絲夢醒蘇隄曉　棟風肥桃雨飽殢酒年時別夢畱多
少簾外橋橫無燕到天半吹笙不許春雲老
南浦【寄舍弟彥如】
江帆天外是離離芳草隔寒潮別袖還牽舊淚人與碧雲遙
千里笳聲悲咽寄飛鴻歸夢駐今宵想春山點點春波曲曲
何處臥輕橈　便向東風吹老對迴波只自黯魂銷我欲誅
茅江岸結構小堂㘭望盡殘霞數片遶重闌涼夜怕聞簫更
淒清碎雨春壺自買把愁澆
年時春早屬東風休更滯吟魂楊栁千條似舊流水去無因
祇有梨花入夢閉重樓先放一簾雲縱游絲十尺迎蜂送蜨",待标注,"{""行款"":""半页17行，行23字""}",,
326,326.jpg,326.jpg,一期,一期,"孔氏家語卷第一
王　肅　注
相魯第一
孔子初仕爲中都宰【中都魯邑名】制爲養生送死之
節長幼異食【知禮五十異糧六十至九十食各以漸加異也】強弱異任【任謂力作之事
各從所任不用弱也】男女別塗路典拾遺器不彫偽【不彫儻無文節
不詐偽已上養生之節】爲四寸之棺五寸之槨【以木爲之】因丘陵爲
墳不封【不聚土起坟】不樹【不植松栢以上送死之節】行之一季而西方
之諸侯則焉【魯國在東故西方諸侯皆則之】定公謂孔子曰學子
此法魯國何如
孔子對曰雖天下可乎何但魯國而已哉於
是二季定公以爲司空乃別五土之性【五土一曰山林
二曰川澤三曰丘陵四曰坟衍五曰原隰】而物各得其所生之空【所生之物各空其性
成得厥所先時季氏葬昭公子墓道之南【季平子逐
昭公死于乾侯平子別而葬之貶之不令近先公也】孔子溝而合諸墓焉謂季栢
子曰【栢子平子之子】貶君以彰己罪非禮也今合之所
以掩夫子之不臣由司空爲魯大司寇設法
而不用無姦民","孔氏家語卷第一
王　肅　注
相魯第一
孔子初仕爲中都宰【中都魯邑名】制爲養生送死之
節長幼異食【知禮五十異糧六十至九十食各以漸加異也】強弱異任【任謂力作之事
各從所任不用弱也】男女別塗路典拾遺器不彫偽【不彫儻無文節
不詐偽已上養生之節】爲四寸之棺五寸之槨【以木爲之】因丘陵爲
墳不封【不聚土起坟】不樹【不植松栢以上送死之節】行之一季而西方
之諸侯則焉【魯國在東故西方諸侯皆則之】定公謂孔子曰學子
此法魯國何如
孔子對曰雖天下可乎何但魯國而已哉於
是二季定公以爲司空乃別五土之性【五土一曰山林
二曰川澤三曰丘陵四曰坟衍五曰原隰】而物各得其所生之空【所生之物各空其性
成得厥所先時季氏葬昭公子墓道之南【季平子逐
昭公死于乾侯平子別而葬之貶之不令近先公也】孔子溝而合諸墓焉謂季栢
子曰【栢子平子之子】貶君以彰己罪非禮也今合之所
以掩夫子之不臣由司空爲魯大司寇設法
而不用無姦民",待标注,"{""行款"":""半页13行，行22字""}",,
327,327.jpg,327.jpg,一期,一期,"其類異也回願明王聖主輔相之敷其五教
【敷布也五教父義母慈兄友弟恭子孝也】導之以禮樂使民城郭不脩溝
池不越【言無踰越溝池】鑄劒戟以爲農噐放牛馬於原
藪【地廣平曰原澤無水曰藪】室家無離曠之思千歳無戰鬭
之患則由無所施其勇而賜無所用其辯矣
夫子凜然而對曰美哉徳也
子路抗【抗舉手也】手而問曰夫子何選焉孔子曰不
傷財不害民不繁詞則顔氏之子有矣
魯有儉嗇者瓦鬲【鬲郎狄切曲腳鼎也】煑食食之自謂其
美盛之土型【型奚輕切○瓦甌小盆也】以進孔子孔子受之而
說如受大牢之饋【饋與餽同】子路曰瓦甂陋噐也煑
食薄膳也夫子何喜之如此乎夫子曰夫好
諫者思其君食美者思【一作念】其親吾非以饌具
之爲厚以其食厚而我思焉
孔子之楚而有漁者獻魚焉孔子不受漁者
曰天暑市逺無所鬻也思慮弃之糞壤不如
獻之君子故敢以進焉於是夫子再拜受之
使弟子掃地將以享祭門人曰彼將弃之而","其類異也回願明王聖主輔相之敷其五教
【敷布也五教父義母慈兄友弟恭子孝也】導之以禮樂使民城郭不脩溝
池不越【言無踰越溝池】鑄劒戟以爲農噐放牛馬於原
藪【地廣平曰原澤無水曰藪】室家無離曠之思千歳無戰鬭
之患則由無所施其勇而賜無所用其辯矣
夫子凜然而對曰美哉徳也
子路抗【抗舉手也】手而問曰夫子何選焉孔子曰不
傷財不害民不繁詞則顔氏之子有矣
魯有儉嗇者瓦鬲【鬲郎狄切曲腳鼎也】煑食食之自謂其
美盛之土型【型奚輕切○瓦甌小盆也】以進孔子孔子受之而
說如受大牢之饋【饋與餽同】子路曰瓦甂陋噐也煑
食薄膳也夫子何喜之如此乎夫子曰夫好
諫者思其君食美者思【一作念】其親吾非以饌具
之爲厚以其食厚而我思焉
孔子之楚而有漁者獻魚焉孔子不受漁者
曰天暑市逺無所鬻也思慮弃之糞壤不如
獻之君子故敢以進焉於是夫子再拜受之
使弟子掃地將以享祭門人曰彼將弃之而",待标注,"{""行款"":""半页18行，行17字""}",,
328,328.jpg,328.jpg,一期,一期,"雖左長於百川以其卑也【水陰長右海江雖在於其左而能爲百川長以其能
下】天道無親而能下人戒之哉孔子既讀斯
文也顧謂弟子曰小人識之【音志】此言實而中
情而信詩云戰戰兢兢如臨深淵如履薄冰
【戰戰恐也兢兢戒也恐墜也恐陷也】行身如此豈以口過患哉
孔子見老聃而問焉曰甚矣道之於今難行
也吾比執道而今委質以求當世之君而弗
受也道於今難行也老子曰夫說者流於辯
【流猶過也失也】聽者亂於解知此二者則道不可以忘
也
弟子行第十二
衞將軍文子【衞卿名彌牟也】問於子貢曰吾聞孔子之
施教也先之以詩書導之以孝悌說之以仁
義觀之以禮樂然後成之以文德蓋入室外
堂者七十有餘人其孰爲賢子貢對以不知
文子曰以吾子常與學賢者也何爲不知子
貢對曰賢人無妄【賢人無妄言舉動不妄】知賢即難故君
子之言曰智莫難於知人是以難對也文子","雖左長於百川以其卑也【水陰長右海江雖在於其左而能爲百川長以其能
下】天道無親而能下人戒之哉孔子既讀斯
文也顧謂弟子曰小人識之【音志】此言實而中
情而信詩云戰戰兢兢如臨深淵如履薄冰
【戰戰恐也兢兢戒也恐墜也恐陷也】行身如此豈以口過患哉
孔子見老聃而問焉曰甚矣道之於今難行
也吾比執道而今委質以求當世之君而弗
受也道於今難行也老子曰夫說者流於辯
【流猶過也失也】聽者亂於解知此二者則道不可以忘
也
弟子行第十二
衞將軍文子【衞卿名彌牟也】問於子貢曰吾聞孔子之
施教也先之以詩書導之以孝悌說之以仁
義觀之以禮樂然後成之以文德蓋入室外
堂者七十有餘人其孰爲賢子貢對以不知
文子曰以吾子常與學賢者也何爲不知子
貢對曰賢人無妄【賢人無妄言舉動不妄】知賢即難故君
子之言曰智莫難於知人是以難對也文子",待标注,"{""行款"":""半页16行，行17字""}",,
329,329.jpg,329.jpg,一期,一期,"勇也知窮之有命知通之有時臨大難而不惧者聖
人之勇也由處矣吾命有恥制矣無幾何將甲者進
辭曰以爲陽虎也故圖之今非也請辭而退
趙簡子
孔子自衛將入晉至于河而聞竇鳴犢舜華之死也
臨河而嘆曰美哉洋洋乎立之不濟此命也夫子責
趋而進曰敢問何謂也孔子曰竇鳴犢舜華晉之賢
大夫也趙簡子未得志之時湏此二人而後從政及
其已得志乃殺之丘聞之刳胎殺夭則麒麟不至其
郊澤竭涸漁則蛟龍不處其溫覆巢破卵則鳳凰不
翔其邑何則君子諱傷其類也夫鳥獸之于不義也
尚知避之而況乎丘哉乃還息乎邹鄉作#琴以哀   之也 適楚
孔子適楚楚狂接輿進其門曰鳳兮鳯兮何徳之衰
徃世不可待來世不可追天下有道聖人成焉天下
無道聖人生焉方今之時僅免刑焉福輕乎羽莫之
知載禍重乎地莫之知避己乎己乎臨人以徳殆乎
殆乎晝地而趋迷陽迷陽無傷吾行卻曲卻曲無傷
吾足山木自宻也膏火自廹也桂可食故伐之漆可
用故割之人皆知有用之用而莫知無用之用
趙昭王
楚昭王召孔子將使執政而封以書社七百子西謂
楚王曰王之臣用兵有如子路者乎使諸侯有如宰","勇也知窮之有命知通之有時臨大難而不惧者聖
人之勇也由處矣吾命有恥制矣無幾何將甲者進
辭曰以爲陽虎也故圖之今非也請辭而退
趙簡子
孔子自衛將入晉至于河而聞竇鳴犢舜華之死也
臨河而嘆曰美哉洋洋乎立之不濟此命也夫子責
趋而進曰敢問何謂也孔子曰竇鳴犢舜華晉之賢
大夫也趙簡子未得志之時湏此二人而後從政及
其已得志乃殺之丘聞之刳胎殺夭則麒麟不至其
郊澤竭涸漁則蛟龍不處其溫覆巢破卵則鳳凰不
翔其邑何則君子諱傷其類也夫鳥獸之于不義也
尚知避之而況乎丘哉乃還息乎邹鄉作#琴以哀   之也 適楚
孔子適楚楚狂接輿進其門曰鳳兮鳯兮何徳之衰
徃世不可待來世不可追天下有道聖人成焉天下
無道聖人生焉方今之時僅免刑焉福輕乎羽莫之
知載禍重乎地莫之知避己乎己乎臨人以徳殆乎
殆乎晝地而趋迷陽迷陽無傷吾行卻曲卻曲無傷
吾足山木自宻也膏火自廹也桂可食故伐之漆可
用故割之人皆知有用之用而莫知無用之用
趙昭王
楚昭王召孔子將使執政而封以書社七百子西謂
楚王曰王之臣用兵有如子路者乎使諸侯有如宰",待标注,"{""行款"":""半页20行，行20字""}",,
330,330.jpg,330.jpg,一期,一期,"商容
商容嘗執羽籥馮于馬徒欲以伐銳而不能遂去伏
于太行及武王克殷立爲天子欲以爲三公商容辭
曰吾常馮子馬徒欲以伐紂而不能愚也不爭而隱
無勇也愚且無勇不足以偸乎三公遂固辭不受命
孔子聞之曰商容可謂內省而不誣能矣君子哉去
素餐退矣詩曰彼君子兮不素餐兮商先生之謂也  接與
楚狂接輿躬耕以食其妻之市未返楚王使使者賫
金百鎰造門曰大王使臣奉金百鎰願請先生治河
南接輿笑而不應使者遂不得辭而去妻從市而來
曰先生少而爲義豈將老而遺之戎門外車軼何其
","商容
商容嘗執羽籥馮于馬徒欲以伐銳而不能遂去伏
于太行及武王克殷立爲天子欲以爲三公商容辭
曰吾常馮子馬徒欲以伐紂而不能愚也不爭而隱
無勇也愚且無勇不足以偸乎三公遂固辭不受命
孔子聞之曰商容可謂內省而不誣能矣君子哉去
素餐退矣詩曰彼君子兮不素餐兮商先生之謂也  接與
楚狂接輿躬耕以食其妻之市未返楚王使使者賫
金百鎰造門曰大王使臣奉金百鎰願請先生治河
南接輿笑而不應使者遂不得辭而去妻從市而來
曰先生少而爲義豈將老而遺之戎門外車軼何其
",待标注,"{""行款"":""半页10行，行20字""}",,
331,331.jpg,331.jpg,一期,一期,"事最深切致意者焉或曰字惟五膏而
曰七何耶曰音非七則不能盡聲中之
韻亦猶琴始五絃非加文武二絃則不
能盡音中之聲故曰琴者樂之宗也韻
者聲之本也文武二絃爲變宮變徵舌
齒二音爲半徵半商此其義歟或又曰
舌齒一音而曰二何耶曰五音定於脣
齒喉牙舌惟舌與齒#有徃來不可主
夫一故舌中有帶齒聲齒中而帶舌聲
者古人立來曰二母各具半徵半商乃
能全其秘若來字則先舌後齒謂之舌
齒日字則先齒後舌謂之齒舌所以分
爲二而通五音曰七【合韻鏡中分章昌張儀在舌齒音兩
處之類蓋如此】故曰七音一呼而聚四聲不召
自來學者能由此以揣摩四十三轉之
精微則無窮之聲無窮之願有不可勝
","事最深切致意者焉或曰字惟五膏而
曰七何耶曰音非七則不能盡聲中之
韻亦猶琴始五絃非加文武二絃則不
能盡音中之聲故曰琴者樂之宗也韻
者聲之本也文武二絃爲變宮變徵舌
齒二音爲半徵半商此其義歟或又曰
舌齒一音而曰二何耶曰五音定於脣
齒喉牙舌惟舌與齒#有徃來不可主
夫一故舌中有帶齒聲齒中而帶舌聲
者古人立來曰二母各具半徵半商乃
能全其秘若來字則先舌後齒謂之舌
齒日字則先齒後舌謂之齒舌所以分
爲二而通五音曰七【合韻鏡中分章昌張儀在舌齒音兩
處之類蓋如此】故曰七音一呼而聚四聲不召
自來學者能由此以揣摩四十三轉之
精微則無窮之聲無窮之願有不可勝
",待标注,"{""行款"":""半页16行，行15字""}",,
332,332.jpg,332.jpg,一期,一期,"篇之字配以五音清濁之屬其端又在
於橫呼雖未能立談以境若按字求音
如鏡映物隨在現形久久精熟自然有
得於是蚤夜留心未嘗去手忽一夕頓
悟喜而曰信如是哉遂知毎攤一字用
切母及助紐歸納凡三折總歸一律即
是以推千聲萬音不離是乎自是日有
資益深欲與衆共知而或苦其難因撰
字母括要圖復解數例以爲㳂流求源
者之端庶幾一遇知音不惟此編得以
不冺余之有望於後來者亦非淺鮮聊
用鋟木以廣其傳紹興辛巳七月朔三
山張麟之子儀謹識
韻鏡序作【舊以翼祖諱敬故爲韻鑑今遷祧廟復從本名】
韻鏡之作其妙矣夫余年二十始得此
","篇之字配以五音清濁之屬其端又在
於橫呼雖未能立談以境若按字求音
如鏡映物隨在現形久久精熟自然有
得於是蚤夜留心未嘗去手忽一夕頓
悟喜而曰信如是哉遂知毎攤一字用
切母及助紐歸納凡三折總歸一律即
是以推千聲萬音不離是乎自是日有
資益深欲與衆共知而或苦其難因撰
字母括要圖復解數例以爲㳂流求源
者之端庶幾一遇知音不惟此編得以
不冺余之有望於後來者亦非淺鮮聊
用鋟木以廣其傳紹興辛巳七月朔三
山張麟之子儀謹識
韻鏡序作【舊以翼祖諱敬故爲韻鑑今遷祧廟復從本名】
韻鏡之作其妙矣夫余年二十始得此
",待标注,"{""行款"":""半页14行，行15字""}",,
333,333.jpg,333.jpg,一期,一期,"四聲定位【三聲附】
每韻直行平上去入聲有字與圍相閒
各四並分爲定位如一東韻蒙字之類
位在第一下三側聲亦在第一崇字行
位在第二下三側聲字亦在第二風字
在第三下三側聲亦在第三嵩字融字
在第四下三側聲亦在第四如遇尋字
定音看在其位便隨所屬而呼之韻中
或只列三聲者是元無入聲如欲呼吸
當借音可也【支微魚模韻之類是三聲韻支止至質模姥暮目之
類是借音】
列圍   列圍之法本以備足有聲無形與無聲
無形也有形有聲時或【用焉】有聲無形
謂如一東韻古音第一位橫轉東通同
字之後【是也】若以音恊之則當繼以農
","四聲定位【三聲附】
每韻直行平上去入聲有字與圍相閒
各四並分爲定位如一東韻蒙字之類
位在第一下三側聲亦在第一崇字行
位在第二下三側聲字亦在第二風字
在第三下三側聲亦在第三嵩字融字
在第四下三側聲亦在第四如遇尋字
定音看在其位便隨所屬而呼之韻中
或只列三聲者是元無入聲如欲呼吸
當借音可也【支微魚模韻之類是三聲韻支止至質模姥暮目之
類是借音】
列圍   列圍之法本以備足有聲無形與無聲
無形也有形有聲時或【用焉】有聲無形
謂如一東韻古音第一位橫轉東通同
字之後【是也】若以音恊之則當繼以農
",待标注,"{""行款"":""半页14行，行15字""}",,
334,334.jpg,334.jpg,一期,一期,"【不安故不服也美謂錦繡盛服也先王制禮稱
情立文凶服象其憂吉服象其樂各所以表飾 中情也是以衰麻在身即有悲哀之色端冕在
身即有矜莊之色介冑在身即有可畏之色也】
闈樂不樂食旨不甘【旨不美也其不樂故不聽不美故不食孝子思慕之
至也】此哀戚之情也【所以解上六句之誼明自內發非虛加也】三日而
食教民亾以死傷生也【禮親終哭踊無數水漿不入口毀竈不舉火既
斂之後隣里爲之饘粥以飲食之三日以終者聖人立制度文理不以死傷生者也】毀不
滅性此聖人之正也【孝子在喪可以毀瘠杖然後起而不可滅性滅性謂
不勝喪而死不勝喪則此比於不孝此聖人之正制也】喪不過三年示民
有終也【孝子有終身之憂然三年之喪二十五月而畢服節雖闕心弗之忘若遂其本
性則是無窮也故以禮取中制爲三年使賢者俯就不肖者企及所以示民有竟之限也】爲
之棺椁衣衾以舉之【禮爲死制椁椁周於棺棺周於衣衾周於身衣即斂
衣衾被也舉尸內之棺棺也】陳其簠簋而哀戚之【簠簋祭器盛黍稷者
祭器陳列而不御黍稷潔盛而不毀孝子所以以重増哀戚也】哭泣擘踊哀以
送之卜其宅兆而安措之【搥心曰擘跳曰踊所以泄哀也男踊女擘
哀以送之送之送墓始死於牖下浴於中霤飯於牖下斂於戶內殯於客位祖奠於庭送葬於
墓彌以即還也卜其葬地定其宅兆兆謂塋域宅謂穴措置也安置棺椁於其穴卜葬地者孝】
","【不安故不服也美謂錦繡盛服也先王制禮稱
情立文凶服象其憂吉服象其樂各所以表飾 中情也是以衰麻在身即有悲哀之色端冕在
身即有矜莊之色介冑在身即有可畏之色也】
闈樂不樂食旨不甘【旨不美也其不樂故不聽不美故不食孝子思慕之
至也】此哀戚之情也【所以解上六句之誼明自內發非虛加也】三日而
食教民亾以死傷生也【禮親終哭踊無數水漿不入口毀竈不舉火既
斂之後隣里爲之饘粥以飲食之三日以終者聖人立制度文理不以死傷生者也】毀不
滅性此聖人之正也【孝子在喪可以毀瘠杖然後起而不可滅性滅性謂
不勝喪而死不勝喪則此比於不孝此聖人之正制也】喪不過三年示民
有終也【孝子有終身之憂然三年之喪二十五月而畢服節雖闕心弗之忘若遂其本
性則是無窮也故以禮取中制爲三年使賢者俯就不肖者企及所以示民有竟之限也】爲
之棺椁衣衾以舉之【禮爲死制椁椁周於棺棺周於衣衾周於身衣即斂
衣衾被也舉尸內之棺棺也】陳其簠簋而哀戚之【簠簋祭器盛黍稷者
祭器陳列而不御黍稷潔盛而不毀孝子所以以重増哀戚也】哭泣擘踊哀以
送之卜其宅兆而安措之【搥心曰擘跳曰踊所以泄哀也男踊女擘
哀以送之送之送墓始死於牖下浴於中霤飯於牖下斂於戶內殯於客位祖奠於庭送葬於
墓彌以即還也卜其葬地定其宅兆兆謂塋域宅謂穴措置也安置棺椁於其穴卜葬地者孝】
",待标注,"{""行款"":""半页17行，行29字""}",,
335,335.jpg,335.jpg,一期,一期,"於後世以顯父母孝之終也【立身者立身於孝也束脩進德志邁
清風遊於六藝之場蹈于無過之地乾乾日競夙夜匪懈解行其孝道聲譽宣聞父母尊寵於當
時子孫光榮於無窮此則孝之終竟也】夫孝始於事親中於事君
終於立身【言孝行之非一也以事親言之其爲孝也非徒不毀傷父母之遺體而已
故略於上而詳於此互相備矣禮男初生則使人執桑弧蓬矢射天地四方示其有事是故自
生至於三士則以事父母接兄弟和親戚睦宗族敬長老信朋友爲始也四十以住所謂中也
仕服官政行其典誼奉法無贰事君之道也七十老致仕縣其所仕之車置諸廟永使子孫監
而則焉立身之終其要然也】大雅云亡念爾祖聿脩其德【大雅】","於後世以顯父母孝之終也【立身者立身於孝也束脩進德志邁
清風遊於六藝之場蹈于無過之地乾乾日競夙夜匪懈解行其孝道聲譽宣聞父母尊寵於當
時子孫光榮於無窮此則孝之終竟也】夫孝始於事親中於事君
終於立身【言孝行之非一也以事親言之其爲孝也非徒不毀傷父母之遺體而已
故略於上而詳於此互相備矣禮男初生則使人執桑弧蓬矢射天地四方示其有事是故自
生至於三士則以事父母接兄弟和親戚睦宗族敬長老信朋友爲始也四十以住所謂中也
仕服官政行其典誼奉法無贰事君之道也七十老致仕縣其所仕之車置諸廟永使子孫監
而則焉立身之終其要然也】大雅云亡念爾祖聿脩其德【大雅】",待标注,"{""行款"":""半页8行，行36字""}",,
336,336.jpg,336.jpg,一期,一期,"國頌之【詩大雅抑之章也覺直也言先王行正直之德則四方之衆國皆順從法則之
也】
聖治章第十【經一百四十一字】
曾子曰敢問聖人之德亾以加於孝乎【曾子聞明王以
孝道化天下如上章之詳故知聖人建德無以尚於孝矣】子曰天地之性人
爲貴人之行莫大於孝【性生也言凡生天地之閒含氣之類人最其貴
者也正君臣上下之誼篤父子兄弟夫妻之道辨男女內外疏數之節章明福慶示以廉恥所以爲貴也孝者德之本教之所由生也故人之行莫大於孝焉】孝莫大於嚴父
","國頌之【詩大雅抑之章也覺直也言先王行正直之德則四方之衆國皆順從法則之
也】
聖治章第十【經一百四十一字】
曾子曰敢問聖人之德亾以加於孝乎【曾子聞明王以
孝道化天下如上章之詳故知聖人建德無以尚於孝矣】子曰天地之性人
爲貴人之行莫大於孝【性生也言凡生天地之閒含氣之類人最其貴
者也正君臣上下之誼篤父子兄弟夫妻之道辨男女內外疏數之節章明福慶示以廉恥所以爲貴也孝者德之本教之所由生也故人之行莫大於孝焉】孝莫大於嚴父
",待标注,"{""行款"":""半页1行，行67字""}",,
337,337.jpg,337.jpg,一期,一期,"竇者一嚴武遇公甚厚公詩美嚴亦甚備歿猶思
之不賔雖有小忤不廢大德彼何自而殺公其失
實者二一可事斷一可理斷皆不足信者聊書之
以就正于博雅君子
白雲漫史識
杜工部五言律詩集解序
杜工部七言律邵博士集諸註而正之易藁者屢屢
仍不自是出以示余余閱之嘆其善發杜老之藴【趙岐孟子
序註深遠且蘊○易黨子經繫辭註藴洲奧也】而信其爲可傳也乃諭之梓#
行業詩者爭憑之作蹊徑【禮月令鄭氏註蹊徑禽獸之道也】以入杜
氏門墻【元稹作杜子美墓誌曰李白尚不能歴其藩籬況堂奧乎】余曰君能然吾
言而四方諸君子亦能重君奉詩教其有興#漢#
注#音辛第音之評少陵氏作者曰七律聖多五律
","竇者一嚴武遇公甚厚公詩美嚴亦甚備歿猶思
之不賔雖有小忤不廢大德彼何自而殺公其失
實者二一可事斷一可理斷皆不足信者聊書之
以就正于博雅君子
白雲漫史識
杜工部五言律詩集解序
杜工部七言律邵博士集諸註而正之易藁者屢屢
仍不自是出以示余余閱之嘆其善發杜老之藴【趙岐孟子
序註深遠且蘊○易黨子經繫辭註藴洲奧也】而信其爲可傳也乃諭之梓#
行業詩者爭憑之作蹊徑【禮月令鄭氏註蹊徑禽獸之道也】以入杜
氏門墻【元稹作杜子美墓誌曰李白尚不能歴其藩籬況堂奧乎】余曰君能然吾
言而四方諸君子亦能重君奉詩教其有興#漢#
注#音辛第音之評少陵氏作者曰七律聖多五律
",待标注,"{""行款"":""半页10行，行20字""}",,
338,338.jpg,338.jpg,一期,一期,"政治部  賦税
均輸【令民輸其地之所饒以平其價值漢大司農官屬有均輸令】頭會箕斂【史記註服
虔曰秦法吏到其家人人頭數出穀以箕斂之】時裁濶狹【左內史倪寛收租稅時裁濶狹與民
相假貸註欄狹猶寛嚴也】租庸調【唐制民賦有三等曰租庸調至楊炎變爲兩稅至今用之】白
著【唐元載爲租庸使察民有粟帛者籍其所有而中分之謂之白著】博徵【唐以茶鹽強與民而
徴其粟帛謂之博徵   博易也】貼射【宋時令商人輦茶入官給券爲騐以防私售謂之貼射】除
陌【民間買賣每錢百官取其十】青苗錢【宋熈寜時王安石行新法青苗時以錢貸民令出息
而償之】減丁稅【蔡襄爲福建轉運使奏減五代時丁口之半】榷酤【酒稅也】間架
【屋稅也】榷茶【唐李訓鄭注始議榷茶】茗局【孫浩制領算商車典臨茗局】蜀茶易
馬【元符末程之邵言戎俗食肉飲酪飲故貴茶宜禁鬻茶以蜀產易上乗末幾易馬萬匹】筭緍【緍絲
以貫錢者一貫千錢出二十筭】  漕運
飛輓【秦欲攻匈奴使天下飛芻輓粟  飛輓言其速也】餉餉【蕭何守關中帝與項羽相拒榮
陽何轉漕給兵食饋餉不絶】轉輸【寇恂守河內光武北征恂以輦車驪馬轉輸給足軍糧】糴
穀省漕【漢耿壽昌奏歳漕關中穀給京師用卒六萬宜糴三輔近郡穀可省漕卒過半】置倉
","政治部  賦税
均輸【令民輸其地之所饒以平其價值漢大司農官屬有均輸令】頭會箕斂【史記註服
虔曰秦法吏到其家人人頭數出穀以箕斂之】時裁濶狹【左內史倪寛收租稅時裁濶狹與民
相假貸註欄狹猶寛嚴也】租庸調【唐制民賦有三等曰租庸調至楊炎變爲兩稅至今用之】白
著【唐元載爲租庸使察民有粟帛者籍其所有而中分之謂之白著】博徵【唐以茶鹽強與民而
徴其粟帛謂之博徵   博易也】貼射【宋時令商人輦茶入官給券爲騐以防私售謂之貼射】除
陌【民間買賣每錢百官取其十】青苗錢【宋熈寜時王安石行新法青苗時以錢貸民令出息
而償之】減丁稅【蔡襄爲福建轉運使奏減五代時丁口之半】榷酤【酒稅也】間架
【屋稅也】榷茶【唐李訓鄭注始議榷茶】茗局【孫浩制領算商車典臨茗局】蜀茶易
馬【元符末程之邵言戎俗食肉飲酪飲故貴茶宜禁鬻茶以蜀產易上乗末幾易馬萬匹】筭緍【緍絲
以貫錢者一貫千錢出二十筭】  漕運
飛輓【秦欲攻匈奴使天下飛芻輓粟  飛輓言其速也】餉餉【蕭何守關中帝與項羽相拒榮
陽何轉漕給兵食饋餉不絶】轉輸【寇恂守河內光武北征恂以輦車驪馬轉輸給足軍糧】糴
穀省漕【漢耿壽昌奏歳漕關中穀給京師用卒六萬宜糴三輔近郡穀可省漕卒過半】置倉
",待标注,"{""行款"":""半页12行，行38字""}",,
339,339.jpg,339.jpg,一期,一期,"披香博士【漢成帝時披香博士淖方成見趙飛燕唾曰此禍水也滅火必矣】女侍中
北魏元义妻拜為女侍中】褁頭內人【唐制宮人給使今者皆冠巾】閙掃粧【唐末宮中
髻爲閙掃粧猶盤鴉墮馬之類唐詩還流閙掃學宮粧】柘彈【陳後主宮人每於春林放柘彈】蝶
幸【唐明皇春時使後宮各挿花親放蝴蝶隨蝶所止幸之謂之蝶幸】鶴籥雀釵【江總爲陳         六宮謝表云鶴籥晨啟雀釵曉映步動雲荏香飄
霧穀媿纏豔粉無情拂鏡愁縈巧黛息意臨牕】
公主  王姬肅雝【詩註王姬下嫁於諸侯使執婦道戒肅雝之徳也】帝子降【楚詞帝子降於北渚注帝子堯女也】
天孫下【天孫即織女也以此帝女】鳳凰臺【秦穆公女弄玉善吹蕭作】","披香博士【漢成帝時披香博士淖方成見趙飛燕唾曰此禍水也滅火必矣】女侍中
北魏元义妻拜為女侍中】褁頭內人【唐制宮人給使今者皆冠巾】閙掃粧【唐末宮中
髻爲閙掃粧猶盤鴉墮馬之類唐詩還流閙掃學宮粧】柘彈【陳後主宮人每於春林放柘彈】蝶
幸【唐明皇春時使後宮各挿花親放蝴蝶隨蝶所止幸之謂之蝶幸】鶴籥雀釵【江總爲陳         六宮謝表云鶴籥晨啟雀釵曉映步動雲荏香飄
霧穀媿纏豔粉無情拂鏡愁縈巧黛息意臨牕】
公主  王姬肅雝【詩註王姬下嫁於諸侯使執婦道戒肅雝之徳也】帝子降【楚詞帝子降於北渚注帝子堯女也】
天孫下【天孫即織女也以此帝女】鳳凰臺【秦穆公女弄玉善吹蕭作】",待标注,"{""行款"":""半页5行，行56字""}",,
340,340.jpg,340.jpg,一期,一期,"暫得安疾必再来此必至之理也以今日而視去
歳人心國勢之不相侔何止相什百哉臣子之義
惟當奮不頑死以徇國家之急及其成功則天也
然自是之後朝廷非大有慱創士氣大有變革內
外大小同心恊力以扶持宗社保全家室爲事掃
去渝惰茍且之習媢嫉譖愬之風雖使冦退亦豈
易支吾哉故余作此録記其實而無所隠靡欒後
之覽者有感於斯文
靖康傳信録巻上
宋李綱撰
宣和七年冬金人敗盟分兵兩道入冦其一以戎
子幹離不爲帥冦燕山郭藥師叛燕山諸郡皆陷
遂犯河北其一以國相粘罕爲帥冦河東李帥本
叛忻代失守遂圍大原邊報猝至朝廷震懼不復
議戰守惟日謀避狄之計然其事尚秘外廷未聞
也至十二月中旬間賊馬逼近始遣李鄴借給事
中奉使講和降詔罪己召天下勤王之師且命皇
","暫得安疾必再来此必至之理也以今日而視去
歳人心國勢之不相侔何止相什百哉臣子之義
惟當奮不頑死以徇國家之急及其成功則天也
然自是之後朝廷非大有慱創士氣大有變革內
外大小同心恊力以扶持宗社保全家室爲事掃
去渝惰茍且之習媢嫉譖愬之風雖使冦退亦豈
易支吾哉故余作此録記其實而無所隠靡欒後
之覽者有感於斯文
靖康傳信録巻上
宋李綱撰
宣和七年冬金人敗盟分兵兩道入冦其一以戎
子幹離不爲帥冦燕山郭藥師叛燕山諸郡皆陷
遂犯河北其一以國相粘罕爲帥冦河東李帥本
叛忻代失守遂圍大原邊報猝至朝廷震懼不復
議戰守惟日謀避狄之計然其事尚秘外廷未聞
也至十二月中旬間賊馬逼近始遣李鄴借給事
中奉使講和降詔罪己召天下勤王之師且命皇
",待标注,"{""行款"":""半页7行，行19字""}",,
341,341.jpg,341.jpg,一期,一期,"王師古等圍與金人出沒鏖戰于暮天坡軒獲甚
衆復犯中軍余親率將士以神臂弓射知之是夜
宿于城外而平仲者前一夕刼寨爲虜所覺殺傷
相當所折者不過千餘人既不得所欲恐以違莭
制爲神師道所誅即適去而宰執臺諫聞然謂西
兵勤王之師及親征行營司兵爲金人所殱無復
存者上震恐有詔不得進兵而幹離不遣使以謂
用兵特將帥所爲不出上意請再和宰相于上前
語使臣曰用兵乃大臣李綱與姚平仲結構非朝
廷意僉議欲縛余以興之而使人反以爲不可遂
罷尚書右丞親征行營使以蔡懋代之因廢行營
使可以守禦使總兵事而神師道亦罷宣撫使余
是時得止兵詔知事且變即振旅以入城詣崇政
殿求對既至殿前聞罷命乃不果退處浴室院待
罷時初三日也蔡懋會計行營司所失纔百餘人
而西兵及勤王之師折傷千餘人外餘並如故乃
知朝廷前所聞之非是夕上降親筆慰勞錫賚白
金緡錢五百貫兩且令吳敏宣諭將復用之意余
","王師古等圍與金人出沒鏖戰于暮天坡軒獲甚
衆復犯中軍余親率將士以神臂弓射知之是夜
宿于城外而平仲者前一夕刼寨爲虜所覺殺傷
相當所折者不過千餘人既不得所欲恐以違莭
制爲神師道所誅即適去而宰執臺諫聞然謂西
兵勤王之師及親征行營司兵爲金人所殱無復
存者上震恐有詔不得進兵而幹離不遣使以謂
用兵特將帥所爲不出上意請再和宰相于上前
語使臣曰用兵乃大臣李綱與姚平仲結構非朝
廷意僉議欲縛余以興之而使人反以爲不可遂
罷尚書右丞親征行營使以蔡懋代之因廢行營
使可以守禦使總兵事而神師道亦罷宣撫使余
是時得止兵詔知事且變即振旅以入城詣崇政
殿求對既至殿前聞罷命乃不果退處浴室院待
罷時初三日也蔡懋會計行營司所失纔百餘人
而西兵及勤王之師折傷千餘人外餘並如故乃
知朝廷前所聞之非是夕上降親筆慰勞錫賚白
金緡錢五百貫兩且令吳敏宣諭將復用之意余
",待标注,"{""行款"":""半页18行，行19字""}",,
342,342.jpg,342.jpg,一期,一期,"唐翰林李太白文集巻第一　別集
表【三首】
爲呉王謝資赴行在遲滯表
臣某言伏蒙聖恩追赴行在臣誠惶誠恐
頓首頓首臣聞胡馬矯首嘶北風以跼顔
越禽歸飛恋南枝而刷羽所以流波思其
舊浦落葉墜於本根在物尚然矧於臣子
臣位叨盤石韋貢明時才闕撝戎謬當強
","唐翰林李太白文集巻第一　別集
表【三首】
爲呉王謝資赴行在遲滯表
臣某言伏蒙聖恩追赴行在臣誠惶誠恐
頓首頓首臣聞胡馬矯首嘶北風以跼顔
越禽歸飛恋南枝而刷羽所以流波思其
舊浦落葉墜於本根在物尚然矧於臣子
臣位叨盤石韋貢明時才闕撝戎謬當強
",待标注,"{""行款"":""半页7行，行16字""}",,
343,343.jpg,343.jpg,一期,一期,"訓擁千載之鴻休有國之本群生屬望粵
自明兩光歧之陽昔有周大王之興教跡
於此天啓有類豈人事歟皇朝百五十年
金革不作逆胡竊號剝亂中原雖平嵩丘
填伊洛不妥以掩宮城之骸骨決洪河灑
秦雍不足以蕩犬羊之羶臊毒浸區宇憒
盈穹旻此刅猛士奮鉤之秋謀臣運籌之
日夫不拯橫流何以敬聖徳不斬巨猾無
以興神功十亂佐周而克呂四兇及虞而
乃去去兇者非陛下而誰且道有興廢代
有中季漢當三七非亦爲災赤伏再起丕
業終尤非陛下至神至聖安能勃然中興
乎以臣料人事得失敢獻疑於陛下臣猶
望愚夫千慮或冀一得何者賊臣楊國忠
蔽塞天聰屠割##女弟席寵傾國弄權
九土泉貨#歸其室怨氣上激水旱荐臻
","訓擁千載之鴻休有國之本群生屬望粵
自明兩光歧之陽昔有周大王之興教跡
於此天啓有類豈人事歟皇朝百五十年
金革不作逆胡竊號剝亂中原雖平嵩丘
填伊洛不妥以掩宮城之骸骨決洪河灑
秦雍不足以蕩犬羊之羶臊毒浸區宇憒
盈穹旻此刅猛士奮鉤之秋謀臣運籌之
日夫不拯橫流何以敬聖徳不斬巨猾無
以興神功十亂佐周而克呂四兇及虞而
乃去去兇者非陛下而誰且道有興廢代
有中季漢當三七非亦爲災赤伏再起丕
業終尤非陛下至神至聖安能勃然中興
乎以臣料人事得失敢獻疑於陛下臣猶
望愚夫千慮或冀一得何者賊臣楊國忠
蔽塞天聰屠割##女弟席寵傾國弄權
九土泉貨#歸其室怨氣上激水旱荐臻
",待标注,"{""行款"":""半页16行，行16字""}",,
344,344.jpg,344.jpg,一期,一期,"冦駑拙有素天實知之伏惟陛下重紐軋
綱再清國步慤臣不逺賜臣生全歸見白
日死無遺恨然臣年過耳順風瘵日加鋒
鏑殘骸劣有餘喘鋌束力上道而心與頷
遠貴食尺寸之程轉增犬馬之惱非有他
故以疾淹留今大舉天兵掃除戎羯所在
郵驛徴冡交馳臣逐便水行難於陸進瞻
望丹闕心魂若飛慾墜履之還収喜遺簪
之再御不勝涕恋屏營之至謹奉表以聞
爲呉中丞請都金陵表
臣某言臣誠惶誠恐頓首碩首臣聞社稷
無常奉明者守之君臣無定位開者失之
所以文作子述重光疊輝天未絶晉人惟
惑唐以功徳有厚薄運數有條短功高而
福祚長永徳薄而政教陵遲三后之姓於
今爲庻非一朝也伏惟陛下飲六聖之光
","冦駑拙有素天實知之伏惟陛下重紐軋
綱再清國步慤臣不逺賜臣生全歸見白
日死無遺恨然臣年過耳順風瘵日加鋒
鏑殘骸劣有餘喘鋌束力上道而心與頷
遠貴食尺寸之程轉增犬馬之惱非有他
故以疾淹留今大舉天兵掃除戎羯所在
郵驛徴冡交馳臣逐便水行難於陸進瞻
望丹闕心魂若飛慾墜履之還収喜遺簪
之再御不勝涕恋屏營之至謹奉表以聞
爲呉中丞請都金陵表
臣某言臣誠惶誠恐頓首碩首臣聞社稷
無常奉明者守之君臣無定位開者失之
所以文作子述重光疊輝天未絶晉人惟
惑唐以功徳有厚薄運數有條短功高而
福祚長永徳薄而政教陵遲三后之姓於
今爲庻非一朝也伏惟陛下飲六聖之光
",待标注,"{""行款"":""半页15行，行16字""}",,
345,345.jpg,345.jpg,一期,一期,"仍疑焉及覽淵明集有自祭文曰不封不樹豈其時
真不封不樹以啓竊挺而葬者邪墓在面陽山徳化
椘城鄉也集去注興評爲巻云八十一板因系之曰
淵明髙才逸人也而復善知幾砥遵靡時潛龍勿用
然予讀其詩有俛仰悲慨玩世肆志之心焉嗚呼大
明正徳八年嵗次癸酉冬十二月北郡李夢陽序 梁昭明太子統撰
夫自衒自媒者士女之醜行不忮不求者明達之用
心是以聖人韜光賢人遁世其故何也含徳之至莫
踰於道親己之切無重於身故道存而身安道亡而
身害處百齡之內居一世之中倐忽比之白駒寄過
謂之近旅宜乎興大塊而盈羨隨中和而任放豈能
戚戚勞於憂畏汲汲役於人間齊謳趙女之娛八珍
九鼎之食結駰連騎之榮侈袂斂圭之貴樂既樂矣
憂亦隨之何倚伏之難量亦慶吊之稠及智者賢人
","仍疑焉及覽淵明集有自祭文曰不封不樹豈其時
真不封不樹以啓竊挺而葬者邪墓在面陽山徳化
椘城鄉也集去注興評爲巻云八十一板因系之曰
淵明髙才逸人也而復善知幾砥遵靡時潛龍勿用
然予讀其詩有俛仰悲慨玩世肆志之心焉嗚呼大
明正徳八年嵗次癸酉冬十二月北郡李夢陽序 梁昭明太子統撰
夫自衒自媒者士女之醜行不忮不求者明達之用
心是以聖人韜光賢人遁世其故何也含徳之至莫
踰於道親己之切無重於身故道存而身安道亡而
身害處百齡之內居一世之中倐忽比之白駒寄過
謂之近旅宜乎興大塊而盈羨隨中和而任放豈能
戚戚勞於憂畏汲汲役於人間齊謳趙女之娛八珍
九鼎之食結駰連騎之榮侈袂斂圭之貴樂既樂矣
憂亦隨之何倚伏之難量亦慶吊之稠及智者賢人
",待标注,"{""行款"":""半页14行，行20字""}",,
346,346.jpg,346.jpg,一期,一期,"【城大守生五子史失載】嗟余寡陋瞻望弗及願慚華鬢負影
隻立三千之罪無後爲急我誠念哉呱聞爾泣卜
云嘉曰占亦良時名汝曰儼字汝求思溫恭朝夕念
茲在茲尚想孔伋庻其企而【孔伋因求思而言】厲夜生子
遽而求火【莊子天地篇屬之人在半夜生其子也遽疾大而包之及吸然恐似已也】凡百有
心奚特於我既見其生實欲其可人亦有言斯情無
假日居月諸漸免子孩福不虗至禍亦易來夙興
夜寐顧爾斯才爾之不才亦已焉哉  歸鳥
翼翼歸鳥戾去于林遠之八荒近怨雲岑和風不洽
翻翮求心顧儔相鳴景庇清隂　翼翼歸鳥載翔載
飛雖不懐游見林情依遇雲頡頏相鳴而歸遐路誠
悠性愛無遺   翼翼歸鳥馴林徘徊豈思天路欣及
舊棲雖無昔侶衆聲每詣日夕氣清悠然其懷　翼
翼歸鳥戢羽寒條游不曠林宿則森標晨風清興好
音時交矰繳奚施已卷安勞
陶淵明集巻之一
","【城大守生五子史失載】嗟余寡陋瞻望弗及願慚華鬢負影
隻立三千之罪無後爲急我誠念哉呱聞爾泣卜
云嘉曰占亦良時名汝曰儼字汝求思溫恭朝夕念
茲在茲尚想孔伋庻其企而【孔伋因求思而言】厲夜生子
遽而求火【莊子天地篇屬之人在半夜生其子也遽疾大而包之及吸然恐似已也】凡百有
心奚特於我既見其生實欲其可人亦有言斯情無
假日居月諸漸免子孩福不虗至禍亦易來夙興
夜寐顧爾斯才爾之不才亦已焉哉  歸鳥
翼翼歸鳥戾去于林遠之八荒近怨雲岑和風不洽
翻翮求心顧儔相鳴景庇清隂　翼翼歸鳥載翔載
飛雖不懐游見林情依遇雲頡頏相鳴而歸遐路誠
悠性愛無遺   翼翼歸鳥馴林徘徊豈思天路欣及
舊棲雖無昔侶衆聲每詣日夕氣清悠然其懷　翼
翼歸鳥戢羽寒條游不曠林宿則森標晨風清興好
音時交矰繳奚施已卷安勞
陶淵明集巻之一
",待标注,"{""行款"":""半页14行，行20字""}",,
347,347.jpg,347.jpg,一期,一期,"國語卷第三 韋氏解 音訓附
周語下
柯陵之會【柯陵鄭西也名也經書公會尹子單子晉侯齊侯宋公衛侯曹伯邾
人伐鄭六月乙酉同盟于柯陵在魯成十七年音訓柯古何反】單襄公見晉
厲公視速步髙【襄公下卿士單朝之謚也時命事而不興會故不書厲公
晉成公之孫景公之子厲公州蕭也視遠望視遠步髙舉足髙也音訓見如字】晉郤
錡見單子其語犯【郤錡晉卿郤克之子駒伯也犯陵犯人也音訓錡其
【倚反見賓偏反後並同又各如字】郤犨見其語迂【郤犨晉卿郤倚之族
父步拱之子若城叔亦迂回#誣於人也音訓#尺周反迂一于一矩二反】郤至","國語卷第三 韋氏解 音訓附
周語下
柯陵之會【柯陵鄭西也名也經書公會尹子單子晉侯齊侯宋公衛侯曹伯邾
人伐鄭六月乙酉同盟于柯陵在魯成十七年音訓柯古何反】單襄公見晉
厲公視速步髙【襄公下卿士單朝之謚也時命事而不興會故不書厲公
晉成公之孫景公之子厲公州蕭也視遠望視遠步髙舉足髙也音訓見如字】晉郤
錡見單子其語犯【郤錡晉卿郤克之子駒伯也犯陵犯人也音訓錡其
【倚反見賓偏反後並同又各如字】郤犨見其語迂【郤犨晉卿郤倚之族
父步拱之子若城叔亦迂回#誣於人也音訓#尺周反迂一于一矩二反】郤至",待标注,"{""行款"":""半页7行，行30字""}",,
348,348.jpg,348.jpg,一期,一期,"意【出自心意為忠】言信必及身【先信於身而後及人】言仁必及
人【博愛爲忠人爲仁】言義必及利【能利人物然後爲義易曰利物足以和義】
言智必及事【能攝事物爲智】言勇必乃制【以義爲制也非勇而不義非勇也】
言教必及辯【辯別也能分別是非乃可以教音訓註別彼列反】言孝必及神【孝於鬼神則孝者信矣】言惠必及和【惠愛也和睦也
言致和睦時乃爲親愛也】言讓必及敵【雖在匹敵猶以禮讓也】晉國
有憂未嘗不戚【急其宗也】有慶未嘗不怡【廢福也怡悅也】襄公有疾召頃公而告之【頃公單襄公之#也音訓頃音傾告
古毒反】曰必善晉周將得晉國其行也文【經緯天地曰文】能文則得天地天地所祚小而後國【祚福也天之所】","意【出自心意為忠】言信必及身【先信於身而後及人】言仁必及
人【博愛爲忠人爲仁】言義必及利【能利人物然後爲義易曰利物足以和義】
言智必及事【能攝事物爲智】言勇必乃制【以義爲制也非勇而不義非勇也】
言教必及辯【辯別也能分別是非乃可以教音訓註別彼列反】言孝必及神【孝於鬼神則孝者信矣】言惠必及和【惠愛也和睦也
言致和睦時乃爲親愛也】言讓必及敵【雖在匹敵猶以禮讓也】晉國
有憂未嘗不戚【急其宗也】有慶未嘗不怡【廢福也怡悅也】襄公有疾召頃公而告之【頃公單襄公之#也音訓頃音傾告
古毒反】曰必善晉周將得晉國其行也文【經緯天地曰文】能文則得天地天地所祚小而後國【祚福也天之所】",待标注,"{""行款"":""半页7行，行33字""}",,
349,349.jpg,349.jpg,一期,一期,"冬夜扵隨州紫陽先生鳴霞樓上送煙子
元演隠仙城山序
李太白文集
表
爲吳王謝責赴行在遲滯表
臣某言伏蒙聖懇追赴行在臣誠惶誠恐頓首
頓首臣聞胡馬矯首嘶北風以跼顧越禽歸飛
戀南枝靣刷羽所以流波思其舊浦落葉墜扵
本根在物尚然矧扵臣子臣位叨盤石辜負明
時才闢揔戎謬當強寇駑拙有素天實知之伏
惟陛下重紐乾綱再清國步慜臣不逮賜臣生
全歸見白日死無遺恨然臣年過耳順風瘵日
","冬夜扵隨州紫陽先生鳴霞樓上送煙子
元演隠仙城山序
李太白文集
表
爲吳王謝責赴行在遲滯表
臣某言伏蒙聖懇追赴行在臣誠惶誠恐頓首
頓首臣聞胡馬矯首嘶北風以跼顧越禽歸飛
戀南枝靣刷羽所以流波思其舊浦落葉墜扵
本根在物尚然矧扵臣子臣位叨盤石辜負明
時才闢揔戎謬當強寇駑拙有素天實知之伏
惟陛下重紐乾綱再清國步慜臣不逮賜臣生
全歸見白日死無遺恨然臣年過耳順風瘵日
",待标注,"{""行款"":""半页9行，行18字""}",,
350,350.jpg,350.jpg,一期,一期,"銘刻心骨退思狂#五情冰炭罔知所措晝愧
扵影夜慙扵魄啓處不遑戰竭無地伏惟君侯
明奪秋月和均韶風掃塵辭場振叢文雅陸機
作太康之儻士未可比肩曹植爲建安之雄才
惟堪捧駕天下豪俊翕然趨風白之不敏竊慕
餘論何圖叔夜潦倒不切扵事情正平猖狂自
貽扵恥辱一忤容色終身厚顔敢昧負荊請罪
門下儻免以訓倅恤其愚蒙如能伏鈁結纓謝
君侯之徳敢以近所爲春遊救菩寺詩一首十
韻石巖寺詩一首八韻上揚都尉詩一首三十  韻辭旨狂貴露下情輕干視聽韋乞詳覽  與賈少公書
宿昔惟清勝白縣疾疲肅去期恬退才微識淺
無足濟時雖中原橫潰持何以救之生命崇重
大揔元戎辟書三至人輕禮重嚴期迫切難以
固辭扶力一行前觀進退且殷深源廬嶽十載
時人觀其起與不起以卜江左興亡謝安髙臥
東山蒼生屬望白不樹矯抗之跡恥振玄邈之
風混逰漁裔隠不絶俗豈徒販賣雲壑要射虧
名方之二子實有慙徳徒塵忝幕府終無能爲
","銘刻心骨退思狂#五情冰炭罔知所措晝愧
扵影夜慙扵魄啓處不遑戰竭無地伏惟君侯
明奪秋月和均韶風掃塵辭場振叢文雅陸機
作太康之儻士未可比肩曹植爲建安之雄才
惟堪捧駕天下豪俊翕然趨風白之不敏竊慕
餘論何圖叔夜潦倒不切扵事情正平猖狂自
貽扵恥辱一忤容色終身厚顔敢昧負荊請罪
門下儻免以訓倅恤其愚蒙如能伏鈁結纓謝
君侯之徳敢以近所爲春遊救菩寺詩一首十
韻石巖寺詩一首八韻上揚都尉詩一首三十  韻辭旨狂貴露下情輕干視聽韋乞詳覽  與賈少公書
宿昔惟清勝白縣疾疲肅去期恬退才微識淺
無足濟時雖中原橫潰持何以救之生命崇重
大揔元戎辟書三至人輕禮重嚴期迫切難以
固辭扶力一行前觀進退且殷深源廬嶽十載
時人觀其起與不起以卜江左興亡謝安髙臥
東山蒼生屬望白不樹矯抗之跡恥振玄邈之
風混逰漁裔隠不絶俗豈徒販賣雲壑要射虧
名方之二子實有慙徳徒塵忝幕府終無能爲
",待标注,"{""行款"":""半页18行，行18字""}",,
351,351.jpg,351.jpg,一期,一期,"嶇未便何圖謗言忽生衆口攅毀將恐投杼下
客震扵嚴威然自眀無辜何憂悔恪孔子曰畏
天命畏大人畏聖人之言過此三者鬼神不害
若使事得其實罪當其身則將浴蘭沐芳自屏
扵烹鮮之地惟君侯死生不然投山竄海轉死
溝壑豈能眀目張膽託書自陳耶昔王東海問
犯夜者曰何所從來荅曰從師受學不覺日晚
王曰吾豈可鞭撻罷越以立威名想君侯通人
必不爾也願君侯惠以大遇洞開心顔終乎前
恩再辱英眄白必能使精誠動天長虹貫日直
度易水不以爲寒暑赫然作威加以大怒不許
門下遂之長途白即膝行扵前再拜而去西入
秦海一觀國風水辭君侯黃鵠舉矣何王公大
人之門不可以彈長劍乎【吳指南下脫同遊於楚指商君太守】
碑頌  溧陽瀨水貞義女碑銘【並序】
皇唐葉有六聖再造八拯鏡照萬方幽明咸熈
天秩有禮自太古及今君君臣臣烈士貞女采
其名節尤彰可激清頹俗者皆掃地而祠之蘭
蒸椒漿嵗祀罔缺而茲邑貞義女光靈翳然埋","嶇未便何圖謗言忽生衆口攅毀將恐投杼下
客震扵嚴威然自眀無辜何憂悔恪孔子曰畏
天命畏大人畏聖人之言過此三者鬼神不害
若使事得其實罪當其身則將浴蘭沐芳自屏
扵烹鮮之地惟君侯死生不然投山竄海轉死
溝壑豈能眀目張膽託書自陳耶昔王東海問
犯夜者曰何所從來荅曰從師受學不覺日晚
王曰吾豈可鞭撻罷越以立威名想君侯通人
必不爾也願君侯惠以大遇洞開心顔終乎前
恩再辱英眄白必能使精誠動天長虹貫日直
度易水不以爲寒暑赫然作威加以大怒不許
門下遂之長途白即膝行扵前再拜而去西入
秦海一觀國風水辭君侯黃鵠舉矣何王公大
人之門不可以彈長劍乎【吳指南下脫同遊於楚指商君太守】
碑頌  溧陽瀨水貞義女碑銘【並序】
皇唐葉有六聖再造八拯鏡照萬方幽明咸熈
天秩有禮自太古及今君君臣臣烈士貞女采
其名節尤彰可激清頹俗者皆掃地而祠之蘭
蒸椒漿嵗祀罔缺而茲邑貞義女光靈翳然埋",待标注,"{""行款"":""半页19行，行18字""}",,
352,352.jpg,352.jpg,一期,一期,"也趙武而降地屬中華既興國何有史其間刺史太守
及都護之賢聲徳政縱或有之要皆非吾人所當崇拜
紀念而倡自由獨立之大英雄大豪傑如徵王趙姬李
南帝趙越王梅黑帝曲先主吳王權則北人以反賊目
之在吾人則感其功德祀爲神明廟像莊嚴香花頂禮
而當日之可傳者十遺八九今欲表楊其事無由得詳
是闕史之時期也若夫丁皇建國歴黎李陳黎以迄本
朝帝王龍興文獻鵠起上有史成之束筆下有禆乗之
紀聞博而可徴詳而罔缺是乃信史之時期也要而言
之疑史時期民族之始祖也國城之筆基也闕史時期
開化之媒人也自主之產母也至信史時期則精神朗
如朝旭氣勢湧如春潮威震元明境包佔臘地以闢而
愈廣民以殖而益滋錦繡山河太平草木煥乎韙矣回
憶我祖我宗以所貽謀啟後者俗多美而可守法多善
而可循懿行嘉言足以垂世教英風偉烈足以起人心
至於分合之源興衰之故爲鑑爲戒何是何非紙上有
","也趙武而降地屬中華既興國何有史其間刺史太守
及都護之賢聲徳政縱或有之要皆非吾人所當崇拜
紀念而倡自由獨立之大英雄大豪傑如徵王趙姬李
南帝趙越王梅黑帝曲先主吳王權則北人以反賊目
之在吾人則感其功德祀爲神明廟像莊嚴香花頂禮
而當日之可傳者十遺八九今欲表楊其事無由得詳
是闕史之時期也若夫丁皇建國歴黎李陳黎以迄本
朝帝王龍興文獻鵠起上有史成之束筆下有禆乗之
紀聞博而可徴詳而罔缺是乃信史之時期也要而言
之疑史時期民族之始祖也國城之筆基也闕史時期
開化之媒人也自主之產母也至信史時期則精神朗
如朝旭氣勢湧如春潮威震元明境包佔臘地以闢而
愈廣民以殖而益滋錦繡山河太平草木煥乎韙矣回
憶我祖我宗以所貽謀啟後者俗多美而可守法多善
而可循懿行嘉言足以垂世教英風偉烈足以起人心
至於分合之源興衰之故爲鑑爲戒何是何非紙上有
",待标注,"{""行款"":""半页16行，行21字""}",,
353,353.jpg,353.jpg,一期,一期,"自誌三則  一奉約
國史謹以舊史及欽定通鑑綱目約其有闗大體及興
亡大要據寔備書外恭輯   國朝世系國朝寔錄及一
統志嘉定通誌方亭地誌節義錄桑滄偶錄並諸雜志
與少時所聞諸故老有所發明考證者約畧成書至於
芸臺類語歴朝寡章通鑑已備集者間亦略集其間事
則舊史而詞語有不能盡因舊者不敢拘執獨是善善
惡惡之義則竊自有取焉 一奉炤我
國面海背山東南際海北夾廣東之欽亷廣西之龍州
及慿祥府雲南之開化臨安等府西南夾緬甸哀牢暹
羅高蠻等國海口一百十一處驛程除平順邉和以南
極河仙界皆水程順便外自平順進京及北至南闗共
九十八站通長三千八百六十六里一百三十三丈二
尺零　南里一百三十五丈每丈十南尺北里一百八
","自誌三則  一奉約
國史謹以舊史及欽定通鑑綱目約其有闗大體及興
亡大要據寔備書外恭輯   國朝世系國朝寔錄及一
統志嘉定通誌方亭地誌節義錄桑滄偶錄並諸雜志
與少時所聞諸故老有所發明考證者約畧成書至於
芸臺類語歴朝寡章通鑑已備集者間亦略集其間事
則舊史而詞語有不能盡因舊者不敢拘執獨是善善
惡惡之義則竊自有取焉 一奉炤我
國面海背山東南際海北夾廣東之欽亷廣西之龍州
及慿祥府雲南之開化臨安等府西南夾緬甸哀牢暹
羅高蠻等國海口一百十一處驛程除平順邉和以南
極河仙界皆水程順便外自平順進京及北至南闗共
九十八站通長三千八百六十六里一百三十三丈二
尺零　南里一百三十五丈每丈十南尺北里一百八
",待标注,"{""行款"":""半页13行，行21字""}",,
354,354.jpg,354.jpg,一期,一期,"#大#尺只當兩尺七寸五分通算則南北里亦相同
五#尺爲步
一南國從古當自有文字不然從前事縁何記憶士刺
史文字之教則至是始學漢文用漢字耳漢文通行既
乆國字遂不復傳無復可考試觀上游山峒之民各有
文字相爲行用豈應國中而獨無乎
黃道成謹志
","#大#尺只當兩尺七寸五分通算則南北里亦相同
五#尺爲步
一南國從古當自有文字不然從前事縁何記憶士刺
史文字之教則至是始學漢文用漢字耳漢文通行既
乆國字遂不復傳無復可考試觀上游山峒之民各有
文字相爲行用豈應國中而獨無乎
黃道成謹志
",待标注,"{""行款"":""半页5行，行21字""}",,
355,355.jpg,355.jpg,一期,一期,"大越史記本紀實録卷之十一
　朝列大夫國子監司業兼史官修撰臣吳士連編
黎皇朝紀
　太宗文皇帝【諱元龍太祖次子在位九年東巡而崩壽二十塟祐陵
帝天寳明智羅懲小平內制強臣外擾夷狄重道崇儒設科甲士獻嶽所囚率多寛貸亦
守成之民主也##心潤邑暴崩于外目取之地】
　其毋恭慈皇太后范氏諱陳清#雷陽群來
鄉人也以太祖起義六年癸卯冬十一月二
十日誕生順天元年三月冊封梁郡公二年
","大越史記本紀實録卷之十一
　朝列大夫國子監司業兼史官修撰臣吳士連編
黎皇朝紀
　太宗文皇帝【諱元龍太祖次子在位九年東巡而崩壽二十塟祐陵
帝天寳明智羅懲小平內制強臣外擾夷狄重道崇儒設科甲士獻嶽所囚率多寛貸亦
守成之民主也##心潤邑暴崩于外目取之地】
　其毋恭慈皇太后范氏諱陳清#雷陽群來
鄉人也以太祖起義六年癸卯冬十一月二
十日誕生順天元年三月冊封梁郡公二年
",待标注,"{""行款"":""半页8行，行17字""}",,
356,356.jpg,356.jpg,一期,一期,"正月六日立爲皇太子六年九月八日即位
以明年爲紹平元年大赦天下以生日爲繼天
聖節尋改萬夀聖節號桂林洞主寺帝年方
十一不假垂簾聽政而天下之事皆自己出
甲寅紹平元年【明宣德九年】春正月#帝率百官謁太
廟又率百官同北使望闕拜於客舘四日命門
下司右侍郎阮富【後改傳】右刑院郎中范寺中興
北使徐琦嘉脅等如明先是明遣徐琦等𧶘勑
來問所拘留之人及土貢之金故帝遣富等徃","正月六日立爲皇太子六年九月八日即位
以明年爲紹平元年大赦天下以生日爲繼天
聖節尋改萬夀聖節號桂林洞主寺帝年方
十一不假垂簾聽政而天下之事皆自己出
甲寅紹平元年【明宣德九年】春正月#帝率百官謁太
廟又率百官同北使望闕拜於客舘四日命門
下司右侍郎阮富【後改傳】右刑院郎中范寺中興
北使徐琦嘉脅等如明先是明遣徐琦等𧶘勑
來問所拘留之人及土貢之金故帝遣富等徃",待标注,"{""行款"":""半页9行，行18字""}",,
357,357.webp,357.png,二期,二期：复杂版面,"心性
脩持","心性
脩持",待标注,"{""行款"":""半页2行，行2字""}",,
358,358.webp,358.png,二期,二期：复杂版面,"斷魔
歸本","斷魔
歸本",待标注,"{""行款"":""半页2行，行2字""}",,
359,359.webp,359.png,二期,二期：复杂版面,"一個想着吹簘風韵一個想着戒指恩情相思半載欠安
寧此際相逢僥倖
世人尚口我獨
尊足口昜㒷
波足能涉陸
䖏下不傾千
里可逐劳
重賞薄无
言忍辱酬之
以酒慰尔僕","一個想着吹簘風韵一個想着戒指恩情相思半載欠安
寧此際相逢僥倖
世人尚口我獨
尊足口昜㒷
波足能涉陸
䖏下不傾千
里可逐劳
重賞薄无
言忍辱酬之
以酒慰尔僕",待标注,"{""行款"":""半页10行，行5字""}",,
360,360.webp,360.png,二期,二期：复杂版面,"今明乞相寒儒
忽作朝家貴客
賣鎚家
嶽雲楼令公賞說","今明乞相寒儒
忽作朝家貴客
賣鎚家
嶽雲楼令公賞說",待标注,"{""行款"":""半页3行，行6字""}",,
361,361.webp,361.png,二期,二期：复杂版面,"葛令公生遺弄珠見
寒來雪三尺人
去途千里长途
苦雪寒何况
囊无米并精
一人生同行
両人死両死诚
何益一生尚有
恃陰哉左㑑桃
隕命成人羙","葛令公生遺弄珠見
寒來雪三尺人
去途千里长途
苦雪寒何况
囊无米并精
一人生同行
両人死両死诚
何益一生尚有
恃陰哉左㑑桃
隕命成人羙",待标注,"{""行款"":""半页10行，行6字""}",,
362,362.webp,362.png,二期,二期：复杂版面,来時自有白雲封,来時自有白雲封,待标注,"{""行款"":""半页1行，行7字""}",,
363,363.webp,363.png,二期,二期：复杂版面,"【世音菩萨】
東坡夢游
孝光寺","【世音菩萨】
東坡夢游
孝光寺",待标注,"{""行款"":""半页2行，行6字""}",,
364,364.webp,364.png,二期,二期：复杂版面,"吕珍
張士成
張虬","吕珍
張士成
張虬",待标注,"{""行款"":""半页3行，行2字""}",,
365,365.webp,365.png,二期,二期：复杂版面,"胡大海
李善長
孫炎","胡大海
李善長
孫炎",待标注,"{""行款"":""半页3行，行3字""}",,
366,366.webp,366.png,二期,二期：复杂版面,夫人蕭寺暫停䘮,夫人蕭寺暫停䘮,待标注,"{""行款"":""半页1行，行7字""}",,
367,367.webp,367.png,二期,二期：复杂版面,"新訂時調崑腔綴白裘初編總目
風
開塲
加官
招財
副末
牧羊記
慶夀
頒詔
調
邯郸夢
掃花
占花魁
勸装
牡丹亭
𡨋判
拾画
雨
琵琶記
辭朝
盤夫
西川圖
芦蕩
一文錢
捨财
爛柯山
寄信
順
荆釵記
𠫭相
水滸記
借茶
劉唐
殺惜
活捉","新訂時調崑腔綴白裘初編總目
風
開塲
加官
招財
副末
牧羊記
慶夀
頒詔
調
邯郸夢
掃花
占花魁
勸装
牡丹亭
𡨋判
拾画
雨
琵琶記
辭朝
盤夫
西川圖
芦蕩
一文錢
捨财
爛柯山
寄信
順
荆釵記
𠫭相
水滸記
借茶
劉唐
殺惜
活捉",待标注,"{""行款"":""半页31行，行2字""}",,
368,368.webp,368.png,二期,二期：复杂版面,大加官,大加官,待标注,"{""行款"":""半页1行，行3字""}",,
369,369.webp,369.png,二期,二期：复杂版面,"搭伏定鮫
綃枕
頭兒上盹隱之
【南溯】","搭伏定鮫
綃枕
頭兒上盹隱之
【南溯】",待标注,"{""行款"":""半页3行，行4字""}",,
370,370.webp,370.png,二期,二期：复杂版面,"本草綱目附圖卷之上
階文林郎蓬溪知縣男李建中輯
府學生男李建元圖
州學生孫李樹宗校
金石部金類附圖
水金
山金
銀
錫恡脂銀癀
【礦】","本草綱目附圖卷之上
階文林郎蓬溪知縣男李建中輯
府學生男李建元圖
州學生孫李樹宗校
金石部金類附圖
水金
山金
銀
錫恡脂銀癀
【礦】",待标注,"{""行款"":""半页6行，行8字""}",,
371,371.webp,371.png,二期,二期：复杂版面,"金石部石類上附圖
丹砂
水银
黃雄
雌黃","金石部石類上附圖
丹砂
水银
黃雄
雌黃",待标注,"{""行款"":""半页5行，行2字""}",,
372,372.webp,372.png,二期,二期：复杂版面,"石腦
石腦油
【石漆】
石炭
【煤石】
海浮石
石灰礦","石腦
石腦油
【石漆】
石炭
【煤石】
海浮石
石灰礦",待标注,"{""行款"":""半页7行，行3字""}",,
373,373.webp,373.png,二期,二期：复杂版面,"金石部石類下附圖
陽起石
慈石
【石玄】
代赭石
禹餘粮
【中有水者石中黃】
空青
【色曰腹實者扁靑】
曽靑","金石部石類下附圖
陽起石
慈石
【石玄】
代赭石
禹餘粮
【中有水者石中黃】
空青
【色曰腹實者扁靑】
曽靑",待标注,"{""行款"":""半页10行，行3字""}",,
374,374.webp,374.png,二期,二期：复杂版面,"石部鹵石類附圖
海鹽
池鹽
井鹽
石鹽","石部鹵石類附圖
海鹽
池鹽
井鹽
石鹽",待标注,"{""行款"":""半页5行，行2字""}",,
375,375.webp,375.png,二期,二期：复杂版面,"戎鹽
光明鹽
鹵鹹
疑水石
玄精石
朴消芒消","戎鹽
光明鹽
鹵鹹
疑水石
玄精石
朴消芒消",待标注,"{""行款"":""半页6行，行3字""}",,
376,376.webp,376.png,二期,二期：复杂版面,"薺苊
桔梗
長松
黃精
萎蕤
知毋","薺苊
桔梗
長松
黃精
萎蕤
知毋",待标注,"{""行款"":""半页6行，行2字""}",,
377,377.webp,377.png,二期,二期：复杂版面,"天地所生藥性
清也 氣司味行 蓋純陽則從上陽中之隂又泄下也
陽也
天所生氣也
發輳理
出上竅
實四支
厚則陽中之陽如附子氣厚故發熱
簿則陽中之隂如茯苓氣薄故下滲
天之生飬精精不足又補之以味
地之生飬刑刑不足又温之以氣
地所生味也
歸六腑
出下竅
走五臟
厚則陰中之陰如大黄味厚故泄下
薄則陰中之陽如麻黃味薄故發汗
隂也
濁也 味引氣行 盖純隂則從下隂中之陽又升上也","天地所生藥性
清也 氣司味行 蓋純陽則從上陽中之隂又泄下也
陽也
天所生氣也
發輳理
出上竅
實四支
厚則陽中之陽如附子氣厚故發熱
簿則陽中之隂如茯苓氣薄故下滲
天之生飬精精不足又補之以味
地之生飬刑刑不足又温之以氣
地所生味也
歸六腑
出下竅
走五臟
厚則陰中之陰如大黄味厚故泄下
薄則陰中之陽如麻黃味薄故發汗
隂也
濁也 味引氣行 盖純隂則從下隂中之陽又升上也",待标注,"{""行款"":""半页8行，行14字""}",,
378,378.webp,378.png,二期,二期：复杂版面,"五圖各論五臟於後
肝
太過則發生
氣平則敷和
不及則委和
病
耳鳴目昏
飲食不下
隔咽不通
兩脇俱痛
胃脘痛
嘔泄棹眩
巔狂中風
脇痛引小腹
善暴僵仆
制脾脹滿
治法
廿以緩之
辛以散之
補水以生之
補金以制之
燥以勝風
酸以收之
性
動揺
形
二布葉一小葉如
木甲狀以主血
情
善怒
多慮","五圖各論五臟於後
肝
太過則發生
氣平則敷和
不及則委和
病
耳鳴目昏
飲食不下
隔咽不通
兩脇俱痛
胃脘痛
嘔泄棹眩
巔狂中風
脇痛引小腹
善暴僵仆
制脾脹滿
治法
廿以緩之
辛以散之
補水以生之
補金以制之
燥以勝風
酸以收之
性
動揺
形
二布葉一小葉如
木甲狀以主血
情
善怒
多慮",待标注,"{""行款"":""半页22行，行4字""}",,
379,379.webp,379.png,二期,二期：复杂版面,"五臟所屬之類
肝 心 脾 肺 肾
五情
憂 喜 畏 愁 恐
五液
淚 汗 涎 涕 唾
五味
酸 苦 甘 辛 鹹
五氣
風 熱 濕 燥 寒
五生
筋 血 肉 氣 骨
五藏
魂 神 意 魄 志","五臟所屬之類
肝 心 脾 肺 肾
五情
憂 喜 畏 愁 恐
五液
淚 汗 涎 涕 唾
五味
酸 苦 甘 辛 鹹
五氣
風 熱 濕 燥 寒
五生
筋 血 肉 氣 骨
五藏
魂 神 意 魄 志",待标注,"{""行款"":""半页8行，行5字""}",,
380,380.webp,380.png,二期,二期：复杂版面,"腎
太過則流行
水平則静順
不及則涸流
病
左腎
關節不利
心腰腿痛
屈伸不便
心意不樂
厥逆痞堅
大小腸痛
腫喘身腫
汗出惡風
右命門
喉痺疝氣
嘔逆注下
疥癬癰腫
少氣瘡瘍
脇滿腹脹
四肢浮腫
濕瘧腹痛
血溢流注
耳鳴嘔涌
瘤氣結核
治法
熱則以鹹寒
辛以潤之
苦以堅之
寒則以辛熱
性
沉静
形
二形如江豆曲附子
膂筋裏白表黑
有脂褁之
情
多恐
主喜樂","腎
太過則流行
水平則静順
不及則涸流
病
左腎
關節不利
心腰腿痛
屈伸不便
心意不樂
厥逆痞堅
大小腸痛
腫喘身腫
汗出惡風
右命門
喉痺疝氣
嘔逆注下
疥癬癰腫
少氣瘡瘍
脇滿腹脹
四肢浮腫
濕瘧腹痛
血溢流注
耳鳴嘔涌
瘤氣結核
治法
熱則以鹹寒
辛以潤之
苦以堅之
寒則以辛熱
性
沉静
形
二形如江豆曲附子
膂筋裏白表黑
有脂褁之
情
多恐
主喜樂",待标注,"{""行款"":""半页30行，行4字""}",,
381,381.webp,381.png,二期,二期：复杂版面,"東垣形氣病氣有餘當瀉不足當補論
形氣
口鼻氣息為氣
息大為有餘
息短為不足
皮毛骨肉為形
肥為有餘
瘦為不足
此不足而病氣有餘亦宐瀉之
病氣
病來潮作
寒熱盛作
為病氣
精神増為有餘
精神弱為不足
此不足而形氣有餘亦宣補之
二者俱不足宐補
二者俱有餘宐泄","東垣形氣病氣有餘當瀉不足當補論
形氣
口鼻氣息為氣
息大為有餘
息短為不足
皮毛骨肉為形
肥為有餘
瘦為不足
此不足而病氣有餘亦宐瀉之
病氣
病來潮作
寒熱盛作
為病氣
精神増為有餘
精神弱為不足
此不足而形氣有餘亦宣補之
二者俱不足宐補
二者俱有餘宐泄",待标注,"{""行款"":""半页15行，行6字""}",,
382,382.webp,382.png,二期,二期：复杂版面,"暴虐六國【齊楚燕囗趙魏】併吞七四海干戈擾攘英雄困何處顕名
揚遭無頼低頭跨下寄食好恓惶使夫妻分别拆散
两鸞凰投奔西楚官卑執㦸【音棘】未露輝光運至風雲際
㑹逄蕭【名何】相方得佐明皇功成就築壇拜将衣錦耀鄉
邦【那耒的韓信是也交
過排塲綮做慢唱】
張子房鴻門謝宴 蕭丞相舉薦賢良
劉沛公築壇拜将 楚覇王自刎烏江
〇第二折
髙陽䑓
【生唱】
七尺長軀千軍猛烈正群雄角逐之日拜
将封侯只恐勢孤時失胸中謾有安邦䇿萬種思量晚
韓信市中得書劍","暴虐六國【齊楚燕囗趙魏】併吞七四海干戈擾攘英雄困何處顕名
揚遭無頼低頭跨下寄食好恓惶使夫妻分别拆散
两鸞凰投奔西楚官卑執㦸【音棘】未露輝光運至風雲際
㑹逄蕭【名何】相方得佐明皇功成就築壇拜将衣錦耀鄉
邦【那耒的韓信是也交
過排塲綮做慢唱】
張子房鴻門謝宴 蕭丞相舉薦賢良
劉沛公築壇拜将 楚覇王自刎烏江
〇第二折
髙陽䑓
【生唱】
七尺長軀千軍猛烈正群雄角逐之日拜
将封侯只恐勢孤時失胸中謾有安邦䇿萬種思量晚
韓信市中得書劍",待标注,"{""行款"":""半页3行，行24字""}",,
383,383.webp,383.png,二期,二期：复杂版面,"漂母河边遇韓信
愚痴夫婿先亡【音慍】殞家寒命久窘
沒個親隣問
只自守閨門訓
【（呀）遠 望見一個人耒了莫不是盗絮
的待我躲在一邉㸔他怎亥正是要知
心腹事但听口中言】
（下）
（生上唱）
（掛真兒）自嘆魚龍遭水浅蒼天何
故乆困男兒昨日今朝腹中飢餒泣洒尽英雄之涙
（生云）
【甑空塵積冷晨炊文武兼通不療飢時運未耒君且
守困龍也有上天時小生只為家貧一身狼狽妻子
尚且怨恨朋友豈淂週全今日且到淮河邉釣些魚
以克飢腹我想昔日孔子未遇之時尚為釣戈獵較
之事我韓信只為飢寒釣魚有何不可罷 倘淂一
朝風雲際㑹休忘了今旧長般様困苦之時】
（一江風）
（生唱）
望河濱逺浪滔 滚洗不尽英椎恨下絲
綸若釣鰲頭不枉了遭貧困逢人不忍論 心
中還自忖這飢餒難营運
（貼旦上）
是何人訴出心中忿
（生云）","漂母河边遇韓信
愚痴夫婿先亡【音慍】殞家寒命久窘
沒個親隣問
只自守閨門訓
【（呀）遠 望見一個人耒了莫不是盗絮
的待我躲在一邉㸔他怎亥正是要知
心腹事但听口中言】
（下）
（生上唱）
（掛真兒）自嘆魚龍遭水浅蒼天何
故乆困男兒昨日今朝腹中飢餒泣洒尽英雄之涙
（生云）
【甑空塵積冷晨炊文武兼通不療飢時運未耒君且
守困龍也有上天時小生只為家貧一身狼狽妻子
尚且怨恨朋友豈淂週全今日且到淮河邉釣些魚
以克飢腹我想昔日孔子未遇之時尚為釣戈獵較
之事我韓信只為飢寒釣魚有何不可罷 倘淂一
朝風雲際㑹休忘了今旧長般様困苦之時】
（一江風）
（生唱）
望河濱逺浪滔 滚洗不尽英椎恨下絲
綸若釣鰲頭不枉了遭貧困逢人不忍論 心
中還自忖這飢餒難营運
（貼旦上）
是何人訴出心中忿
（生云）",待标注,"{""行款"":""半页6行，行20字""}",,
384,384.webp,384.png,二期,二期：复杂版面,"新刻出像音註花欄韓信千金記一卷
金陵 書坊 富春堂 繡梓
〇第一折 引塲
滿庭芳（末白）
世態【音代】有常有変英雄能弱能強從未海水
斗難量運華金失色時至鐵生光休論先期勝負何
湏【音喻】預扣興亡高歌一曲觧愁腸柳遮庭院緑花覆酒
樽香
【且問後房朋友粧扮可曾完俻了未曽内應介
俱已完俻了外末云粧扮既巳完偹今宵搬演
誰家故事那本戯文内應云今日敷演乃是破楚封
王韓信千金記末云原耒這本傳竒人人㑹唱個個
能歌小子畧道家門看官便見大意
内云看官湏索雅静但聞表白家門】
沁園春（末白）勇士年華佳人命薄淮隂同受凄凉狂秦","新刻出像音註花欄韓信千金記一卷
金陵 書坊 富春堂 繡梓
〇第一折 引塲
滿庭芳（末白）
世態【音代】有常有変英雄能弱能強從未海水
斗難量運華金失色時至鐵生光休論先期勝負何
湏【音喻】預扣興亡高歌一曲觧愁腸柳遮庭院緑花覆酒
樽香
【且問後房朋友粧扮可曾完俻了未曽内應介
俱已完俻了外末云粧扮既巳完偹今宵搬演
誰家故事那本戯文内應云今日敷演乃是破楚封
王韓信千金記末云原耒這本傳竒人人㑹唱個個
能歌小子畧道家門看官便見大意
内云看官湏索雅静但聞表白家門】
沁園春（末白）勇士年華佳人命薄淮隂同受凄凉狂秦",待标注,"{""行款"":""半页11行，行20字""}",,
385,385.webp,385.png,二期,二期：复杂版面,"曰 但得今人能似古 一回搬演一回新
〇第二折
玉女傳言（生上）
萬卷詩書謾向螢【車囗】窓飽讀歎干戈輕文
重武所嗟親漸老温清定省朝暮蒼天垂佑少全人子
【經史㸔 抱滿懐六韜二畧便竒哉等閑漏洩天機
䖏尽是經邦済世才小生姓范名睢规卯人也𫿞君
早逝曽膺文武竒才慈母中年獨守氷霜勁節深喜
北堂每恙柰何中饋乏人恩欲通好於蘇家公式仑
燭又恐阻情於月老期負藍橋徒尔㒷思何時猥抱
當以春天景致瑞雪紛匕不免請無親賞玩一番多
少是好梅香可
詣老安人到來】
夜行船（净上）
獨守清孀【寡居】将十載喜兒能孝我心常快（占上）
春去春來韶華常在（生）
且向慈堂瞻拜（净云）
【我児請我
出來必有】
范睢請母賞雪","曰 但得今人能似古 一回搬演一回新
〇第二折
玉女傳言（生上）
萬卷詩書謾向螢【車囗】窓飽讀歎干戈輕文
重武所嗟親漸老温清定省朝暮蒼天垂佑少全人子
【經史㸔 抱滿懐六韜二畧便竒哉等閑漏洩天機
䖏尽是經邦済世才小生姓范名睢规卯人也𫿞君
早逝曽膺文武竒才慈母中年獨守氷霜勁節深喜
北堂每恙柰何中饋乏人恩欲通好於蘇家公式仑
燭又恐阻情於月老期負藍橋徒尔㒷思何時猥抱
當以春天景致瑞雪紛匕不免請無親賞玩一番多
少是好梅香可
詣老安人到來】
夜行船（净上）
獨守清孀【寡居】将十載喜兒能孝我心常快（占上）
春去春來韶華常在（生）
且向慈堂瞻拜（净云）
【我児請我
出來必有】
范睢請母賞雪",待标注,"{""行款"":""半页10行，行20字""}",,
386,386.webp,386.png,二期,二期：复杂版面,"新刻出像音註范睢綈袍記乙卷
金陵 書坊 富春堂 梓
〇第一折
【剽同也】
西江月（末上）世際春秋戰國【五霸七雄十八国時】龍争虎閗年年【囗囗同也】賢人君
子閙縱横慿着唇鎗舌劍釗謂青風掃地霎時白浪
滔天可怜周赧【音囗】不知賢成就六邦【六国也】仇怨
【范睢豪桀士
七国盍聞名
祗因受賜出齊庭須賈偏言曲証魏相不勝怒起一
時辱害其身逼伊妻攺為子婦逐伊毋一且飄零迯
生多感鄭安平更淂王稽接引秦王一見心怯䇿他統
頜強兵霎時名位佐公卿四海九洲歸命須賈膝行
謝罪魏斉頓首階庭夫妻子母
再圆成乞情荣歸惟慶正是】
詩 悲懽離合戲中情 休向人前問假真","新刻出像音註范睢綈袍記乙卷
金陵 書坊 富春堂 梓
〇第一折
【剽同也】
西江月（末上）世際春秋戰國【五霸七雄十八国時】龍争虎閗年年【囗囗同也】賢人君
子閙縱横慿着唇鎗舌劍釗謂青風掃地霎時白浪
滔天可怜周赧【音囗】不知賢成就六邦【六国也】仇怨
【范睢豪桀士
七国盍聞名
祗因受賜出齊庭須賈偏言曲証魏相不勝怒起一
時辱害其身逼伊妻攺為子婦逐伊毋一且飄零迯
生多感鄭安平更淂王稽接引秦王一見心怯䇿他統
頜強兵霎時名位佐公卿四海九洲歸命須賈膝行
謝罪魏斉頓首階庭夫妻子母
再圆成乞情荣歸惟慶正是】
詩 悲懽離合戲中情 休向人前問假真",待标注,"{""行款"":""半页11行，行20字""}",,
387,387.webp,387.png,二期,二期：复杂版面,"嫁女謁豪貴歎百年好合非容易教傳語切莫推抵（丑）
【安人之言我皆謹記了不
知范官人有話說沒有】
（生云）
【听我
說來】
両家語相煩傳遞
頻湏勸剛柔相濟有家有室成男女父毋之心人皆有
之把藍橋舊約重申取願斯好早成今日（丑云）
【范老安
人听老
妾一言
禀上】
籃田玉種在昔時花燭筵開成此日女笄【音基】男冠
兩相宜蒙托嘉言一一相傳示求一諾【音洛】千金不易
詩 前言不可忘 盟誓重如山
曰 相煩傳定語 好似到人間
〇第三折
似娘児（外上）
尺五傍天街霑雨露滳滿三槐
【官居清白
聀非輕暫","嫁女謁豪貴歎百年好合非容易教傳語切莫推抵（丑）
【安人之言我皆謹記了不
知范官人有話說沒有】
（生云）
【听我
說來】
両家語相煩傳遞
頻湏勸剛柔相濟有家有室成男女父毋之心人皆有
之把藍橋舊約重申取願斯好早成今日（丑云）
【范老安
人听老
妾一言
禀上】
籃田玉種在昔時花燭筵開成此日女笄【音基】男冠
兩相宜蒙托嘉言一一相傳示求一諾【音洛】千金不易
詩 前言不可忘 盟誓重如山
曰 相煩傳定語 好似到人間
〇第三折
似娘児（外上）
尺五傍天街霑雨露滳滿三槐
【官居清白
聀非輕暫",待标注,"{""行款"":""半页12行，行11字""}",,
388,388.webp,388.png,二期,二期：复杂版面,"〇其三
胸䧟唇乾目直視口中冷氣卧如癡身形強
直手足軟掌冷頭低盡莫醫
【胸兩唇乾際肺
絕目睛直視新
氣絕口中冷氣偃卧乃風痰縈而其九窮之
心絶其脉如魚口者興胃絕也無脒不虜要
身體強胃氣巳絶則手足軟筋絕則頭
低胃絕則掌冷已上証候皆不可治也】
萬曆戊寅崴富隆蓉刋
新刊補入王叔和脉訣欹卷之四
【終】","〇其三
胸䧟唇乾目直視口中冷氣卧如癡身形強
直手足軟掌冷頭低盡莫醫
【胸兩唇乾際肺
絕目睛直視新
氣絕口中冷氣偃卧乃風痰縈而其九窮之
心絶其脉如魚口者興胃絕也無脒不虜要
身體強胃氣巳絶則手足軟筋絕則頭
低胃絕則掌冷已上証候皆不可治也】
萬曆戊寅崴富隆蓉刋
新刊補入王叔和脉訣欹卷之四
【終】",待标注,"{""行款"":""半页7行，行17字""}",,
389,389.webp,389.png,二期,二期：复杂版面,"【淫於老佛者冰有之矣熹自蚤歳即嘗受讀而竊疑之沈潛友
復蓋亦有年一旦恍然似有以得其要领者然後乃敢㑹衆說
而折其中旣爲定著章句一篇以竣後之君字而一二同志復【又】
取石纸書删其繁亂名以輯略且記所嘗論辯取舍之意別爲
或問以附其後然後此書之旨支分節解脉絡貫通詳略相因
巨細畢舉而凡諸說之同異得失亦得以油暢旁通而各極其
趣雖於道统之傳不敢妄議然初學之士或有服焉則亦庶乎
行遠升高之一助云爾淳熙已酒春三月戊申新安朱熹序】
延祐甲寅艮月
麻沙萬卷堂刋","【淫於老佛者冰有之矣熹自蚤歳即嘗受讀而竊疑之沈潛友
復蓋亦有年一旦恍然似有以得其要领者然後乃敢㑹衆說
而折其中旣爲定著章句一篇以竣後之君字而一二同志復【又】
取石纸書删其繁亂名以輯略且記所嘗論辯取舍之意別爲
或問以附其後然後此書之旨支分節解脉絡貫通詳略相因
巨細畢舉而凡諸說之同異得失亦得以油暢旁通而各極其
趣雖於道统之傳不敢妄議然初學之士或有服焉則亦庶乎
行遠升高之一助云爾淳熙已酒春三月戊申新安朱熹序】
延祐甲寅艮月
麻沙萬卷堂刋",待标注,"{""行款"":""半页8行，行24字""}",,
390,390.webp,390.png,二期,二期：复杂版面,"深處忽覺力舉異於當時及歛就水次卒不獲一
鱗忽得古銅鏡可尺餘光浮於波際漁人驚取照
之歷歷盡見五藏六府縈脉動竦駭神魄因腕戰
而墜漁人偶話於舎旁遂乃聞之於公盡周歳萬
計窮索水底終不復得
物之異聞
雷公鏁 辟塵犀簪 煖金魚袋 青龍皮 鄱
陽王墓中自動墨研 口中軟杖子 龍腦香崑
崙子 元先生贈韋丹尚書鮫綃 鏤白玉香嚢
并玉鏁子長三尺餘 異竹篾長二百餘尺 黃
楊桃文有仙人乗龍形 張公洞翠碧 中
藏上藥
桃源洞中仙人棊子
不生澁鐵腰帶 韋殻尚書夣中所得軟羅纈巾
西蜀織成蘭亭 罽賔國黃金衣 筆管上鏤
盧思道燕行歌 拂林國雕紫文馬腦如小合底
寫國王 上又小貌亦類之 白玉劒長二尺
餘
巳上二十一物皆得其所自或經目識客有疑
問悉用條謹","深處忽覺力舉異於當時及歛就水次卒不獲一
鱗忽得古銅鏡可尺餘光浮於波際漁人驚取照
之歷歷盡見五藏六府縈脉動竦駭神魄因腕戰
而墜漁人偶話於舎旁遂乃聞之於公盡周歳萬
計窮索水底終不復得
物之異聞
雷公鏁 辟塵犀簪 煖金魚袋 青龍皮 鄱
陽王墓中自動墨研 口中軟杖子 龍腦香崑
崙子 元先生贈韋丹尚書鮫綃 鏤白玉香嚢
并玉鏁子長三尺餘 異竹篾長二百餘尺 黃
楊桃文有仙人乗龍形 張公洞翠碧 中
藏上藥
桃源洞中仙人棊子
不生澁鐵腰帶 韋殻尚書夣中所得軟羅纈巾
西蜀織成蘭亭 罽賔國黃金衣 筆管上鏤
盧思道燕行歌 拂林國雕紫文馬腦如小合底
寫國王 上又小貌亦類之 白玉劒長二尺
餘
巳上二十一物皆得其所自或經目識客有疑
問悉用條謹",待标注,"{""行款"":""半页14行，行19字""}",,
391,391.webp,391.png,二期,二期：复杂版面,"夫院長望秋作云嗟我小生值強伴又吕和叔
渭海昏集序云不逺數千里授簡小生
狀元詞誤
今人唱五百人中第一仙鷓鴣天詞第二句便
云花如羅綺柳如綿最無意義當是錯誤分曉
其詞以第二句與第十句對換過義理方通合
云五百人中第一仙等閑平歩上青天縁袍乍
着君恩重黃榜初開御墨鮮龍作馬玉爲鞭花如
羅綺柳如綿時人莫訝登科早自是嫦娥愛
【年少】
宜齋野乗
長洲顧氏宋本校行
【陽山顧长文房山】
松窗雜録【并序】
唐李濬編
濬憶童兒時即歷聞公卿間敘國朝故事次兼多
語其
事特異者取其必實之跡暇日輟成一小
軸題曰松窻雜録
玄宗先天中再平内難後以中外無事銳意政理
好於觀書迨自周漢以來有所未及者必欲盡舉
之帝旣勤書海内之風翕然率化尤注意於起居
注先天開元中皆選當時鴻儒或貞正之士充之
若有舉其職者雖十數年猶載筆螭頭惜不欲去","夫院長望秋作云嗟我小生值強伴又吕和叔
渭海昏集序云不逺數千里授簡小生
狀元詞誤
今人唱五百人中第一仙鷓鴣天詞第二句便
云花如羅綺柳如綿最無意義當是錯誤分曉
其詞以第二句與第十句對換過義理方通合
云五百人中第一仙等閑平歩上青天縁袍乍
着君恩重黃榜初開御墨鮮龍作馬玉爲鞭花如
羅綺柳如綿時人莫訝登科早自是嫦娥愛
【年少】
宜齋野乗
長洲顧氏宋本校行
【陽山顧长文房山】
松窗雜録【并序】
唐李濬編
濬憶童兒時即歷聞公卿間敘國朝故事次兼多
語其
事特異者取其必實之跡暇日輟成一小
軸題曰松窻雜録
玄宗先天中再平内難後以中外無事銳意政理
好於觀書迨自周漢以來有所未及者必欲盡舉
之帝旣勤書海内之風翕然率化尤注意於起居
注先天開元中皆選當時鴻儒或貞正之士充之
若有舉其職者雖十數年猶載筆螭頭惜不欲去",待标注,"{""行款"":""半页15行，行19字""}",,
392,392.webp,392.png,二期,二期：复杂版面,"則遷名曹郎與兼之自先天元年至天寳十一載
冬季起居注撰成七百卷内起居注撰成三百卷
内起居注自開元二年春因上幸寧王宅敘家人
禮至於樂奏前後酒食沾賚上無自專皆令禀於
寧王教上曰大哥好作主人阿滿但謹爲上客
【上在
禁中當自
稱阿暪】
以是極歡而罷明日寧王率岐薛巳下
同奏曰臣聞起居注必記天子言動臣恐左右史
不得天子閨行極庻人之禮無以光示萬代臣
請自今後臣與兄弟各輪日載筆於乗二前得以
行在紀敘其事四季則用朱印聮名牒送史館然
【陽山顧氏文房】
皆依外史例悉 上聞庻明臣等守職如螭頭官
上以八分書日本國紙爲答辭甚謹然悉允所
奏自是天寳十載冬季以成三百卷率以五十幅
黄麻爲一編用雕檀軸紫龍鳳綾標書成寧王上
請自部納于史閣上命賜以酒樂共宴侍臣千史
館上寳惜是史尤甚因命别起大閣以貯之及禄
山䧟長安用嚴高計未升殿宫先以火千炬猛
焚是閣不移時灰滅故玄宗實録百不叙及三四
以是人間傳記者尤鮮
【禄山謀臣
嚴庄高尚】
開元中禁中初重木芍藥即今牡丹也
【開元天寳
花呼木芍】","則遷名曹郎與兼之自先天元年至天寳十一載
冬季起居注撰成七百卷内起居注撰成三百卷
内起居注自開元二年春因上幸寧王宅敘家人
禮至於樂奏前後酒食沾賚上無自專皆令禀於
寧王教上曰大哥好作主人阿滿但謹爲上客
【上在
禁中當自
稱阿暪】
以是極歡而罷明日寧王率岐薛巳下
同奏曰臣聞起居注必記天子言動臣恐左右史
不得天子閨行極庻人之禮無以光示萬代臣
請自今後臣與兄弟各輪日載筆於乗二前得以
行在紀敘其事四季則用朱印聮名牒送史館然
【陽山顧氏文房】
皆依外史例悉 上聞庻明臣等守職如螭頭官
上以八分書日本國紙爲答辭甚謹然悉允所
奏自是天寳十載冬季以成三百卷率以五十幅
黄麻爲一編用雕檀軸紫龍鳳綾標書成寧王上
請自部納于史閣上命賜以酒樂共宴侍臣千史
館上寳惜是史尤甚因命别起大閣以貯之及禄
山䧟長安用嚴高計未升殿宫先以火千炬猛
焚是閣不移時灰滅故玄宗實録百不叙及三四
以是人間傳記者尤鮮
【禄山謀臣
嚴庄高尚】
開元中禁中初重木芍藥即今牡丹也
【開元天寳
花呼木芍】",待标注,"{""行款"":""半页19行，行19字""}",,
393,393.webp,393.png,二期,二期：复杂版面,"圖國建
國三十
二十五方
子男國五十里
伯國剩六十里
五爵所封尚餘千里
一國用四十九箇十里以六十
國通計用二千九百四十箇外
猶剩方十里者六十箇爲附庸
之國先餘七十箇百里除三十
箇分封此伯國猶餘四十箇百
里存在又將三十箇百里爲
方五十里之國一百一干箇一
箇百里爲五十里之國凡四
箇五五二十五每國計二十
五箇十里以十箇百里分得
四十箇五十里國凡三十箇
百里制得一百二十箇于男
之國外猶楤剩得方十里者
一百箇井前剰六十箇名山
大澤不以封其餘以爲附
庸間田","圖國建
國三十
二十五方
子男國五十里
伯國剩六十里
五爵所封尚餘千里
一國用四十九箇十里以六十
國通計用二千九百四十箇外
猶剩方十里者六十箇爲附庸
之國先餘七十箇百里除三十
箇分封此伯國猶餘四十箇百
里存在又將三十箇百里爲
方五十里之國一百一干箇一
箇百里爲五十里之國凡四
箇五五二十五每國計二十
五箇十里以十箇百里分得
四十箇五十里國凡三十箇
百里制得一百二十箇于男
之國外猶楤剩得方十里者
一百箇井前剰六十箇名山
大澤不以封其餘以爲附
庸間田",待标注,"{""行款"":""半页16行，行11字""}",,
394,394.webp,394.png,二期,二期：复杂版面,"公卿大夫士圖
天子
三公
九卿
二十七大夫
八十一元士
大國
上卿
中卿皆命於天子
下卿
下大夫五人
上士二十七人
次國
上卿
中卿
下卿
二卿命於天子
一卿命於其君
下大夫五人
上士二十七人
小國
卿
皆命於其君
下大夫五人
上士二十七人","公卿大夫士圖
天子
三公
九卿
二十七大夫
八十一元士
大國
上卿
中卿皆命於天子
下卿
下大夫五人
上士二十七人
次國
上卿
中卿
下卿
二卿命於天子
一卿命於其君
下大夫五人
上士二十七人
小國
卿
皆命於其君
下大夫五人
上士二十七人",待标注,"{""行款"":""半页13行，行6字""}",,
395,395.webp,395.png,二期,二期：复杂版面,"衮冕裘
夏收
朱綠藻
周冕
五采繅
按經有虞氏皇而祭註云
皇大也夏曰收謂冕前微
小後大殷曰哻哻亦大也
周曰冕有俯而接物意礼
弁師掌主之五冕皆玄冕
朱裏其版廣八寸而長倍
之前圜後方前俛後仰麻
飾其上延所謂麻冕是巳
約之以武設之以紐貫之
以笄固之以紘五采玉則
朱白蒼黄玄相次焉天子","衮冕裘
夏收
朱綠藻
周冕
五采繅
按經有虞氏皇而祭註云
皇大也夏曰收謂冕前微
小後大殷曰哻哻亦大也
周曰冕有俯而接物意礼
弁師掌主之五冕皆玄冕
朱裏其版廣八寸而長倍
之前圜後方前俛後仰麻
飾其上延所謂麻冕是巳
約之以武設之以紐貫之
以笄固之以紘五采玉則
朱白蒼黄玄相次焉天子",待标注,"{""行款"":""半页11行，行10字""}",,
396,396.webp,396.png,二期,二期：复杂版面,"衣制圖
黼衣
朱中衣
太裘而下皆曰冕公衮侯
伯驚子男毳亦謂之禆冕
王衣祭服其内明衣加以
丹朱中衣孫炎謂中衣剌
繡文以褗領也必以丹者
取其赤心奉神焉又君唯
黼裘以誓省謂戒誓省眡
用黼裘也及祭然後服衮
焉朱韍素帯朱裏朱綠終
辟執鎮圭搢大圭佩白玉
玄組綬赤舄以爲稱也","衣制圖
黼衣
朱中衣
太裘而下皆曰冕公衮侯
伯驚子男毳亦謂之禆冕
王衣祭服其内明衣加以
丹朱中衣孫炎謂中衣剌
繡文以褗領也必以丹者
取其赤心奉神焉又君唯
黼裘以誓省謂戒誓省眡
用黼裘也及祭然後服衮
焉朱韍素帯朱裏朱綠終
辟執鎮圭搢大圭佩白玉
玄組綬赤舄以爲稱也",待标注,"{""行款"":""半页11行，行10字""}",,
397,397.webp,397.png,二期,二期：复杂版面,"委貌錦衣制圖
玄端委貌
孤裘錦衣
特牲禮云朝服玄冠緇
帶緇韠此朝服而冠也
士冠禮玄冠朝服緇帶
素韠此朝服而委貌也】
玄冠卑朝服尊故曰朝
服玄冠委貌尊朝服卑
故曰玄冠朝服鄭氏謂
玄冠委藐是巳
狐裘玉藻云君衣狐白
裘錦衣以裼之說者謂
此天子諸侯燕居之盛
服也盖礼卒食玄端而
居又曰不文飾也不禓
餘見礼象爲甚詳","委貌錦衣制圖
玄端委貌
孤裘錦衣
特牲禮云朝服玄冠緇
帶緇韠此朝服而冠也
士冠禮玄冠朝服緇帶
素韠此朝服而委貌也】
玄冠卑朝服尊故曰朝
服玄冠委貌尊朝服卑
故曰玄冠朝服鄭氏謂
玄冠委藐是巳
狐裘玉藻云君衣狐白
裘錦衣以裼之說者謂
此天子諸侯燕居之盛
服也盖礼卒食玄端而
居又曰不文飾也不禓
餘見礼象爲甚詳",待标注,"{""行款"":""半页15行，行9字""}",,
398,398.webp,398.png,二期,二期：复杂版面,"【左抬遺】
談元明光裔旻
【相中宗睦州剌史】
【左金吾天將軍】
晟 康時恰
【種州刺昭應介
【滁州剌
史生宣
禮司農
卿】
晞
【商方監】
仙裔
【世疑談
遜非弟】
幼雋
【猗氏令】
處晞
慶升
宏獻邦基","【左抬遺】
談元明光裔旻
【相中宗睦州剌史】
【左金吾天將軍】
晟 康時恰
【種州刺昭應介
【滁州剌
史生宣
禮司農
卿】
晞
【商方監】
仙裔
【世疑談
遜非弟】
幼雋
【猗氏令】
處晞
慶升
宏獻邦基",待标注,"{""行款"":""半页14行，行4字""}",,
399,399.webp,399.png,二期,二期：复杂版面,"造達
大猷聞韶
【監察御赤尉史】
大方思敬
【一名思明遂州剌史】
南來吳裴出自黎第二子苞苞三子軫丕彬軫生嗣嗣西涼武
都太守三子邕奣䇿邕度江居襄陽生順宗順宗三子叔寶
叔業令寶叔業齊南兖州剌史初歸北號南來吳裴事後魏豫
州剌史蘭陵郡公諡忠武子蒨之芬之簡之英之藹之
蒨之譚測","造達
大猷聞韶
【監察御赤尉史】
大方思敬
【一名思明遂州剌史】
南來吳裴出自黎第二子苞苞三子軫丕彬軫生嗣嗣西涼武
都太守三子邕奣䇿邕度江居襄陽生順宗順宗三子叔寶
叔業令寶叔業齊南兖州剌史初歸北號南來吳裴事後魏豫
州剌史蘭陵郡公諡忠武子蒨之芬之簡之英之藹之
蒨之譚測",待标注,"{""行款"":""半页4行，行24字""}",,
400,400.webp,400.png,二期,二期：复杂版面,"心榘陶鎔合情象德者葢廣運莫能名焉夫以我
國家受
命凝庥薩爾滸山松山杏山之師非左圓右方先偏後
伍之七德舞所可比也
聖武布昭拓地二萬餘里非鹽州受降築城五原之
比也敬
天勤民曁天時農事之宜條教令甲之精詳視貞觀政
要開元禮制非可同日而語是則所謂樂之
實也德之華也與天地同其節同其和者此
也使居易有知當亦歎未躬逢其盛已【臣】夙","心榘陶鎔合情象德者葢廣運莫能名焉夫以我
國家受
命凝庥薩爾滸山松山杏山之師非左圓右方先偏後
伍之七德舞所可比也
聖武布昭拓地二萬餘里非鹽州受降築城五原之
比也敬
天勤民曁天時農事之宜條教令甲之精詳視貞觀政
要開元禮制非可同日而語是則所謂樂之
實也德之華也與天地同其節同其和者此
也使居易有知當亦歎未躬逢其盛已【臣】夙",待标注,"{""行款"":""半页7行，行21字""}",,
401,401.webp,401.png,二期,二期：复杂版面,"直
内廷長依
黼座頻
宣翠墨盥誦久殷今忝衡文之任又蒙
恩賜拜稽紬繹沐浴於
大化之中覺民物滋豐太和翔洽于以頌猗那景於
鑠葢有手舞足蹈而不自知者【臣】敬謹校刋
摹印萬本俾兩浙士子虔供芸案安絃操縵
依永和聲以上溯
祖功","直
内廷長依
黼座頻
宣翠墨盥誦久殷今忝衡文之任又蒙
恩賜拜稽紬繹沐浴於
大化之中覺民物滋豐太和翔洽于以頌猗那景於
鑠葢有手舞足蹈而不自知者【臣】敬謹校刋
摹印萬本俾兩浙士子虔供芸案安絃操縵
依永和聲以上溯
祖功",待标注,"{""行款"":""半页4行，行20字""}",,
402,402.webp,402.png,二期,二期：复杂版面,"宗德之隆更仰見
聖心之兢兢業業恪守神器之重有如此其至者相
與慶遭逢之得時而識藝林之極軌其欣喜
歡忭爲何如也
恭䟦
御製廓爾喀戰圖
廓爾喀者居西徼極邊自爲部落去衞藏邊
外可四千餘里中越雪山數重山路巉巖稽
其名類史闕有間素與唐古忒人通市貪而
無親先是乾隆戊申歲以錢物細故侵躪後","宗德之隆更仰見
聖心之兢兢業業恪守神器之重有如此其至者相
與慶遭逢之得時而識藝林之極軌其欣喜
歡忭爲何如也
恭䟦
御製廓爾喀戰圖
廓爾喀者居西徼極邊自爲部落去衞藏邊
外可四千餘里中越雪山數重山路巉巖稽
其名類史闕有間素與唐古忒人通市貪而
無親先是乾隆戊申歲以錢物細故侵躪後",待标注,"{""行款"":""半页6行，行17字""}",,
403,403.webp,403.png,二期,二期：复杂版面,"繡像金鐲玉環記卷二
第九回 賈府要賞月 小姐到花園
話說公子雷文秀户部府内棲身到了八月中秋户部堂樓正坐呌聲了嬛春紅今晩
是八月中秋命你到在太太堂樓上去喚那茶童去到花亭打掃潔淨拉彩掛糸工今晚
請你二位姑娘飲酒賞月春紅答應遂即來到太太堂樓上暗自説道茶童這個孩子
來到府下百天光景老爺太太使動他如蜜蜂一樣忽然來呢忽然去呢看他這個樣
子别人還使不動他我早晚呌他名他的也不着他扒乂那的去咧喊他還輕易不好
答理人待我喊他一聲春紅説茶童他却不曾答應茶童茶童我那小達公子走近前
去説哌的春紅説我要撕你那咀的公子説我偷吃你那供香咧春紅説你到偷吃屁
香咧我喊茶童不知你扒那裡去咧喊小逹你來咧公子説你喊茶童是我没有聼見
喊小连小逹應聲來咧春紅説你就没呌小娘一遭公子説閑話休題了環姐姐呌我
講説什麽春紅説呌你説吓的今天八月中秋你這孩子也該知道過八月十五呀我
老爺吩咐明白咧呌你到花亭打掃潔淨拉彩掛紅將畫掛起將花盆擺齊老爺今晚
還要請客的公子說這般時候請那的客春紅說請咱二位姑娘公子説來到府中百
天光景咱沒聞府中有這二位姑娘春紅説茶童你混幾天損告子吃咧你知道姑娘
我要不説你這能知道公子説了嬛姐姐你把那姑娘說來我聼我最好聼説姑娘春","繡像金鐲玉環記卷二
第九回 賈府要賞月 小姐到花園
話說公子雷文秀户部府内棲身到了八月中秋户部堂樓正坐呌聲了嬛春紅今晩
是八月中秋命你到在太太堂樓上去喚那茶童去到花亭打掃潔淨拉彩掛糸工今晚
請你二位姑娘飲酒賞月春紅答應遂即來到太太堂樓上暗自説道茶童這個孩子
來到府下百天光景老爺太太使動他如蜜蜂一樣忽然來呢忽然去呢看他這個樣
子别人還使不動他我早晚呌他名他的也不着他扒乂那的去咧喊他還輕易不好
答理人待我喊他一聲春紅説茶童他却不曾答應茶童茶童我那小達公子走近前
去説哌的春紅説我要撕你那咀的公子説我偷吃你那供香咧春紅説你到偷吃屁
香咧我喊茶童不知你扒那裡去咧喊小逹你來咧公子説你喊茶童是我没有聼見
喊小连小逹應聲來咧春紅説你就没呌小娘一遭公子説閑話休題了環姐姐呌我
講説什麽春紅説呌你説吓的今天八月中秋你這孩子也該知道過八月十五呀我
老爺吩咐明白咧呌你到花亭打掃潔淨拉彩掛紅將畫掛起將花盆擺齊老爺今晚
還要請客的公子說這般時候請那的客春紅說請咱二位姑娘公子説來到府中百
天光景咱沒聞府中有這二位姑娘春紅説茶童你混幾天損告子吃咧你知道姑娘
我要不説你這能知道公子説了嬛姐姐你把那姑娘說來我聼我最好聼説姑娘春",待标注,"{""行款"":""半页14行，行33字""}",,
404,404.webp,404.png,二期,二期：复杂版面,"今夜得見二小姐不枉投親永落城公子為難多一會只得打掃百花亭
未曾掃地先拍水磚地掃得光又明盤金坐褥綉花彩堂幔是個血染紅
書桌條椅排停當邁步下了百花亭公子才把花相掀一盆一盆往外端
【一盆】花擺就彩鳳舞【兩盆】花擺就虎登山【三盆】花擺就紫利母【四盆】花擺就芙蓉丹
盆五花擺就五經魁欲花擺就竹生孫齔花明星攅牛斗八月中秋月正圓
九九擺個重陽樹十樣花影件件全公子將花擺齊備一把鑰匙拏手中
刷拉投開三黄鎖一軸一軸往外搬用手撈起一軸畫打開大步到東山
東山先掛一軸畫本是吕布戲貂嬋西山又掛一軸畫本是洞賓戲牡丹
南山又掛一軸畫本是昭君和北番北山义掛一軸畫本是和合二神仙
後山墻上福禄壽兩邊擺列眾八仙公子將畫掛齊備掀起花罩猛一攅
花罩下藏雷文秀專等小姐進花園【把公】子記下咱不講再説户部一品官
户部便在頭前走誥命隨後緊相連穿宅過院來的快花亭不逺在面前
使禮巳畢方落坐户部帶笑問一言
户部說誥命夫人今晩來在花亭莫非為的賞月之事麽誥命説正為此事只是兩個
女兒未來户部説吩咐了嬛春紅快到西樓之上請你二位姑娘到此花亭飲酒賞月
春紅答應説曉得遂即來在西樓之上見了二位姑娘説老爺太太請二位姑娘到在","今夜得見二小姐不枉投親永落城公子為難多一會只得打掃百花亭
未曾掃地先拍水磚地掃得光又明盤金坐褥綉花彩堂幔是個血染紅
書桌條椅排停當邁步下了百花亭公子才把花相掀一盆一盆往外端
【一盆】花擺就彩鳳舞【兩盆】花擺就虎登山【三盆】花擺就紫利母【四盆】花擺就芙蓉丹
盆五花擺就五經魁欲花擺就竹生孫齔花明星攅牛斗八月中秋月正圓
九九擺個重陽樹十樣花影件件全公子將花擺齊備一把鑰匙拏手中
刷拉投開三黄鎖一軸一軸往外搬用手撈起一軸畫打開大步到東山
東山先掛一軸畫本是吕布戲貂嬋西山又掛一軸畫本是洞賓戲牡丹
南山又掛一軸畫本是昭君和北番北山义掛一軸畫本是和合二神仙
後山墻上福禄壽兩邊擺列眾八仙公子將畫掛齊備掀起花罩猛一攅
花罩下藏雷文秀專等小姐進花園【把公】子記下咱不講再説户部一品官
户部便在頭前走誥命隨後緊相連穿宅過院來的快花亭不逺在面前
使禮巳畢方落坐户部帶笑問一言
户部說誥命夫人今晩來在花亭莫非為的賞月之事麽誥命説正為此事只是兩個
女兒未來户部説吩咐了嬛春紅快到西樓之上請你二位姑娘到此花亭飲酒賞月
春紅答應説曉得遂即來在西樓之上見了二位姑娘説老爺太太請二位姑娘到在",待标注,"{""行款"":""半页15行，行28字""}",,
405,405.webp,405.png,二期,二期：复杂版面,"花亭飲酒賞月桂蓮說春紅頭前引路春紅說知道了
春紅頭前把樓下  後跟桂梅合桂蓮  【二小】姐走動手拉手  【二小】姐走動肩並肩
穿過宅院來的快  花亭不逺在靣前  【二小】姐纔把花亭進  秋波閃閃仔細觀
你看那  玉菊丹桂香滿園  影避牆上扒山虎  養魚池前長雞冠
月池之中魚戲水   一道花牆緊在邊  松柏竹梅件件有  明月垂竹倒捲簾
【二小】姐用目來觀看  抬頭看見剌梅花  剌梅花在墻上扒  青枝綠葉愛煞他
【二小】姐上前採一朵  慌忙就把鬢邊遮  才然帯上花一朶  忽然想起北京他
眼前若見雷文秀  縱然帶笑誰看咱  刷拉丢在流平地  走上前去金蓮摸
【二小】姐來在花亭内  喜壊户部夫妻們  二小姐  先拜父來後拜母
户部喜的笑吧吧  開言就把春紅呌  與你姑娘把坐拿  要問父女咱言講
下囘書中把他發
第十囘  作詩投真情  傳花興酒令
話説二位小姐來到花亭方才坐下桂蓮抬頭一看口中不言心下自想每次來到花
亭那些畫掛的照上不照下的那些花擺的照東不照西的今天擺花掛畫之人好奇
呀桂蓮説春紅這花是誰擺的這畫是誰掛的春紅説姑娘你説他這擺的好呀不好
掛的齊呀不齊桂蓮心下正暗想我說他擺得好掛得齊真不想都説是他呀我就說","花亭飲酒賞月桂蓮說春紅頭前引路春紅說知道了
春紅頭前把樓下  後跟桂梅合桂蓮  【二小】姐走動手拉手  【二小】姐走動肩並肩
穿過宅院來的快  花亭不逺在靣前  【二小】姐纔把花亭進  秋波閃閃仔細觀
你看那  玉菊丹桂香滿園  影避牆上扒山虎  養魚池前長雞冠
月池之中魚戲水   一道花牆緊在邊  松柏竹梅件件有  明月垂竹倒捲簾
【二小】姐用目來觀看  抬頭看見剌梅花  剌梅花在墻上扒  青枝綠葉愛煞他
【二小】姐上前採一朵  慌忙就把鬢邊遮  才然帯上花一朶  忽然想起北京他
眼前若見雷文秀  縱然帶笑誰看咱  刷拉丢在流平地  走上前去金蓮摸
【二小】姐來在花亭内  喜壊户部夫妻們  二小姐  先拜父來後拜母
户部喜的笑吧吧  開言就把春紅呌  與你姑娘把坐拿  要問父女咱言講
下囘書中把他發
第十囘  作詩投真情  傳花興酒令
話説二位小姐來到花亭方才坐下桂蓮抬頭一看口中不言心下自想每次來到花
亭那些畫掛的照上不照下的那些花擺的照東不照西的今天擺花掛畫之人好奇
呀桂蓮説春紅這花是誰擺的這畫是誰掛的春紅説姑娘你説他這擺的好呀不好
掛的齊呀不齊桂蓮心下正暗想我說他擺得好掛得齊真不想都説是他呀我就說",待标注,"{""行款"":""半页14行，行33字""}",,
406,406.webp,406.png,二期,二期：复杂版面,"氣壊桂蓮靣通紅
桂蓮説姐姐好咧我先說呌那個茶童出去你又不呌他出去你呌他比咱娘詩作一
首你看他把咱娘比一個蟲弄個雷杷咱娘轟了你看咱娘呌那雷轟了麽桂梅説你
當真不㑹作詩你出去罷你出去罷公子無奈只得出了花亭公子抬頭一望皓月當
空因此作詩一首詩曰
一輪明月照千秋埋没英雄不出頭一朝得遂青雲志風吹浮雲現斗牛
公子作罷詩一首悶壊桂蓮女姣流
桂蓮說姐姐你看茶童那個孩子呌他在花亭之内他不作詩呌他出去了又作一首
詩平仄還相對的桂梅說妹妹莫要多言你聼他的下韻公子一聼此言不由的又作
詩一首其詩曰
時運不通好怪哉烏雲遮住棟鿄材懷抱一柯珊瑚樹走遍天涯無處栽
有心特名名不至有心求利利不來有朝一曰凌雲轉定把乾坤翻過來
公子作罷詩一首氣壊桂蓮女裙釵
桂蓮說你看那個茶童作詩多大的口氣他要得志還能翻天春紅説口氣大不過是
個吹糖之人的桂梅說他的口氣大也罷小也罷他縂不勝於咱咱是官宦家閨女他
現在咱府掃地到茶豈能再勝於咱不成公子又聼得此言不由的又作詩一首詩曰""","氣壊桂蓮靣通紅
桂蓮説姐姐好咧我先說呌那個茶童出去你又不呌他出去你呌他比咱娘詩作一
首你看他把咱娘比一個蟲弄個雷杷咱娘轟了你看咱娘呌那雷轟了麽桂梅説你
當真不㑹作詩你出去罷你出去罷公子無奈只得出了花亭公子抬頭一望皓月當
空因此作詩一首詩曰
一輪明月照千秋埋没英雄不出頭一朝得遂青雲志風吹浮雲現斗牛
公子作罷詩一首悶壊桂蓮女姣流
桂蓮說姐姐你看茶童那個孩子呌他在花亭之内他不作詩呌他出去了又作一首
詩平仄還相對的桂梅說妹妹莫要多言你聼他的下韻公子一聼此言不由的又作
詩一首其詩曰
時運不通好怪哉烏雲遮住棟鿄材懷抱一柯珊瑚樹走遍天涯無處栽
有心特名名不至有心求利利不來有朝一曰凌雲轉定把乾坤翻過來
公子作罷詩一首氣壊桂蓮女裙釵
桂蓮說你看那個茶童作詩多大的口氣他要得志還能翻天春紅説口氣大不過是
個吹糖之人的桂梅說他的口氣大也罷小也罷他縂不勝於咱咱是官宦家閨女他
現在咱府掃地到茶豈能再勝於咱不成公子又聼得此言不由的又作詩一首詩曰""",待标注,"{""行款"":""半页11行，行33字""}",,
407,407.webp,407.png,二期,二期：复杂版面,"山上青松山下花花笑青松不勝他有朝忽見嚴霜降只顯青松不顯花
公子作罷詩一首桂蓮聞得言大誇
桂蓮說姐姐你聼呀咱方才說茶童不能勝咱他就聼見了又作了一首詩他要得志
還顯出他來顯不出咱來你當吓咧公子又聼得此言不由的又作詩一首詩曰
竟是鯉魚未成龍落在淺水混蔴坑一朝能有春雷動跳出龍門萬萬層
公子作罷詩首二位小姐心裡明
話説公子一連作詩五首二位小姐一同起席來到屏風之後桂蓮説姐姐你看那茶
童作詩之間言語之際或者有什麽根底再者有什麽前程來到咱府掃地到茶有吓
屈情依着妹妹之見今晩上縂不如將咱一雙爹娘哄醉然後盤問茶童來厯他要是
根基高大的材料不可小用量其材料而酌其用對咱爹爹説得一聲另與他察却莫
要呌他掃地到茶那一茶童國是朝廷欽差私訪於咱也對咱爹爹説得一聲好早作
安排打發他烏乎哀哉桂梅説妹妹把話講到那裡我想我那一雙爹娘海量馬得哄
他吃醉桂蓮説咱給他興個酒令桂梅説擂鼔傳花果有一定之規那花到老爺太太
手可到落咧他老兩口子可到喝咧桂蓮説還有春紅的春紅你可附耳來你姑娘與
你老爺太太興酒令擂鼓傳花的你看花到你老爺太太手内你可不用敲鼔我與你
二百錢春紅説真個的桂蓮説那個哄你不成春紅説要是真個那事可在我咧二位","山上青松山下花花笑青松不勝他有朝忽見嚴霜降只顯青松不顯花
公子作罷詩一首桂蓮聞得言大誇
桂蓮說姐姐你聼呀咱方才說茶童不能勝咱他就聼見了又作了一首詩他要得志
還顯出他來顯不出咱來你當吓咧公子又聼得此言不由的又作詩一首詩曰
竟是鯉魚未成龍落在淺水混蔴坑一朝能有春雷動跳出龍門萬萬層
公子作罷詩首二位小姐心裡明
話説公子一連作詩五首二位小姐一同起席來到屏風之後桂蓮説姐姐你看那茶
童作詩之間言語之際或者有什麽根底再者有什麽前程來到咱府掃地到茶有吓
屈情依着妹妹之見今晩上縂不如將咱一雙爹娘哄醉然後盤問茶童來厯他要是
根基高大的材料不可小用量其材料而酌其用對咱爹爹説得一聲另與他察却莫
要呌他掃地到茶那一茶童國是朝廷欽差私訪於咱也對咱爹爹説得一聲好早作
安排打發他烏乎哀哉桂梅説妹妹把話講到那裡我想我那一雙爹娘海量馬得哄
他吃醉桂蓮説咱給他興個酒令桂梅説擂鼔傳花果有一定之規那花到老爺太太
手可到落咧他老兩口子可到喝咧桂蓮説還有春紅的春紅你可附耳來你姑娘與
你老爺太太興酒令擂鼓傳花的你看花到你老爺太太手内你可不用敲鼔我與你
二百錢春紅説真個的桂蓮説那個哄你不成春紅説要是真個那事可在我咧二位",待标注,"{""行款"":""半页14行，行33字""}",,
408,408.webp,408.png,二期,二期：复杂版面,"似花是似非花也
楊花
蘇东坡
環堵皆山也
酔翁亭
黄山谷
寒水依痕
石州慢感舊
張仲宗
雨洗桃花
盡錦堂闺情
周美成
寒蝉凄切
雨淋鈴秋別
柳耆卿
炎光谢過
二郎神七夕
前人
梅英疎淡
望海潮專景
秦少游
東風吹碧草
風流子
前人","似花是似非花也
楊花
蘇东坡
環堵皆山也
酔翁亭
黄山谷
寒水依痕
石州慢感舊
張仲宗
雨洗桃花
盡錦堂闺情
周美成
寒蝉凄切
雨淋鈴秋別
柳耆卿
炎光谢過
二郎神七夕
前人
梅英疎淡
望海潮專景
秦少游
東風吹碧草
風流子
前人",待标注,"{""行款"":""半页21行，行5字""}",,
409,409.webp,409.png,二期,二期：复杂版面,"閨情 李太白
平林漠漠煙如織寒山一帶傷心碧
暝色入高樓有人樓上愁
欄干空佇立宿烏歸飛急
何䖏是歸程長亭更短亭
菩薩蠻
武原徐治徵書","閨情 李太白
平林漠漠煙如織寒山一帶傷心碧
暝色入高樓有人樓上愁
欄干空佇立宿烏歸飛急
何䖏是歸程長亭更短亭
菩薩蠻
武原徐治徵書",待标注,"{""行款"":""半页5行，行10字""}",,
410,410.webp,410.png,二期,二期：复杂版面,"詠茶
右調醉落魄
黄魯直
紅牙板歇韶聲㫁六么初徹小
糟酒滴真珠竭紫玉甌圆淺浪泛
春雪香芽嫩蕊清心骨醉中
襟量與天闊夜闌似覺歸仙闕
走馬章臺踏碎滿街月
溍陽勾住賓書","詠茶
右調醉落魄
黄魯直
紅牙板歇韶聲㫁六么初徹小
糟酒滴真珠竭紫玉甌圆淺浪泛
春雪香芽嫩蕊清心骨醉中
襟量與天闊夜闌似覺歸仙闕
走馬章臺踏碎滿街月
溍陽勾住賓書",待标注,"{""行款"":""半页5行，行12字""}",,
411,411.webp,411.png,二期,二期：复杂版面,"左掖梨花丘爲
冷艷全欺雪餘香乍入
衣春風且莫定吹向玉
階飛
【仁和王龍光】","左掖梨花丘爲
冷艷全欺雪餘香乍入
衣春風且莫定吹向玉
階飛
【仁和王龍光】",待标注,"{""行款"":""半页4行，行9字""}",,
412,412.webp,412.png,二期,二期：复杂版面,"竹里館王維
獨坐幽篁裏弹琴復長
嘯深林人不知眀月耒相
照
【俞汝忠蓋臣】","竹里館王維
獨坐幽篁裏弹琴復長
嘯深林人不知眀月耒相
照
【俞汝忠蓋臣】",待标注,"{""行款"":""半页3行，行10字""}",,
413,413.webp,413.png,二期,二期：复杂版面,"九日 徳宗皇帝
禁苑秋来爽氣多昆
朙風動惒滄波中流
簫皷誠堪賞詎假横
汾發棹歌 徐虬","九日 徳宗皇帝
禁苑秋来爽氣多昆
朙風動惒滄波中流
簫皷誠堪賞詎假横
汾發棹歌 徐虬",待标注,"{""行款"":""半页5行，行8字""}",,
414,414.webp,414.png,二期,二期：复杂版面,"詞
和凝
蘋葉軟杏花明画船輕雙浴鴛鴦出綠汀棹歌聲
春水無風無浪春天半雨半晴紅粉相隨南浦
晚幾多情
浣溪沙
前段三句三韻二十一字
【首句七字
平韻起
二句
七字
平叶
三句七
字平叶】
後段三句二韻二十一字
【起句
七字
二句七
字平叶
三句七
字平叶
平仄皆可用者前後黑自
互見多有刋誤者俟訂】
詞
秦觀
錦帳重重捲萛霞屏風曲曲鬬紅牙恨人何事苦
離家 枕上夢魂飛不去覺來紅日又西斜滿庭
芳草襯殘花
戀情深
前段四句四韻二十一字","詞
和凝
蘋葉軟杏花明画船輕雙浴鴛鴦出綠汀棹歌聲
春水無風無浪春天半雨半晴紅粉相隨南浦
晚幾多情
浣溪沙
前段三句三韻二十一字
【首句七字
平韻起
二句
七字
平叶
三句七
字平叶】
後段三句二韻二十一字
【起句
七字
二句七
字平叶
三句七
字平叶
平仄皆可用者前後黑自
互見多有刋誤者俟訂】
詞
秦觀
錦帳重重捲萛霞屏風曲曲鬬紅牙恨人何事苦
離家 枕上夢魂飛不去覺來紅日又西斜滿庭
芳草襯殘花
戀情深
前段四句四韻二十一字",待标注,"{""行款"":""半页28行，行3字""}",,
415,415.webp,415.png,二期,二期：复杂版面,"前段四句三韻二十三字
【首句七字
平韻起
二句五
字平叶
三句
六字
四句五
字平叶】
後段六句三韻二十一字
【起句
三字
二句三
字平叶
三句三
字平叶
四句
四字
五句
四字
六句四
字平叶】
詞
僧仲殊
湧金門外小瀛洲寒食更風流紅船滿湖歌吹花
外有高樓 晴日暖淡煙浮恣嬉遊三千粉黛十
二闌干一片雲頭
减字木蘭花
前段四句四韻二十二字
【首句四字
仄韻起
二句七
字反叶
三句四字
平韻換
四句七
字仄叶】
後段同前
詞
黄庭堅
襄王夢裏草綠煙深何處是宋玉臺頭萛雨朝雲
幾許愁 飛花漫漫不管羈人腸欲斷春水茫茫","前段四句三韻二十三字
【首句七字
平韻起
二句五
字平叶
三句
六字
四句五
字平叶】
後段六句三韻二十一字
【起句
三字
二句三
字平叶
三句三
字平叶
四句
四字
五句
四字
六句四
字平叶】
詞
僧仲殊
湧金門外小瀛洲寒食更風流紅船滿湖歌吹花
外有高樓 晴日暖淡煙浮恣嬉遊三千粉黛十
二闌干一片雲頭
减字木蘭花
前段四句四韻二十二字
【首句四字
仄韻起
二句七
字反叶
三句四字
平韻換
四句七
字仄叶】
後段同前
詞
黄庭堅
襄王夢裏草綠煙深何處是宋玉臺頭萛雨朝雲
幾許愁 飛花漫漫不管羈人腸欲斷春水茫茫",待标注,"{""行款"":""半页40行，行3字""}",,
416,416.webp,416.png,二期,二期：复杂版面,"欲渡南陵更斷腸
醜奴兒令
【卽採桑子一
名羅敷媚】
前段四句四韻二十二字
【首句
七字
二句四字
平韻起
三句四
字平叶
四句七
字平叶】
後段同前
詞
康與之
馮夷剪碎澄溪練飛下同雲著地無痕柳絮梅花
處處春 山陰此夜明如晝月滿前村莫掩溪門
恐有扁舟乗興人
卜算子
【平韻卽巫
山一段雲】
前段四句二韻二十二字
【首句
五字
二句五字
仄韻起
三句
七字
四句五
字仄叶】
後段同前
詞
秦湛
春透水波明寒峭花枝瘦極目煙中百尺樓人在
樓中不 四和裊金鳧雙陸思纎手擬倩東風浣","欲渡南陵更斷腸
醜奴兒令
【卽採桑子一
名羅敷媚】
前段四句四韻二十二字
【首句
七字
二句四字
平韻起
三句四
字平叶
四句七
字平叶】
後段同前
詞
康與之
馮夷剪碎澄溪練飛下同雲著地無痕柳絮梅花
處處春 山陰此夜明如晝月滿前村莫掩溪門
恐有扁舟乗興人
卜算子
【平韻卽巫
山一段雲】
前段四句二韻二十二字
【首句
五字
二句五字
仄韻起
三句
七字
四句五
字仄叶】
後段同前
詞
秦湛
春透水波明寒峭花枝瘦極目煙中百尺樓人在
樓中不 四和裊金鳧雙陸思纎手擬倩東風浣",待标注,"{""行款"":""半页29行，行4字""}",,
417,417.webp,417.png,二期,二期：复杂版面,"右牟雍人廩
王靑二 職
犮 齊柏公齊公子王子克鮒里乙
小白
【襄公弟】
糾
鮑叔牙
紀矦 宋愍公
管仲
髙傒【師古曰傒音奚】 魯孫 紀季 捷【嚴公子】
隱
召忽【師古日召讀曰邵】
蕭叔态顓孫【師古曰顓音上專反】齊伯氏專豆萬
寺人貂子游
隰朋 石祁子曹釐公 猛獲
王子成 夷
【嚴公子】
易牙 南宫牛
寗戚 父 常之巫
原繁 宋柏公
【師古曰齊栢時人也】
鄭子嬰
宋仇牧賔須亡 禦說【愍見吕覧】
【弟師古曰說讀曰恱】
衞公子
齊【子斖子】
麥丘人
開方
傳瑕
【古今人表一】","右牟雍人廩
王靑二 職
犮 齊柏公齊公子王子克鮒里乙
小白
【襄公弟】
糾
鮑叔牙
紀矦 宋愍公
管仲
髙傒【師古曰傒音奚】 魯孫 紀季 捷【嚴公子】
隱
召忽【師古日召讀曰邵】
蕭叔态顓孫【師古曰顓音上專反】齊伯氏專豆萬
寺人貂子游
隰朋 石祁子曹釐公 猛獲
王子成 夷
【嚴公子】
易牙 南宫牛
寗戚 父 常之巫
原繁 宋柏公
【師古曰齊栢時人也】
鄭子嬰
宋仇牧賔須亡 禦說【愍見吕覧】
【弟師古曰說讀曰恱】
衞公子
齊【子斖子】
麥丘人
開方
傳瑕
【古今人表一】",待标注,"{""行款"":""半页24行，行5字""}",,
418,418.webp,418.png,二期,二期：复杂版面,"陽新矦
鄭業
【以皇太太后同母弟子矦千戸】
【八月辛卯封二年元壽二年坐非正免】
新野
髙安矦
董賢
【以侍中駙馬都尉告東平王雲祝詛反逆矦千戸後益封二千户】
【建平四年八月辛卯封二年元壽二年坐爲大司馬不合衆心免自殺】
朱扶
方陽矦
孫寵
【以騎都尉與息夫躬告東平王反謀矦千户】
【八月空卯封二年元壽二年坐前爲姦讒免徙合浦】
龍亢
宣陵矦
息夫躬
【以博士弟子因董賢告東平王反謀矦千戸】
【八月辛卯封二年圥壽二年坐祝詛下獄死】
杜衍
長平頃
矦彭宣
【以大司空矦二千七十四戸】
【元壽二年五月甲子封四年薨】
【元始四年節矦聖嗣十四年薨】
【天鳯五年矦業嗣王莽敗絶】
濟南
右孝哀十三人新成新都平陽營
陵德五人隨父凡十八人
扶德侯
馬宫
【以大司徒矦二千户】
【元始元年二月丙辰封王莽篡位爲太子師卒官】
贛榆
扶平矦
王崇
【以大司空矦二千戸】
【二月丙辰封三年爲傳婢所毒薨】
臨淮
外戚矦表","陽新矦
鄭業
【以皇太太后同母弟子矦千戸】
【八月辛卯封二年元壽二年坐非正免】
新野
髙安矦
董賢
【以侍中駙馬都尉告東平王雲祝詛反逆矦千戸後益封二千户】
【建平四年八月辛卯封二年元壽二年坐爲大司馬不合衆心免自殺】
朱扶
方陽矦
孫寵
【以騎都尉與息夫躬告東平王反謀矦千户】
【八月空卯封二年元壽二年坐前爲姦讒免徙合浦】
龍亢
宣陵矦
息夫躬
【以博士弟子因董賢告東平王反謀矦千戸】
【八月辛卯封二年圥壽二年坐祝詛下獄死】
杜衍
長平頃
矦彭宣
【以大司空矦二千七十四戸】
【元壽二年五月甲子封四年薨】
【元始四年節矦聖嗣十四年薨】
【天鳯五年矦業嗣王莽敗絶】
濟南
右孝哀十三人新成新都平陽營
陵德五人隨父凡十八人
扶德侯
馬宫
【以大司徒矦二千户】
【元始元年二月丙辰封王莽篡位爲太子師卒官】
贛榆
扶平矦
王崇
【以大司空矦二千戸】
【二月丙辰封三年爲傳婢所毒薨】
臨淮
外戚矦表",待标注,"{""行款"":""半页40行，行3字""}",,
419,419.webp,419.png,二期,二期：复杂版面,"定陵矦
淳于長
【以侍中衛尉言昌陵不可成矦子户皇太后姊子】
【元延三年二月丙午封二年綏和元年坐大逆下獄死】
汝南
殷紹
嘉矦
孔何
齊
【以殷後孔子丗吉適子矦千六百七十戸後六月進爵爲公地方百里建平二年益户九百三十二師古曰適讀曰嫡孔吉之嫡子也】
【綏和元年二月甲子封八年元始二年更爲宋公〇劉氏校本云據平紀元始四年爲宋公此當爲四年在位合十一年】
沛
宜薌矦
馮參
【以中山王舅矦千户】
【綏和元年二月甲子封建平元年坐姊】中山太后祝詛自殺】
汜郷矦
何武【師古曰汜音凡】
【以大司空矦千戸哀帝即位益千戸】
【四月乙丑封十年元始三年爲莽所殺賜謚曰剌】
【元始四年矦況嗣建國四年薨】
南陽
博山簡
烈矦孔
光
【以丞相矦千户元始元年益萬户】
【二年三月丙戍封二年建平二年坐衆職廢免元壽元年五月乙卯復以丞相矦六年薨】
【元始五年矦放嗣王莽敗絶】
順陽
右孝成十人安成平阿成都紅陽曲陽
髙平新都武陽矦八人隨父凡十八人
陽安矦
丁明
【以帝舅侯五千户】
【綏和二年四月壬寅封七年元始元年爲王莽殺】
外戚矦表","定陵矦
淳于長
【以侍中衛尉言昌陵不可成矦子户皇太后姊子】
【元延三年二月丙午封二年綏和元年坐大逆下獄死】
汝南
殷紹
嘉矦
孔何
齊
【以殷後孔子丗吉適子矦千六百七十戸後六月進爵爲公地方百里建平二年益户九百三十二師古曰適讀曰嫡孔吉之嫡子也】
【綏和元年二月甲子封八年元始二年更爲宋公〇劉氏校本云據平紀元始四年爲宋公此當爲四年在位合十一年】
沛
宜薌矦
馮參
【以中山王舅矦千户】
【綏和元年二月甲子封建平元年坐姊】中山太后祝詛自殺】
汜郷矦
何武【師古曰汜音凡】
【以大司空矦千戸哀帝即位益千戸】
【四月乙丑封十年元始三年爲莽所殺賜謚曰剌】
【元始四年矦況嗣建國四年薨】
南陽
博山簡
烈矦孔
光
【以丞相矦千户元始元年益萬户】
【二年三月丙戍封二年建平二年坐衆職廢免元壽元年五月乙卯復以丞相矦六年薨】
【元始五年矦放嗣王莽敗絶】
順陽
右孝成十人安成平阿成都紅陽曲陽
髙平新都武陽矦八人隨父凡十八人
陽安矦
丁明
【以帝舅侯五千户】
【綏和二年四月壬寅封七年元始元年爲王莽殺】
外戚矦表",待标注,"{""行款"":""半页14行，行21字""}",,
420,420.webp,420.png,二期,二期：复杂版面,"六丗
【建平元年矦純嗣王莽建國四年更爲張郷矦建武中爲武始矦】
今見
陽平
節矦
蔡義
【以丞相矦前爲御史大夫與大將軍光定䇿益封凡七百户】
【元平元年九月戊戍封三年本始四年薨亡後〇劉氏校本云
諸本作本始三年此作四年爲是據紀傳在相位四年薨】
右孝昭六人一人桑樂矦隨父凡七人
營平
壯矦
趙充
國
【以後將軍與大將軍光定䇿功矦千二百七十九戸】
【本始元年八月辛未封二十二年薨】
【甘露三年質矦弘嗣二十二年薨】
【建始四年考矦欽嗣七年薨】
【陽朔三年矦岑嗣士年元延三年坐父欽詐以長安女子主君俠孑爲嗣免户二千九百四十四】
濟南
平丘
矦王
遷
【以光禄大夫與大將軍光定䇿功矦千二百五十三户】
【八月辛未封五年地節二年坐平尚書聽請受臧六百萬自殺如】淳曰律諸爲人請求於吏以枉法而事巳行爲聽行者皆爲司寇師古曰有人私請求而聽受之】
肥城
外戚矦表","六丗
【建平元年矦純嗣王莽建國四年更爲張郷矦建武中爲武始矦】
今見
陽平
節矦
蔡義
【以丞相矦前爲御史大夫與大將軍光定䇿益封凡七百户】
【元平元年九月戊戍封三年本始四年薨亡後〇劉氏校本云
諸本作本始三年此作四年爲是據紀傳在相位四年薨】
右孝昭六人一人桑樂矦隨父凡七人
營平
壯矦
趙充
國
【以後將軍與大將軍光定䇿功矦千二百七十九戸】
【本始元年八月辛未封二十二年薨】
【甘露三年質矦弘嗣二十二年薨】
【建始四年考矦欽嗣七年薨】
【陽朔三年矦岑嗣士年元延三年坐父欽詐以長安女子主君俠孑爲嗣免户二千九百四十四】
濟南
平丘
矦王
遷
【以光禄大夫與大將軍光定䇿功矦千二百五十三户】
【八月辛未封五年地節二年坐平尚書聽請受臧六百萬自殺如】淳曰律諸爲人請求於吏以枉法而事巳行爲聽行者皆爲司寇師古曰有人私請求而聽受之】
肥城
外戚矦表",待标注,"{""行款"":""半页25行，行2字""}",,
421,421.webp,421.png,二期,二期：复杂版面,"【說是也】
於是成帝復詔蕭何哀平之丗増脩
曹參周勃之屬得其宜矣以綴續前記究
其本末并序位次盡于孝文以昭元功之
矦籍
【師古曰籍謂名録也
髙紀所云通矦籍也】
號謚姓名
矦狀戶數
始封
位次
子
孫
曾孫
玄孫
平陽懿矦曹參
【以中㳙從起沛至霸上矦以將軍入漢以假左丞相定魏齊以右丞相矦萬六百户師古曰中治親近之臣若謁者舎人之類也㳙絜也主居中掃絜也㳙音工玄反】
【六年十二月甲申封】
【孟康曰曹參位第二而表在首䔥何位第一而表在十三表以封前後故也】
【孝惠六年靖矦窋嗣二十九年薨】
【孝文後四年簡矦竒嗣七年薨
【孝景四年夷矦時嗣二十三年薨】
【元光五年共矦襄嗣十六年薨】
六丗
【元鼎三年矦宗嗣二十四年征和二年坐與中人姦蘭入宫掖門入財贖完爲城旦户二萬三千】
七丗
【元康四年參玄孫之孫杜陵公乗喜詔復家孟康曰諸復家皆丗丗無所與得傳同產子】
八丗
九丗
【元壽二年五月甲子矦本始以參玄孫之玄孫杜陵公士詔封千户元始元年益滿二千户】
高惠髙后文功","【說是也】
於是成帝復詔蕭何哀平之丗増脩
曹參周勃之屬得其宜矣以綴續前記究
其本末并序位次盡于孝文以昭元功之
矦籍
【師古曰籍謂名録也
髙紀所云通矦籍也】
號謚姓名
矦狀戶數
始封
位次
子
孫
曾孫
玄孫
平陽懿矦曹參
【以中㳙從起沛至霸上矦以將軍入漢以假左丞相定魏齊以右丞相矦萬六百户師古曰中治親近之臣若謁者舎人之類也㳙絜也主居中掃絜也㳙音工玄反】
【六年十二月甲申封】
【孟康曰曹參位第二而表在首䔥何位第一而表在十三表以封前後故也】
【孝惠六年靖矦窋嗣二十九年薨】
【孝文後四年簡矦竒嗣七年薨
【孝景四年夷矦時嗣二十三年薨】
【元光五年共矦襄嗣十六年薨】
六丗
【元鼎三年矦宗嗣二十四年征和二年坐與中人姦蘭入宫掖門入財贖完爲城旦户二萬三千】
七丗
【元康四年參玄孫之孫杜陵公乗喜詔復家孟康曰諸復家皆丗丗無所與得傳同產子】
八丗
九丗
【元壽二年五月甲子矦本始以參玄孫之玄孫杜陵公士詔封千户元始元年益滿二千户】
高惠髙后文功",待标注,"{""行款"":""半页13行，行16字""}",,
422,422.webp,422.png,二期,二期：复杂版面,"【寳善堂記】
蔡傳便蒙書
經集註
人瑞堂藏板","【寳善堂記】
蔡傳便蒙書
經集註
人瑞堂藏板",待标注,"{""行款"":""半页4行，行5字""}",,
423,423.webp,423.png,二期,二期：复杂版面,"大明萬曆新崴春月
吉旦書林寳善堂梓","大明萬曆新崴春月
吉旦書林寳善堂梓",待标注,"{""行款"":""半页2行，行8字""}",,
424,424.webp,424.png,二期,二期：复杂版面,"監天欽纂定
發微曆眼
通書大全
附曆合覽 連珠暦 金符經
神會膺 遊擇記 大明曆
非命曆 玉匣記
沈定宇梓","監天欽纂定
發微曆眼
通書大全
附曆合覽 連珠暦 金符經
神會膺 遊擇記 大明曆
非命曆 玉匣記
沈定宇梓",待标注,"{""行款"":""半页3行，行10字""}",,
425,425.webp,425.png,二期,二期：复杂版面,"種德堂
注釋心鑑
古文大全
【書林熊振宇梓】
新鐫古文心鑑總目
一卷
〇勸學文
真宗皇帝勸學 仁宗皇帝勸學 司馬温公勸學
桞屯田勸學文 王荆公勧学文 白楽天勧学文
朱文公勧学文 符讀書城南
〇五言古風短篇
清夜吟 四時 江雪 訪道者不遇
蚕媍 憫農 讀李斯傳 王昭君
劔客 七步詩 競病韻 貪泉","種德堂
注釋心鑑
古文大全
【書林熊振宇梓】
新鐫古文心鑑總目
一卷
〇勸學文
真宗皇帝勸學 仁宗皇帝勸學 司馬温公勸學
桞屯田勸學文 王荆公勧学文 白楽天勧学文
朱文公勧学文 符讀書城南
〇五言古風短篇
清夜吟 四時 江雪 訪道者不遇
蚕媍 憫農 讀李斯傳 王昭君
劔客 七步詩 競病韻 貪泉",待标注,"{""行款"":""半页5行，行18字""}",,
426,426.webp,426.png,二期,二期：复杂版面,"藥性歌訣雷
公炮製大全
【萬曆丁亥歲周對峰刊行】
太醫院補遺本草歌訣雷公炮製目錄
金石部卷之一
【三百三十八種】
丹砂
【味甘微寒無毒】
雲母
【味甘平無毒】
玊屑
【味甘平無毒】
玉泉
【味甘平無毒】
石鍾乳
【味甘温無毒】
礬石
【味酸寒無毒】
消石
【味辛苦大寒無毒】
苦硝
【味辛苦大寒】
朴硝
【味苦辛大寒無毒】
玄明粉
【味辛甘性冷無毒】
馬牙硝
【味甘大寒無毒】
生硝
【味苦大寒無毒】
滑石
【味甘寒大寒無毒】
石膽
【味酸辛寒有毒】
空青
【味甘酸氣大寒】
曾青
【味酸小寒無毒】
禹餘粮
【味甘寒平無毒】
太乙餘粮
【味甘平無毐】","藥性歌訣雷
公炮製大全
【萬曆丁亥歲周對峰刊行】
太醫院補遺本草歌訣雷公炮製目錄
金石部卷之一
【三百三十八種】
丹砂
【味甘微寒無毒】
雲母
【味甘平無毒】
玊屑
【味甘平無毒】
玉泉
【味甘平無毒】
石鍾乳
【味甘温無毒】
礬石
【味酸寒無毒】
消石
【味辛苦大寒無毒】
苦硝
【味辛苦大寒】
朴硝
【味苦辛大寒無毒】
玄明粉
【味辛甘性冷無毒】
馬牙硝
【味甘大寒無毒】
生硝
【味苦大寒無毒】
滑石
【味甘寒大寒無毒】
石膽
【味酸辛寒有毒】
空青
【味甘酸氣大寒】
曾青
【味酸小寒無毒】
禹餘粮
【味甘寒平無毒】
太乙餘粮
【味甘平無毐】",待标注,"{""行款"":""半页24行，行8字""}",,
427,427.webp,427.png,二期,二期：复杂版面,"山川丘陵潤溪沼沚【八十四】乿陌红塵青山緑水【八十五】大海細流崇山峻領【八十六】
潦尽潭清峰迥路轉【八十七】
栁栢花衢竹籬芋舎【八十八】
临水登山求田間舎【八十九】
擊楫渡江乗桴浮海【九十】
傅說兼岩伊尹耕野【九十一】
東澗西瀍左洙右泗【九十二】
鉄治銅山金渊玉海【九十三】
海比天南山間林下【九十四】
决東决西自南自北【九十五】
如山如河有源有委【九十六】
四海九州千村万落【九十七】【落】
収書君
子認此
堂為記
坊間舊判對類大全諸本不一简畧缺誤字様泯㓕其扵
各门字書差訛之甚讀者盖兩病然本堂今求到江西斈
校游旻原本端請各儒精加緫龜棌輯衆本之詳明則削
而正之又増入諸濡註釋利誤使初斈干之垣然易晚諸
本玉石不侔矣卷瓣諸梓嘉与四方収書君子共埀藻監
皇明太歳正徳七年陳氏徐慶書堂增補註釋鼎新刊行】
新增註釋對類大全目録
終","山川丘陵潤溪沼沚【八十四】乿陌红塵青山緑水【八十五】大海細流崇山峻領【八十六】
潦尽潭清峰迥路轉【八十七】
栁栢花衢竹籬芋舎【八十八】
临水登山求田間舎【八十九】
擊楫渡江乗桴浮海【九十】
傅說兼岩伊尹耕野【九十一】
東澗西瀍左洙右泗【九十二】
鉄治銅山金渊玉海【九十三】
海比天南山間林下【九十四】
决東决西自南自北【九十五】
如山如河有源有委【九十六】
四海九州千村万落【九十七】【落】
収書君
子認此
堂為記
坊間舊判對類大全諸本不一简畧缺誤字様泯㓕其扵
各门字書差訛之甚讀者盖兩病然本堂今求到江西斈
校游旻原本端請各儒精加緫龜棌輯衆本之詳明則削
而正之又増入諸濡註釋利誤使初斈干之垣然易晚諸
本玉石不侔矣卷瓣諸梓嘉与四方収書君子共埀藻監
皇明太歳正徳七年陳氏徐慶書堂增補註釋鼎新刊行】
新增註釋對類大全目録
終",待标注,"{""行款"":""半页19行，行13字""}",,
428,428.webp,428.png,三期,三期：圈点,"之國弑其君者必千乘之家○千乘之國弑其君者○必
百乘之家○
【疏國危】
萬取千焉○千取百焉○不爲不多矣
苟○爲○後○義◎而○先○利○◎不○奪○不○饜○
【再論交征利之失計】
未○有○仁◎而○遺○其○親○者○也○○未○有○義◎而○後○其○君○者○也○
上節正說曲說○此節反說直說○文法錯綜
王○亦○曰○仁◎義◎而○巳○矣○○何○必○曰○利◎
再用前語結上句却倒在下○隨勢捲舒自然合拍
仁義二字○一章之綱領○亦一書之綱領
〇孟子見梁惠王○王、立、於、沼、上○、顧、鴻、鴈、麋、鹿、曰○、賢者","之國弑其君者必千乘之家○千乘之國弑其君者○必
百乘之家○
【疏國危】
萬取千焉○千取百焉○不爲不多矣
苟○爲○後○義◎而○先○利○◎不○奪○不○饜○
【再論交征利之失計】
未○有○仁◎而○遺○其○親○者○也○○未○有○義◎而○後○其○君○者○也○
上節正說曲說○此節反說直說○文法錯綜
王○亦○曰○仁◎義◎而○巳○矣○○何○必○曰○利◎
再用前語結上句却倒在下○隨勢捲舒自然合拍
仁義二字○一章之綱領○亦一書之綱領
〇孟子見梁惠王○王、立、於、沼、上○、顧、鴻、鴈、麋、鹿、曰○、賢者",待标注,"{""行款"":""半页4行，行37字"",""阅读痕迹"":[""圈点""]}",,
429,429.webp,429.png,三期,三期：圈点,"亦樂◎此乎
孟子對曰○賢○者○而○後○樂◎此○○不○賢○者○雖○有○此○不○樂◎也○
一正一反○生下二扇
詩云○經始靈臺○經之營之○庶民攻之○不日成之○經始
勿亟○庶民子來○王在靈囿○麀鹿攸伏○麀鹿濯濯○白鳥
鶴鶴○王在靈沼於牣魚躍○文王以民力爲臺爲沼○而
民歡樂之○謂其臺曰靈臺○謂其沼曰靈沼○樂其有麋
鹿魚鼈○
【兩層說詩】
古○之○人○與○民○偕◎樂◎故○能○樂◎也○
【應鎖】
湯誓曰○時日害喪○予及女偕亡○民欲與之偕亡○
【一句】","亦樂◎此乎
孟子對曰○賢○者○而○後○樂◎此○○不○賢○者○雖○有○此○不○樂◎也○
一正一反○生下二扇
詩云○經始靈臺○經之營之○庶民攻之○不日成之○經始
勿亟○庶民子來○王在靈囿○麀鹿攸伏○麀鹿濯濯○白鳥
鶴鶴○王在靈沼於牣魚躍○文王以民力爲臺爲沼○而
民歡樂之○謂其臺曰靈臺○謂其沼曰靈沼○樂其有麋
鹿魚鼈○
【兩層說詩】
古○之○人○與○民○偕◎樂◎故○能○樂◎也○
【應鎖】
湯誓曰○時日害喪○予及女偕亡○民欲與之偕亡○
【一句】",待标注,"{""行款"":""半页7行，行25字"",""阅读痕迹"":[""圈点""]}",,
430,430.webp,430.png,三期,三期：圈点,"【說書】
雖○有○臺○池○鳥○獸○○豈○能○獨◎樂◎哉○
【應鎖】
少對多
乍說起似極奇○及細說來○却是實情實理
〇梁惠王曰○寡人之於國也○盡心焉耳矣○河內凶○則
移其民於河東○移其粟於河內○河東凶亦○然○○
【省文法】
察鄰國之政○無如寡人之用心者○鄰○國○之○民○不○加○少○
寡○人○之○民○不○加○多○○何○也○
【言外以人死罪歲】
孟子對曰○王好戰○請以戰喩○塡然鼓之○兵刃旣接○棄
甲曳兵而走○或百步而後止○或五十步而後止○以○五○","【說書】
雖○有○臺○池○鳥○獸○○豈○能○獨◎樂◎哉○
【應鎖】
少對多
乍說起似極奇○及細說來○却是實情實理
〇梁惠王曰○寡人之於國也○盡心焉耳矣○河內凶○則
移其民於河東○移其粟於河內○河東凶亦○然○○
【省文法】
察鄰國之政○無如寡人之用心者○鄰○國○之○民○不○加○少○
寡○人○之○民○不○加○多○○何○也○
【言外以人死罪歲】
孟子對曰○王好戰○請以戰喩○塡然鼓之○兵刃旣接○棄
甲曳兵而走○或百步而後止○或五十步而後止○以○五○",待标注,"{""行款"":""半页8行，行25字"",""阅读痕迹"":[""圈点""]}",,
431,431.webp,431.png,三期,三期：圈点,"刻二十七松堂集序
古今能文之士○非好竒也○所遭
之境竒○則文亦従而竒焉耳○朱
眀之季○制義敗才○奄豎敗政○黨
禍敗人○而闖賊韃虜遂敗國矣○
士生乎斯際○抱負噐識○而不得
其位者○不能釐革敝制○以養天
下之才○不能誅逆奄以培國脉○","刻二十七松堂集序
古今能文之士○非好竒也○所遭
之境竒○則文亦従而竒焉耳○朱
眀之季○制義敗才○奄豎敗政○黨
禍敗人○而闖賊韃虜遂敗國矣○
士生乎斯際○抱負噐識○而不得
其位者○不能釐革敝制○以養天
下之才○不能誅逆奄以培國脉○",待标注,"{""行款"":""半页7行，行14字"",""阅读痕迹"":[""圈点""]}",,
432,432.webp,432.png,三期,三期：圈点,"不能揚眀哲保身之訓○以矯僣
妄詭激之病○不能麾三軍之衆○
以殱流賊驕虜○其忠肝義膽孤
憤深慨之氣○鬱積磅礴○乆而不
洩○觸境而為文辭以自憙○若矦
朝宗魏冰叔廖柴舟是已○讀三
子之文○攷其所交游之士○一時
草澤中○何其多竒材也○而又恠","不能揚眀哲保身之訓○以矯僣
妄詭激之病○不能麾三軍之衆○
以殱流賊驕虜○其忠肝義膽孤
憤深慨之氣○鬱積磅礴○乆而不
洩○觸境而為文辭以自憙○若矦
朝宗魏冰叔廖柴舟是已○讀三
子之文○攷其所交游之士○一時
草澤中○何其多竒材也○而又恠",待标注,"{""行款"":""半页8行，行14字"",""阅读痕迹"":[""圈点""]}",,
433,433.webp,433.png,三期,三期：圈点,"唐大家韓文公文抄卷之一
歸安鹿門茅坤批評
孫男闇叔著重訂
表狀
進撰平淮西碑文表
不獨碑文冠當世而表亦壯
臣某言伏奉正月十四日勅牒以收復淮西群臣請刻石紀功○
明示天下○爲將來法式○陛下推勞臣下○允其志願○使臣撰平淮
西碑文者○聞命震駭○心識顚倒○非其所任○爲愧爲恐○經○、渉○、旬○、月○、
不○、敢○、措○、手○、竊惟自古神聖之君○旣立殊功異德卓絶之跡○必有","唐大家韓文公文抄卷之一
歸安鹿門茅坤批評
孫男闇叔著重訂
表狀
進撰平淮西碑文表
不獨碑文冠當世而表亦壯
臣某言伏奉正月十四日勅牒以收復淮西群臣請刻石紀功○
明示天下○爲將來法式○陛下推勞臣下○允其志願○使臣撰平淮
西碑文者○聞命震駭○心識顚倒○非其所任○爲愧爲恐○經○、渉○、旬○、月○、
不○、敢○、措○、手○、竊惟自古神聖之君○旣立殊功異德卓絶之跡○必有",待标注,"{""行款"":""半页9行，行11字"",""阅读痕迹"":[""圈点""]}",,
434,434.webp,434.png,三期,三期：圈点,"奇能博辯之士爲時而生○持簡操筆從而寫之○各有品章條貫○
然後帝王之美○巍巍煌煌○充滿天地○其、載、於、書、○則、堯、舜、二、典、夏、
之、禹、貢、○殷、之、盤、庚、○周、之、五、誥、○於、詩、則、玄、鳥、常、發、○歸、美、殷、宗、○清、廟、
臣、工、○小、大、二、雅、○周、王、是、歌、○辭事相稱○善并美具○號以爲經○列之
學官○置師弟子讀而講之○從始至今○莫敢指斥○嚮、○使、○撰、○次、○不、○得、○
其、○人、○文、○字、○曖、○昧、○雖、○有、○美、○實、○其、○誰、○觀、○之、○辭迹俱亡○善惡惟一○然○則○
兹○事○至○大○不○可○輕○以○屬○人○伏惟唐至陛下再登太平剗刮群㚥○
掃灑疆土○天之所覆莫不賔順○然而淮西之功○尤爲俊偉○碑石
所刻○動流億年○必得作者然後可盡能事○今○詞○學○之○英○所○在○【疑】麻○
【作森】
列○儒○宗○文○師○磊○落○相○望○外○之○則○宰○相○公○卿○郞○官○博○士○內○之○則○翰○","奇能博辯之士爲時而生○持簡操筆從而寫之○各有品章條貫○
然後帝王之美○巍巍煌煌○充滿天地○其、載、於、書、○則、堯、舜、二、典、夏、
之、禹、貢、○殷、之、盤、庚、○周、之、五、誥、○於、詩、則、玄、鳥、常、發、○歸、美、殷、宗、○清、廟、
臣、工、○小、大、二、雅、○周、王、是、歌、○辭事相稱○善并美具○號以爲經○列之
學官○置師弟子讀而講之○從始至今○莫敢指斥○嚮、○使、○撰、○次、○不、○得、○
其、○人、○文、○字、○曖、○昧、○雖、○有、○美、○實、○其、○誰、○觀、○之、○辭迹俱亡○善惡惟一○然○則○
兹○事○至○大○不○可○輕○以○屬○人○伏惟唐至陛下再登太平剗刮群㚥○
掃灑疆土○天之所覆莫不賔順○然而淮西之功○尤爲俊偉○碑石
所刻○動流億年○必得作者然後可盡能事○今○詞○學○之○英○所○在○【疑】麻○
【作森】
列○儒○宗○文○師○磊○落○相○望○外○之○則○宰○相○公○卿○郞○官○博○士○內○之○則○翰○",待标注,"{""行款"":""半页10行，行40字"",""阅读痕迹"":[""圈点""]}",,
435,435.webp,435.png,三期,三期：圈点,"鄧州北寄上襄陽于相公書
似譽而昌
伏蒙示文武順聖樂辭天保樂詩讀蔡琰胡笳辭詩移族從并
與京兆書自幕府至鄧之北境凡五百餘里自庚子至甲辰凡
五日手披目視口詠其言心惟其義且恐且懼忽若有忘不知
鞍馬之勤道途之遠也夫澗谷之水深不過咫尺丘垤之山高
不能踰尋丈人則狎而翫之及至臨泰山之懸崖窺巨海之驚
瀾莫、不、戰、掉、悼、慄、眩、惑、而、自、失、所、觀、變、於、前、所、守、易、於、內、亦、其、
理、宜、也、閤下負超卓之竒材蓄雄剛之俊德渾然天成無有畔
岸而又貴窮乎公相威動乎區極天子之毘諸矦之師故其文","鄧州北寄上襄陽于相公書
似譽而昌
伏蒙示文武順聖樂辭天保樂詩讀蔡琰胡笳辭詩移族從并
與京兆書自幕府至鄧之北境凡五百餘里自庚子至甲辰凡
五日手披目視口詠其言心惟其義且恐且懼忽若有忘不知
鞍馬之勤道途之遠也夫澗谷之水深不過咫尺丘垤之山高
不能踰尋丈人則狎而翫之及至臨泰山之懸崖窺巨海之驚
瀾莫、不、戰、掉、悼、慄、眩、惑、而、自、失、所、觀、變、於、前、所、守、易、於、內、亦、其、
理、宜、也、閤下負超卓之竒材蓄雄剛之俊德渾然天成無有畔
岸而又貴窮乎公相威動乎區極天子之毘諸矦之師故其文",待标注,"{""行款"":""半页8行，行24字"",""阅读痕迹"":[""圈点""]}",,
436,436.webp,436.png,三期,三期：圈点,"唐大家韓文公文抄卷之六
歸安鹿門茅坤批評孫男闇叔著重訂
序
送楊支使序
楊憑爲御史中丞奏辟儀之爲觀察支使文有興致
-愈-在-京-師-時-嘗聞當今藩翰之賓客惟宣州爲多賢與之游者【客】
二人隴西李博淸河崔羣羣與博之爲人吾知之道不行於主
人與之處者非其類雖有享之以季氏之富不一日留也以羣
博論之凡在宣州之幕下者雖、不、盡、與、之、游、皆、可、信、而、得、其、爲、
人、矣、愈未嘗至宣州而樂頌其主人之賢者以其取人信之也","唐大家韓文公文抄卷之六
歸安鹿門茅坤批評孫男闇叔著重訂
序
送楊支使序
楊憑爲御史中丞奏辟儀之爲觀察支使文有興致
-愈-在-京-師-時-嘗聞當今藩翰之賓客惟宣州爲多賢與之游者【客】
二人隴西李博淸河崔羣羣與博之爲人吾知之道不行於主
人與之處者非其類雖有享之以季氏之富不一日留也以羣
博論之凡在宣州之幕下者雖、不、盡、與、之、游、皆、可、信、而、得、其、爲、
人、矣、愈未嘗至宣州而樂頌其主人之賢者以其取人信之也",待标注,"{""行款"":""半页7行，行24字"",""阅读痕迹"":[""圈点""]}",,
437,437.webp,437.png,三期,三期：圈点,"送湖南李正字序
以交游離合之情爲文又一種風調
貞元中愈從太傅隴西公平汴州李生之尊府以侍御史管汴
之鹽鐵日爲酒殺羊享賔客李生則尚與其弟學讀書習文辭
以舉進士爲業愈於太傅府年最少故、得、交、李、生、父、子、間、-公-薨-
軍亂軍司馬從事皆死侍御亦被讒爲民日南其後五年愈又
貶陽山令今愈以都官郞守東都省侍御自衡州刺史爲親王
長史亦留此掌其府事李生自湖南從事請吿來覲於、時、太、傅、
府、之、士、惟、愈、與、河、南、司、錄、周、君、獨、存、其、外、則、李、氏、父、子、相、與、爲、
四、人、離、十、三、年、幸、而、集、處、得、燕、而、舉、一、觴、相、屬、此、天、也、非、人、力、","送湖南李正字序
以交游離合之情爲文又一種風調
貞元中愈從太傅隴西公平汴州李生之尊府以侍御史管汴
之鹽鐵日爲酒殺羊享賔客李生則尚與其弟學讀書習文辭
以舉進士爲業愈於太傅府年最少故、得、交、李、生、父、子、間、-公-薨-
軍亂軍司馬從事皆死侍御亦被讒爲民日南其後五年愈又
貶陽山令今愈以都官郞守東都省侍御自衡州刺史爲親王
長史亦留此掌其府事李生自湖南從事請吿來覲於、時、太、傅、
府、之、士、惟、愈、與、河、南、司、錄、周、君、獨、存、其、外、則、李、氏、父、子、相、與、爲、
四、人、離、十、三、年、幸、而、集、處、得、燕、而、舉、一、觴、相、屬、此、天、也、非、人、力、",待标注,"{""行款"":""半页8行，行24字"",""阅读痕迹"":[""圈点""]}",,
438,438.webp,438.png,三期,三期：圈点,"祭田橫墓文
借田橫發自巳一生悲感之意
貞元十一年九月愈如東京道出田橫墓下感橫義高能得士
因取酒以祭爲文而弔之其辭曰事○有○曠○百○世○而○相○感○者○{便伏寓意}余○不○
自○知○其○何○心○非今世之所稀孰爲使余歔欷而不可禁余旣博
觀乎天下曷有庻幾乎夫子之所爲死者不復生嗟余去此其
從誰當、秦、氏、之、敗、亂、{悲感}得、一、士、而、可、王、何、五、百、人、之、擾、擾、而、不、能、
脫、夫、子、於、劔、鋩、抑○所○寶○之○{敢得有方}非○賢○亦○天○命○之○有○常○昔闕里之多士
孔聖亦云其遑遑苟○余○行○之○不○迷○雖○顚○沛○其○何○傷○自古死者非{本旨}
一夫子至今有耿光跽陳辭而薦酒魂髣髴而來享","祭田橫墓文
借田橫發自巳一生悲感之意
貞元十一年九月愈如東京道出田橫墓下感橫義高能得士
因取酒以祭爲文而弔之其辭曰事○有○曠○百○世○而○相○感○者○{便伏寓意}余○不○
自○知○其○何○心○非今世之所稀孰爲使余歔欷而不可禁余旣博
觀乎天下曷有庻幾乎夫子之所爲死者不復生嗟余去此其
從誰當、秦、氏、之、敗、亂、{悲感}得、一、士、而、可、王、何、五、百、人、之、擾、擾、而、不、能、
脫、夫、子、於、劔、鋩、抑○所○寶○之○{敢得有方}非○賢○亦○天○命○之○有○常○昔闕里之多士
孔聖亦云其遑遑苟○余○行○之○不○迷○雖○顚○沛○其○何○傷○自古死者非{本旨}
一夫子至今有耿光跽陳辭而薦酒魂髣髴而來享",待标注,"{""行款"":""半页4行，行50字"",""阅读痕迹"":[""圈点""]}",,
439,439.webp,439.png,三期,三期：圈点,"五代史周世宗論
直叙
鳴呼五代本紀備矣君臣之際可勝道哉梁之友珪反唐牋克
寧而殺從又存璨則、父、子、骨、肉、之、恩、幾、何、其、不、絶、矣、太妃薨而
輟朝立劉氏馮氏爲皇后則、夫、婦、之、義、幾、何、其、不、乖、而、不、至、於、
禽、獸、矣、寒食野祭而焚紙錢居喪攺元而用樂殺馬延及任圜
則、禮、樂、刑、政、幾、何、其、不、壊、矣、至於賽雷山傳箭而撲馬則、中、國、
幾、何、其、不、夷、狄、矣、可、謂、亂、世、也、歟、而、世、宗、區、區、五、六、年、間、取、秦、
隴、平、淮、右、復、三、關、威、武、之、聲、震、懾、夷、夏、而、方、內、延、儒、學、文、章、之、
士、考、制、度、修、通、禮、定、正、樂、議、刑、綂、其、制、作、之、法、皆、可、施、於、後、世、","五代史周世宗論
直叙
鳴呼五代本紀備矣君臣之際可勝道哉梁之友珪反唐牋克
寧而殺從又存璨則、父、子、骨、肉、之、恩、幾、何、其、不、絶、矣、太妃薨而
輟朝立劉氏馮氏爲皇后則、夫、婦、之、義、幾、何、其、不、乖、而、不、至、於、
禽、獸、矣、寒食野祭而焚紙錢居喪攺元而用樂殺馬延及任圜
則、禮、樂、刑、政、幾、何、其、不、壊、矣、至於賽雷山傳箭而撲馬則、中、國、
幾、何、其、不、夷、狄、矣、可、謂、亂、世、也、歟、而、世、宗、區、區、五、六、年、間、取、秦、
隴、平、淮、右、復、三、關、威、武、之、聲、震、懾、夷、夏、而、方、內、延、儒、學、文、章、之、
士、考、制、度、修、通、禮、定、正、樂、議、刑、綂、其、制、作、之、法、皆、可、施、於、後、世、",待标注,"{""行款"":""半页6行，行48字"",""阅读痕迹"":[""圈点""]}",,
440,440.webp,440.png,三期,三期：圈点,"△○○養才
養竒傑之才而特挈出古者議能一節以感悟當世直
是刺骨
夫、人、之、所、爲、有、可、勉、强、者、有、不、可、勉、强、者、煦煦然而爲仁、孑孑
然而爲義、不食片言以爲信、不見小利以爲廉、雖、古、之、所、謂、仁、
與、義、信、與、廉、者、不、止、若、是、而天下之人亦不曰是非仁人是非
義人是非信人是非廉人、此則無諸巳而可勉强以到者也、在
朝廷而百官肅、在邊鄙而四夷懼、坐之於繁劇紛擾之中而不
亂、投之於羽檄奔走之地而不惑、爲吏而吏、爲將而將、若是者
<俊傑之論>
豈非天之所與、性之所有、不可勉强而能也、道○與○德○可○勉○以○進○","△○○養才
養竒傑之才而特挈出古者議能一節以感悟當世直
是刺骨
夫、人、之、所、爲、有、可、勉、强、者、有、不、可、勉、强、者、煦煦然而爲仁、孑孑
然而爲義、不食片言以爲信、不見小利以爲廉、雖、古、之、所、謂、仁、
與、義、信、與、廉、者、不、止、若、是、而天下之人亦不曰是非仁人是非
義人是非信人是非廉人、此則無諸巳而可勉强以到者也、在
朝廷而百官肅、在邊鄙而四夷懼、坐之於繁劇紛擾之中而不
亂、投之於羽檄奔走之地而不惑、爲吏而吏、爲將而將、若是者
<俊傑之論>
豈非天之所與、性之所有、不可勉强而能也、道○與○德○可○勉○以○進○",待标注,"{""行款"":""半页8行，行34字"",""阅读痕迹"":[""圈点""]}",,
441,441.webp,441.png,三期,三期：圈点,"正統論中
正統之論起於歐陽子而霸統之說起於章子二子之論吾與
歐陽子故不得不與章子辨以全歐陽子之說歐陽子之説全
而吾之說又因以明-章-子-之-說-曰進秦梁失而未善也進魏非
也是章子未知夫名實之所在也夫所謂正統者猶曰有天下
云爾正統者果名也又焉實之知視天下之所同君而加之又
焉知其他章子以爲魏不能一天下不當與之統夫魏雖不能
一天下亦無有如魏之彊者吳雖存非兩立之勢奈何不與之
統章、子、之、不、絶、五、代、也、亦、徒、以、爲、天、下、無、有、與、之、敵、者、而、巳、今、
也、絶、魏、魏、安、得、無、辭、哉、正統者惡夫天下之無君而作也故天","正統論中
正統之論起於歐陽子而霸統之說起於章子二子之論吾與
歐陽子故不得不與章子辨以全歐陽子之說歐陽子之説全
而吾之說又因以明-章-子-之-說-曰進秦梁失而未善也進魏非
也是章子未知夫名實之所在也夫所謂正統者猶曰有天下
云爾正統者果名也又焉實之知視天下之所同君而加之又
焉知其他章子以爲魏不能一天下不當與之統夫魏雖不能
一天下亦無有如魏之彊者吳雖存非兩立之勢奈何不與之
統章、子、之、不、絶、五、代、也、亦、徒、以、爲、天、下、無、有、與、之、敵、者、而、巳、今、
也、絶、魏、魏、安、得、無、辭、哉、正統者惡夫天下之無君而作也故天",待标注,"{""行款"":""半页9行，行24字"",""阅读痕迹"":[""圈点""]}",,
442,442.webp,442.png,三期,三期：圈点,"與趙卨書
中多持重處亦合兵機
某啟議者多言遽欲開納西人則示之以弱彼更獨强以事情
料之殆不如此以我衆大當彼寡小我、尚、疲、弊、厭、兵、卽、彼、偷、欲、
得、和、可、知、我深閉固距使彼不得安息則彼上下忿懼并力一
心致死於我此、彼、所、以、能、倔、强、也、我明示開納則彼孰敢違衆
首議欲爲倔强者就令有敢如、此、則、彼、舉、國、皆、將、德、我、而、怨、彼、
孰肯爲之致死此○所○以○怒○我○而○怠○㓂○也○老子曰抗兵相、加、愛、者、
勝、矣、此、之、謂、也、至于開納之後與之約和乃不可遽遽則彼將
驕而易我、葢、明、示、開、納、所、以、怠、其、衆、而、紓、吾、患、徐、與、之、議、所以","與趙卨書
中多持重處亦合兵機
某啟議者多言遽欲開納西人則示之以弱彼更獨强以事情
料之殆不如此以我衆大當彼寡小我、尚、疲、弊、厭、兵、卽、彼、偷、欲、
得、和、可、知、我深閉固距使彼不得安息則彼上下忿懼并力一
心致死於我此、彼、所、以、能、倔、强、也、我明示開納則彼孰敢違衆
首議欲爲倔强者就令有敢如、此、則、彼、舉、國、皆、將、德、我、而、怨、彼、
孰肯爲之致死此○所○以○怒○我○而○怠○㓂○也○老子曰抗兵相、加、愛、者、
勝、矣、此、之、謂、也、至于開納之後與之約和乃不可遽遽則彼將
驕而易我、葢、明、示、開、納、所、以、怠、其、衆、而、紓、吾、患、徐、與、之、議、所以",待标注,"{""行款"":""半页8行，行37字"",""阅读痕迹"":[""圈点""]}",,
443,443.webp,443.png,三期,三期：圈点,"對禹問論
或問曰堯舜傳諸賢禹傳諸子信乎曰然然則禹之
賢不及於堯與舜也歟曰不然堯舜之傳賢也欲天
下之得其所也禹之傳子也憂後世爭之之亂也堯
舜之利民也大禹之慮民也-深-曰然則堯舜何以不
憂後世曰舜如、堯、堯、傳、之、禹、如、舜、舜、傅、之、得其人而
傳之堯舜也無其人慮其患而不傳者禹也舜、不、能、
以、傳、禹、堯、爲、不、知、人、禹、不、能、以、傳、子、舜、爲不、知、人、堯
以傳舜爲憂後世禹以傳子爲慮後-世-曰禹之慮也
則深矣傳之子而當不淑則柰何曰時益以難理傳","對禹問論
或問曰堯舜傳諸賢禹傳諸子信乎曰然然則禹之
賢不及於堯與舜也歟曰不然堯舜之傳賢也欲天
下之得其所也禹之傳子也憂後世爭之之亂也堯
舜之利民也大禹之慮民也-深-曰然則堯舜何以不
憂後世曰舜如、堯、堯、傳、之、禹、如、舜、舜、傅、之、得其人而
傳之堯舜也無其人慮其患而不傳者禹也舜、不、能、
以、傳、禹、堯、爲、不、知、人、禹、不、能、以、傳、子、舜、爲不、知、人、堯
以傳舜爲憂後世禹以傳子爲慮後-世-曰禹之慮也
則深矣傳之子而當不淑則柰何曰時益以難理傳",待标注,"{""行款"":""半页9行，行22字"",""阅读痕迹"":[""圈点""]}",,
444,444.webp,444.png,三期,三期：圈点,"哉○或曰、吾聞君子不欲加諸人○而惡訐以爲直者○若
吾子之論○直則直矣○無乃傷于德而費于辭乎○好盡
言以招人過○國武子之所以見殺於齊也○吾子其亦
聞乎○愈曰○君子居其位○則思死其官○未得位○則思修
其辭以明其道○我將以明道也○非以爲直而加人也○
且國武子不能得善人○而好盡言於亂國○是以見殺○
傳曰○惟○善○人○能○受○盡○言○謂○其○聞○而○能○攺○之○也○子○告○我○
曰陽、○子、○可、○以、○噅、○有、○道、○之、○士、○也、○今、○雖、○不、○能、○及、○巳、○陽、○子、○將、○
不、○得、○爲、○善、○人、○乎、○哉、○
【袁中郎曰文公岍論擅一世之青到末自彡䟽而以善人能受盡言
奬陽子却立囬互内好令陽子闸之立心平堡和引遇自责矣】
封建論
天地果、無、初、乎、吾、不、得、而、知、之、也、生、人、果、有、初、乎、吾、
不、得、而、知、之、也、然則孰爲近曰有初爲近孰明之由
封建而明之也○彼封建者更古聖王堯舜禹湯文武
而莫能去之盖非不欲去之也勢不可也勢之來則
其生人之初乎不初無以有封建封建非聖人意也
彼其初與萬物皆生草木榛榛鹿豕狉狉人不能搏
噬而且無毛羽莫克自奉自衞荀卿有言必將假物
以爲用者也夫假物者必爭爭而不巳必就其能㫁
曲直者而聴命焉其智而明者所伏必衆告之以直","哉○或曰、吾聞君子不欲加諸人○而惡訐以爲直者○若
吾子之論○直則直矣○無乃傷于德而費于辭乎○好盡
言以招人過○國武子之所以見殺於齊也○吾子其亦
聞乎○愈曰○君子居其位○則思死其官○未得位○則思修
其辭以明其道○我將以明道也○非以爲直而加人也○
且國武子不能得善人○而好盡言於亂國○是以見殺○
傳曰○惟○善○人○能○受○盡○言○謂○其○聞○而○能○攺○之○也○子○告○我○
曰陽、○子、○可、○以、○噅、○有、○道、○之、○士、○也、○今、○雖、○不、○能、○及、○巳、○陽、○子、○將、○
不、○得、○爲、○善、○人、○乎、○哉、○
【袁中郎曰文公岍論擅一世之青到末自彡䟽而以善人能受盡言
奬陽子却立囬互内好令陽子闸之立心平堡和引遇自责矣】
封建論
天地果、無、初、乎、吾、不、得、而、知、之、也、生、人、果、有、初、乎、吾、
不、得、而、知、之、也、然則孰爲近曰有初爲近孰明之由
封建而明之也○彼封建者更古聖王堯舜禹湯文武
而莫能去之盖非不欲去之也勢不可也勢之來則
其生人之初乎不初無以有封建封建非聖人意也
彼其初與萬物皆生草木榛榛鹿豕狉狉人不能搏
噬而且無毛羽莫克自奉自衞荀卿有言必將假物
以爲用者也夫假物者必爭爭而不巳必就其能㫁
曲直者而聴命焉其智而明者所伏必衆告之以直",待标注,"{""行款"":""半页10行，行23字"",""阅读痕迹"":[""圈点""]}",,
445,445.webp,445.png,三期,三期：圈点,"唐㑹元精選批㸃唐宋名贒䇿論文粹卷五
原性論
立柱格
性也者與生俱生也情也者接於物而生也-性-之-品-
有-三-而-其-所-以-爲-性-者-五-情-之-品-有-三-而-其-所-以-爲-
情-者-七-曰何也曰性之品有上中下三上焉者善焉
而巳矣中焉者可導而上下也下焉者惡焉而巳矣
其所以爲性者五曰仁曰禮曰信曰義曰智上焉者
之於五也主於一而行於四中焉者之於五也一不
少有焉則少反焉則於四也混下焉者之於五也反
於一而悖於四性之於情視其品-情-之-品-有-上-中-下-","唐㑹元精選批㸃唐宋名贒䇿論文粹卷五
原性論
立柱格
性也者與生俱生也情也者接於物而生也-性-之-品-
有-三-而-其-所-以-爲-性-者-五-情-之-品-有-三-而-其-所-以-爲-
情-者-七-曰何也曰性之品有上中下三上焉者善焉
而巳矣中焉者可導而上下也下焉者惡焉而巳矣
其所以爲性者五曰仁曰禮曰信曰義曰智上焉者
之於五也主於一而行於四中焉者之於五也一不
少有焉則少反焉則於四也混下焉者之於五也反
於一而悖於四性之於情視其品-情-之-品-有-上-中-下-",待标注,"{""行款"":""半页9行，行20字"",""阅读痕迹"":[""圈点""]}",,
446,446.webp,446.png,三期,三期：圈点,"〇〇原道論
首尾相應中分叚落
藏機
愽愛之謂仁○行而宜之之謂義○由是而之焉之謂道○
足乎巳無待於外之謂德○仁與義爲定名○道與德爲
虚位○故道有君子小人○而德有㐫有吉○老子之小
仁義○非毀之也○其見者小也○坐井而觀天○曰天小者○
非天小也○彼、以、煦、煦、爲、仁○子、孑、爲、義○其、小、之、也、則、宜○
其所謂道○道其所道○非吾所謂道也○其所謂德○德其
所德○非吾所謂德也○凡吾所謂道德云者○合○仁○興○義○
言○心○之○也○天○下○之○公○言○也○老子、所謂道德云者○去○仁○與○
義○言○之○也○一○人○之○私○言○也○周道衰○孔子没○火于秦○黃","〇〇原道論
首尾相應中分叚落
藏機
愽愛之謂仁○行而宜之之謂義○由是而之焉之謂道○
足乎巳無待於外之謂德○仁與義爲定名○道與德爲
虚位○故道有君子小人○而德有㐫有吉○老子之小
仁義○非毀之也○其見者小也○坐井而觀天○曰天小者○
非天小也○彼、以、煦、煦、爲、仁○子、孑、爲、義○其、小、之、也、則、宜○
其所謂道○道其所道○非吾所謂道也○其所謂德○德其
所德○非吾所謂德也○凡吾所謂道德云者○合○仁○興○義○
言○心○之○也○天○下○之○公○言○也○老子、所謂道德云者○去○仁○與○
義○言○之○也○一○人○之○私○言○也○周道衰○孔子没○火于秦○黃",待标注,"{""行款"":""半页7行，行37字"",""阅读痕迹"":[""圈点""]}",,
447,447.webp,447.png,三期,三期：圈点,"師說論
曲折
古之學者必有師師者所以傳道受業解惑也人非
生而知之者孰能無惑惑而不從師其爲惑也終不
解矣生乎吾前其聞道也固先乎吾吾從而師之生
乎吾後其聞道也亦先乎吾吾從而師之吾師道也
夫庸知其年之先後生於吾乎是故無貴無賤無長
無少道之所存師之所存也嗟呼師道之不傳也久
矣欲人之無惑也難矣古之聖人其出人也逺矣猶
且從師而問焉今之衆人其去聖人也亦逺矣而-耻-
學-於-師-是故聖●益●聖●愚●益●愚●聖人之所以爲聖愚人","師說論
曲折
古之學者必有師師者所以傳道受業解惑也人非
生而知之者孰能無惑惑而不從師其爲惑也終不
解矣生乎吾前其聞道也固先乎吾吾從而師之生
乎吾後其聞道也亦先乎吾吾從而師之吾師道也
夫庸知其年之先後生於吾乎是故無貴無賤無長
無少道之所存師之所存也嗟呼師道之不傳也久
矣欲人之無惑也難矣古之聖人其出人也逺矣猶
且從師而問焉今之衆人其去聖人也亦逺矣而-耻-
學-於-師-是故聖●益●聖●愚●益●愚●聖人之所以爲聖愚人",待标注,"{""行款"":""半页9行，行20字"",""阅读痕迹"":[""圈点""]}",,
448,448.webp,448.png,三期,三期：圈点,"其○亦○幸○而○出○於○三○代○之○後○而○不○見○點○於○禹○湯○文○武○周○
-公-○孔-○子-○也-○其-○亦-○不-○幸-○而-○不-○出-○於-○三-○代-○之-○前-○不-○見-○正-○於-○
禹-○湯-○文-○武-○周-○公-○孔-○子-○也-○帝之與王、其號各殊、其所以
爲聖一也、夏葛而冬裘、渴飲而飢食、其事雖殊、其所
以爲智一也、今-其-言-曰○-曷-不-爲-大-古-之無事○-是-●○●亦-●○●責-●○●
冬-●○之-●○裁-●○者-●○曰-●○昌-●○不-●○爲-●○-葛●○之-●○之-●○易-●○也-●○責-●○飢-●○之-●○饑-●○者-●○曰-●○曷-●○
不-○●爲-○●飲-○●之-○●之-○●易-○●也-○●傅曰、古之欲明明德於天下者、先
治其國、欲治其國者、先齊其家、欲齊其家者、先修其
身、欲修其身者、先正其心、欲正其心者、先誠其意、然
則古之所謂正心{而}誠意者將○以○有○爲○也○-今-、-也-、-欲-、-治-、-其-、-","其○亦○幸○而○出○於○三○代○之○後○而○不○見○點○於○禹○湯○文○武○周○
-公-○孔-○子-○也-○其-○亦-○不-○幸-○而-○不-○出-○於-○三-○代-○之-○前-○不-○見-○正-○於-○
禹-○湯-○文-○武-○周-○公-○孔-○子-○也-○帝之與王、其號各殊、其所以
爲聖一也、夏葛而冬裘、渴飲而飢食、其事雖殊、其所
以爲智一也、今-其-言-曰○-曷-不-爲-大-古-之無事○-是-●○●亦-●○●責-●○●
冬-●○之-●○裁-●○者-●○曰-●○昌-●○不-●○爲-●○-葛●○之-●○之-●○易-●○也-●○責-●○飢-●○之-●○饑-●○者-●○曰-●○曷-●○
不-○●爲-○●飲-○●之-○●之-○●易-○●也-○●傅曰、古之欲明明德於天下者、先
治其國、欲治其國者、先齊其家、欲齊其家者、先修其
身、欲修其身者、先正其心、欲正其心者、先誠其意、然
則古之所謂正心{而}誠意者將○以○有○爲○也○-今-、-也-、-欲-、-治-、-其-、-",待标注,"{""行款"":""半页2行，行80字"",""阅读痕迹"":[""圈点""]}",,
449,449.webp,449.png,三期,三期：圈点,"之所以爲愚其皆出於此乎愛其子擇師而教之於
-其-身-也-則-耻-師-焉-惑-矣-彼童子之師授之書而習其
句讀者也非吾所謂傳其道觧其惑者也句讀之不
知惑之不觧或師焉或不焉小●學●而●大●遺●吾●未●見●其●
明●也●巫醫樂師百工之人不耻相師-士-大-夫-之-旅-曰-
-師-曰-弟-子-云-者-則-群-聚-而-笑-之-問之則曰彼與彼年
相若也道相似也位畢則足羞官盛則近諛嗚呼師
道之不復可知矣巫醫百工之人君子比之今●其●智●
乃●反●不●能●及●可●恠●也●歟●聖人無常師萇弘師㐮老聃
郯子之徒其賢不及孔子孔子曰三人行則必有我
師故弟子不必不如師師不必賢於弟子聞道有先
後術業有專攻如斯而巳李氏子蟠年十七好古文
六藝經傳皆通習之不●拘●於●時●請學於余余嘉其能
行古道作師說以貽之
文公以師道自任故語皆愷切","之所以爲愚其皆出於此乎愛其子擇師而教之於
-其-身-也-則-耻-師-焉-惑-矣-彼童子之師授之書而習其
句讀者也非吾所謂傳其道觧其惑者也句讀之不
知惑之不觧或師焉或不焉小●學●而●大●遺●吾●未●見●其●
明●也●巫醫樂師百工之人不耻相師-士-大-夫-之-旅-曰-
-師-曰-弟-子-云-者-則-群-聚-而-笑-之-問之則曰彼與彼年
相若也道相似也位畢則足羞官盛則近諛嗚呼師
道之不復可知矣巫醫百工之人君子比之今●其●智●
乃●反●不●能●及●可●恠●也●歟●聖人無常師萇弘師㐮老聃
郯子之徒其賢不及孔子孔子曰三人行則必有我
師故弟子不必不如師師不必賢於弟子聞道有先
後術業有專攻如斯而巳李氏子蟠年十七好古文
六藝經傳皆通習之不●拘●於●時●請學於余余嘉其能
行古道作師說以貽之
文公以師道自任故語皆愷切",待标注,"{""行款"":""半页14行，行20字"",""阅读痕迹"":[""圈点""]}",,
450,450.webp,450.png,三期,三期：圈点,"【爲法○】
倨傲自順○不可以爲下○
【所行倨傲○則
不能謙下。】
崇喪遂哀○
【尊崇】
【喪制○以遂
其悲哀○】
破產厚葬○不可以爲俗○游說乞貸○
【游○說諸侯○皆有】
【所乞於人也○】
不可以爲國○自大賢之息周室旣衰○禮樂缺
有○間○
【言缺
壞也○】
今-孔-子-盛容飾○繁登降之禮○趨詳
【卽趨
蹌也○】
之
節○累世丕能殫
【盡也○】
其學○當年不能究
【窮也○】
其禮
【言孔子
學術疎】
【逺○禮節迂濶不能
取效於一時也○】
君欲用之以移齊俗○非所以先細
民也○
【用孔子迂濶疎逺之術○以化齊人○則於
治民迂緩○故曰非以爲細民之先也○】
異日○-景-
公止-孔-子-曰○奉子以-季-氏-吾不能以-季-孟-之間待之○
又曰○吾老矣○不能用也-孔-子-遂行○
國語
【魯
語】
【孔子四
十二歲○】
【在魯○】
-季-桓-子-穿井○獲如土缶○其中有羊焉○使問之-仲-尼-
曰吾穿井而得狗○何也○-仲-尼-云○以丘之所聞羊也○丘
聞之○木石之怪曰夔
【一足
獸】
罔蜽○
【山精狀如小兒○好學
人步○而迷惑人者○】
水之怪曰龍
【神物非常
見○故曰怪】
罔象
【一名沐瞳○
能食人○】
土之怪曰墳
羊○
【雌雄未
成者○】
又-吳-伐越○墮○-會-稽-○
【越地○今屬浙江會稽縣○】
獲骨焉
節專
當也○
車○
【骨之一節○
長如車轅○】
吳使○使問-仲-尼-曰○骨何爲大○-仲-
-尼-曰○昔-禹-致羣神
卽諸侯○謂庄山川
之君○爲羣神之主○
於-會-稽-之山○防
-風-氏-後至○-禹-殺而戮之○其骨節專車○此爲大矣○客曰○
敢問誰守爲神○-仲-尼-曰○山川之靈○足以紀綱天下者○
其守爲神○
【名山大川○能興雲致雨
以利天下○故謂之神○】
社稷之守爲公侯○
【封國立社稷而令
守之○是爲公侯○】
皆屬於王者○
【王者主天
下之山川○】
客曰○-防-風-","【爲法○】
倨傲自順○不可以爲下○
【所行倨傲○則
不能謙下。】
崇喪遂哀○
【尊崇】
【喪制○以遂
其悲哀○】
破產厚葬○不可以爲俗○游說乞貸○
【游○說諸侯○皆有】
【所乞於人也○】
不可以爲國○自大賢之息周室旣衰○禮樂缺
有○間○
【言缺
壞也○】
今-孔-子-盛容飾○繁登降之禮○趨詳
【卽趨
蹌也○】
之
節○累世丕能殫
【盡也○】
其學○當年不能究
【窮也○】
其禮
【言孔子
學術疎】
【逺○禮節迂濶不能
取效於一時也○】
君欲用之以移齊俗○非所以先細
民也○
【用孔子迂濶疎逺之術○以化齊人○則於
治民迂緩○故曰非以爲細民之先也○】
異日○-景-
公止-孔-子-曰○奉子以-季-氏-吾不能以-季-孟-之間待之○
又曰○吾老矣○不能用也-孔-子-遂行○
國語
【魯
語】
【孔子四
十二歲○】
【在魯○】
-季-桓-子-穿井○獲如土缶○其中有羊焉○使問之-仲-尼-
曰吾穿井而得狗○何也○-仲-尼-云○以丘之所聞羊也○丘
聞之○木石之怪曰夔
【一足
獸】
罔蜽○
【山精狀如小兒○好學
人步○而迷惑人者○】
水之怪曰龍
【神物非常
見○故曰怪】
罔象
【一名沐瞳○
能食人○】
土之怪曰墳
羊○
【雌雄未
成者○】
又-吳-伐越○墮○-會-稽-○
【越地○今屬浙江會稽縣○】
獲骨焉
節專
當也○
車○
【骨之一節○
長如車轅○】
吳使○使問-仲-尼-曰○骨何爲大○-仲-
-尼-曰○昔-禹-致羣神
卽諸侯○謂庄山川
之君○爲羣神之主○
於-會-稽-之山○防
-風-氏-後至○-禹-殺而戮之○其骨節專車○此爲大矣○客曰○
敢問誰守爲神○-仲-尼-曰○山川之靈○足以紀綱天下者○
其守爲神○
【名山大川○能興雲致雨
以利天下○故謂之神○】
社稷之守爲公侯○
【封國立社稷而令
守之○是爲公侯○】
皆屬於王者○
【王者主天
下之山川○】
客曰○-防-風-",待标注,"{""行款"":""半页34行，行6字"",""阅读痕迹"":[""圈点""]}",,
451,451.webp,451.png,三期,三期：圈点,"辭不受○出
謂弟子曰吾聞之○君子當功以受祿○
【當有功而後受祿○】
今說○景公
【記者追溯○故稱景公○】
而未行○而賜我-廩-邱-○其不
知-丘-亦甚矣○
史記
【老子
列傳】
【孔子三
十四歲○】
孔子適周○將問禮
於-老-子-
【卽老聃。】
-老-子-曰○子所言○其人與骨皆已杤矣○獨
其言在耳○且君子得時則駕○不得時則蓬累
【積累蓬篛○若今戴笠然○】
而行
【言得志則行○不得志則戴笠而去○】
吾聞之○良賈深藏若虛○
君子盛德容貌若愚
【內德充足○外若
愚而無所能也○】
去子之驕氣與
多欲○態色
【虛假之色○】
與淫志
【淫佚之志○】
皆無益於子之身○吾所
以告子○若是而巳○
又
【孔子世家】
-孔-子-去-周-○-老-子-送之曰○
吾開富貴者送人以財仁者送人以言○吾不能富貴
竊仁人之號○請送子以言○聰明深察而近於死者○
【聰明】
太過○則精神發越○
於外○故近於死○
好譏議人者也○博辨宏遠而危其
身者○
【好爲辯論○適○
足危其身○】
好發人之惡者也○無以有巳○
【不自有其身也】
爲人子者○
【身爲父母所有○故
事父母能竭其力○】
無以○惡已○
【無致可惡之事於巳】
爲人臣者○
【保身全○行○臣之節也○
此二語倒裝文法○】
子曰○敬奉教○
孔叢子
孔子訪樂於-萇-弘-○-弘-私謂-劉-文-公-曰○吾觀-仲-尼-○有、
聖人之表○河目而魚顙黃帝之形貌也○修
【長也○】
肱而龜
背○長九尺六寸○-成-湯-之形體也○言必稱先王○躬履謙
讓○洽聞强記○博物不窮○其聖人之興者乎○
家語
-孔-子-觀乎明堂○覩四門牗有-堯-舜-桀-紂-之象○又有-周-公-","辭不受○出
謂弟子曰吾聞之○君子當功以受祿○
【當有功而後受祿○】
今說○景公
【記者追溯○故稱景公○】
而未行○而賜我-廩-邱-○其不
知-丘-亦甚矣○
史記
【老子
列傳】
【孔子三
十四歲○】
孔子適周○將問禮
於-老-子-
【卽老聃。】
-老-子-曰○子所言○其人與骨皆已杤矣○獨
其言在耳○且君子得時則駕○不得時則蓬累
【積累蓬篛○若今戴笠然○】
而行
【言得志則行○不得志則戴笠而去○】
吾聞之○良賈深藏若虛○
君子盛德容貌若愚
【內德充足○外若
愚而無所能也○】
去子之驕氣與
多欲○態色
【虛假之色○】
與淫志
【淫佚之志○】
皆無益於子之身○吾所
以告子○若是而巳○
又
【孔子世家】
-孔-子-去-周-○-老-子-送之曰○
吾開富貴者送人以財仁者送人以言○吾不能富貴
竊仁人之號○請送子以言○聰明深察而近於死者○
【聰明】
太過○則精神發越○
於外○故近於死○
好譏議人者也○博辨宏遠而危其
身者○
【好爲辯論○適○
足危其身○】
好發人之惡者也○無以有巳○
【不自有其身也】
爲人子者○
【身爲父母所有○故
事父母能竭其力○】
無以○惡已○
【無致可惡之事於巳】
爲人臣者○
【保身全○行○臣之節也○
此二語倒裝文法○】
子曰○敬奉教○
孔叢子
孔子訪樂於-萇-弘-○-弘-私謂-劉-文-公-曰○吾觀-仲-尼-○有、
聖人之表○河目而魚顙黃帝之形貌也○修
【長也○】
肱而龜
背○長九尺六寸○-成-湯-之形體也○言必稱先王○躬履謙
讓○洽聞强記○博物不窮○其聖人之興者乎○
家語
-孔-子-觀乎明堂○覩四門牗有-堯-舜-桀-紂-之象○又有-周-公-",待标注,"{""行款"":""半页26行，行8字"",""阅读痕迹"":[""圈点""]}",,
452,452.webp,452.png,三期,三期：圈点,"紀綱修法度親-魯-衛-以和柔中國命-齊-晉-爲方伯以糾
合天下之諸侯-文-武-之-迹-可-尋-東-周-之-業-可-興-也-今-乃-
-即-安-於-洛-邑-雖-周-民-頼-以-粗-安-宗-祀-頼-以-不-絶-然-使-其-
-臣-子-忘-君-父-之-大-讎-兩-置-天-下-之-諸-侯-於-度-外-周-之-名-
-號-錐-存-而-其-實-則-眇-然-一-列-國-耳-當平王在位之時世
之君子尚意其猶有待也及待之四十九年而-士-君-子-
-之-望-亦-衰-矣-天-子-之-每-令-不-足-以-制-諸-侯-則-其-互-相-吞-
-滅-盖-其-勢-之-所-必-至-也天下不明於復讎之義則其君
臣父子相賊殺習以爲常而不之怪也-孔-子-傷宗周之
無主痛人道之將絶而作春秋其書天王之義巌矣-書-
-其-出-入-之-地-者-示-天-王-不-可-置-中-國-於-度-外-也-書-其-有-
-所-求-者-明-天-王-之-不-可-失-其-柄-也-其書討賊之義嚴矣","紀綱修法度親-魯-衛-以和柔中國命-齊-晉-爲方伯以糾
合天下之諸侯-文-武-之-迹-可-尋-東-周-之-業-可-興-也-今-乃-
-即-安-於-洛-邑-雖-周-民-頼-以-粗-安-宗-祀-頼-以-不-絶-然-使-其-
-臣-子-忘-君-父-之-大-讎-兩-置-天-下-之-諸-侯-於-度-外-周-之-名-
-號-錐-存-而-其-實-則-眇-然-一-列-國-耳-當平王在位之時世
之君子尚意其猶有待也及待之四十九年而-士-君-子-
-之-望-亦-衰-矣-天-子-之-每-令-不-足-以-制-諸-侯-則-其-互-相-吞-
-滅-盖-其-勢-之-所-必-至-也天下不明於復讎之義則其君
臣父子相賊殺習以爲常而不之怪也-孔-子-傷宗周之
無主痛人道之將絶而作春秋其書天王之義巌矣-書-
-其-出-入-之-地-者-示-天-王-不-可-置-中-國-於-度-外-也-書-其-有-
-所-求-者-明-天-王-之-不-可-失-其-柄-也-其書討賊之義嚴矣",待标注,"{""行款"":""半页9行，行43字"",""阅读痕迹"":[""圈点""]}",,
453,453.webp,453.png,三期,三期：圈点,"曰守法-君-以-從-諌-務-學-爲-美-臣-以-識-心-則-性-爲-賢-論-安-
-言-計-動-引-聖-人-舉-一-世-謂-之-正-論-而-經-生-學-士-合-爲-一-
辭以摩切陛下者也夫豈知安○一○隅○之○地○則○不○足○以○
承○天○命○忘○君○父○之○讎○州○不○足○以○立○人○道○-民-窮-兵-疲-而-事-
-不-可-已-者-不-可-以-常-理-論-消-息-盈-虚-而-與-時-偕-行-者-不-
-可-以-常-法-拘-爲-天-下-迦-正-論-而-不-足-以-明-天-下-之-大-義-
-冝-其-取-輕-於-陛-下-也-論恢復則曰精間諜結豪望論
冨強則曰廣召募括动論治則曰立志論事則曰從權
君以駕馭籠絡爲明臣以奮勵驅馳爲最察事見情自
許豪傑舉一丗謂之竒論而才臣智士合爲辭以撼
動陛下者也决豈知坐錢○塘○浮○侈○之○隅○以○圗○中○原○則○
非○其○地○用○東○南○胃○安○之○衆○以○行○進○取○則○非○其○-人-財-止-於-","曰守法-君-以-從-諌-務-學-爲-美-臣-以-識-心-則-性-爲-賢-論-安-
-言-計-動-引-聖-人-舉-一-世-謂-之-正-論-而-經-生-學-士-合-爲-一-
辭以摩切陛下者也夫豈知安○一○隅○之○地○則○不○足○以○
承○天○命○忘○君○父○之○讎○州○不○足○以○立○人○道○-民-窮-兵-疲-而-事-
-不-可-已-者-不-可-以-常-理-論-消-息-盈-虚-而-與-時-偕-行-者-不-
-可-以-常-法-拘-爲-天-下-迦-正-論-而-不-足-以-明-天-下-之-大-義-
-冝-其-取-輕-於-陛-下-也-論恢復則曰精間諜結豪望論
冨強則曰廣召募括动論治則曰立志論事則曰從權
君以駕馭籠絡爲明臣以奮勵驅馳爲最察事見情自
許豪傑舉一丗謂之竒論而才臣智士合爲辭以撼
動陛下者也决豈知坐錢○塘○浮○侈○之○隅○以○圗○中○原○則○
非○其○地○用○東○南○胃○安○之○衆○以○行○進○取○則○非○其○-人-財-止-於-",待标注,"{""行款"":""半页9行，行43字"",""阅读痕迹"":[""圈点""]}",,
454,454.webp,454.png,三期,三期：圈点,"急、之、勢、既、緩、復、急○所、以、振、其、緩、之、神○惟○急○故○緩○亦○
惟○緩○故○急○其○相○生○然○也○人多争㸔急處○余獨愛㸔
緩處○正○以○急○得○妙○多○在○緩○得○妙○耳○如此篇、仁政一
叚○至言格論○氣盡語極○真如長江大河○沛然莫禦○
急○莫○急○於○此○矣○而○開○端○却○用○一○寛○緩○語○以○養○其○勢○
則○急○者○不○嫌○突○直○而○且○愈○以○顯○其○急○之○妙○此○所○謂○
惟○急○故○緩○也○至、於、彼奪數句○因、上、面、文、勢、甚、急○遂○
又○從○對○面○秦○楚○挿○頓○一○層○以○緩○之○然○後○綮○緊○接○頓○
以○振○其○神○此○又○急○而○忽○緩○緩○而○復○急○緩○與○緩○不○同○","急、之、勢、既、緩、復、急○所、以、振、其、緩、之、神○惟○急○故○緩○亦○
惟○緩○故○急○其○相○生○然○也○人多争㸔急處○余獨愛㸔
緩處○正○以○急○得○妙○多○在○緩○得○妙○耳○如此篇、仁政一
叚○至言格論○氣盡語極○真如長江大河○沛然莫禦○
急○莫○急○於○此○矣○而○開○端○却○用○一○寛○緩○語○以○養○其○勢○
則○急○者○不○嫌○突○直○而○且○愈○以○顯○其○急○之○妙○此○所○謂○
惟○急○故○緩○也○至、於、彼奪數句○因、上、面、文、勢、甚、急○遂○
又○從○對○面○秦○楚○挿○頓○一○層○以○緩○之○然○後○綮○緊○接○頓○
以○振○其○神○此○又○急○而○忽○緩○緩○而○復○急○緩○與○緩○不○同○",待标注,"{""行款"":""半页9行，行38字"",""阅读痕迹"":[""圈点""]}",,
455,455.webp,455.png,三期,三期：圈点,"序
余讀孟子書○慨然想見其爲人○盖、、亦、、猶、、是、平平耳○淡
淡耳○雖、、、嘗、、嚴氣正性○而泰山巖巖○然、、非、、有驚世絶俗
之言甚高難行之事也○其平日願學孔子○深得乎仁
義之真境○故、、居安資深○而左右逄源○粹面盎背○而施
於四體○以此爲、、人、、○即以此爲、、文、、○其文之剛明峭逸○隨時
變化○而莫可企及者○乃其人人可與共知者也○知其
文而粹精畢現○與知其人而咲語如新○皆在一時感
契之中○尚論尚友○果非異人任乎○余是以熟讀孟子","序
余讀孟子書○慨然想見其爲人○盖、、亦、、猶、、是、平平耳○淡
淡耳○雖、、、嘗、、嚴氣正性○而泰山巖巖○然、、非、、有驚世絶俗
之言甚高難行之事也○其平日願學孔子○深得乎仁
義之真境○故、、居安資深○而左右逄源○粹面盎背○而施
於四體○以此爲、、人、、○即以此爲、、文、、○其文之剛明峭逸○隨時
變化○而莫可企及者○乃其人人可與共知者也○知其
文而粹精畢現○與知其人而咲語如新○皆在一時感
契之中○尚論尚友○果非異人任乎○余是以熟讀孟子",待标注,"{""行款"":""半页8行，行23字"",""阅读痕迹"":[""圈点""]}",,
456,456.webp,456.png,三期,三期：圈点,"<之○何○煞○住○却○又○摇○曳○
不○盡○極○文、情○之○妙○>
【逆、續○】
民○飢○而○死○也○
前路跟定安、、字○徐徐引、、襯、、而入○意致寛、、、閒、○不渉突、、
盡○中間指陳時獘○言言廹、、切、○如○暴○雨○滴○簷○迅○雷○擊○
物○令○人○毛○骨○竦○然○恐○繪○流○民○圖○者○無○此○的○確○酸○痛○
也○末○路○文○勢○将○竭○乃○又○忽○離○忽○合○忽○断○忽○續○冩○得○
岌○岌○震○動○令○中○間○文○字○若○分○外○添○出○一○畨○氣○色○可○
稱○後○勁○
梁惠王上之五
【追、、、叙○伏、洒、恥、意、涙随聲墜】
<越券哭兀○有○徔○前○一○
步作反○襯○已○伏○得○>
梁惠王曰、晋、國、天、下、莫、強、焉○叟、之、所、、知、、也○及寡人之","<之○何○煞○住○却○又○摇○曳○
不○盡○極○文、情○之○妙○>
【逆、續○】
民○飢○而○死○也○
前路跟定安、、字○徐徐引、、襯、、而入○意致寛、、、閒、○不渉突、、
盡○中間指陳時獘○言言廹、、切、○如○暴○雨○滴○簷○迅○雷○擊○
物○令○人○毛○骨○竦○然○恐○繪○流○民○圖○者○無○此○的○確○酸○痛○
也○末○路○文○勢○将○竭○乃○又○忽○離○忽○合○忽○断○忽○續○冩○得○
岌○岌○震○動○令○中○間○文○字○若○分○外○添○出○一○畨○氣○色○可○
稱○後○勁○
梁惠王上之五
【追、、、叙○伏、洒、恥、意、涙随聲墜】
<越券哭兀○有○徔○前○一○
步作反○襯○已○伏○得○>
梁惠王曰、晋、國、天、下、莫、強、焉○叟、之、所、、知、、也○及寡人之",待标注,"{""行款"":""半页6行，行38字"",""阅读痕迹"":[""圈点""]}",,
457,457.webp,457.png,三期,三期：圈点,"月之、巧○然襯法亦非一種○有正、、襯○有反、、襯○有對、、面、、襯○
有旁、、面、襯○有高、、一層襯○有低、、一層襯○有前、、一歩襯○
有後、、一歩襯○大、凡、本、、意、説、不、醒、者○一○用○襯○法○則○豁○
然○矣○此篇開首、從○前○一○路○用○翻○襯○法○極○敗○興○時○說○
極○得○意○事○以○得○意○襯○敗○興○則○從○前○快○活○俱○成○此○日○
涘○眼○而○敗○興○乃○不○堪○言○願比死者○亦、廽、抱、首、、句、作、、
襯、、托○故、分、外、酸、、痛、難、聞、○覺○死○灰○中○頗○有○生○氣○故○如○
何○一○問○愈○有○地○歩○而○章○末○疑○字○巳○從○此○埋○根○矣○○
文○章○又○有○緩○急○相○生○之○妙○葢、未、急、先、、緩○所、以、蓄、其、","月之、巧○然襯法亦非一種○有正、、襯○有反、、襯○有對、、面、、襯○
有旁、、面、襯○有高、、一層襯○有低、、一層襯○有前、、一歩襯○
有後、、一歩襯○大、凡、本、、意、説、不、醒、者○一○用○襯○法○則○豁○
然○矣○此篇開首、從○前○一○路○用○翻○襯○法○極○敗○興○時○說○
極○得○意○事○以○得○意○襯○敗○興○則○從○前○快○活○俱○成○此○日○
涘○眼○而○敗○興○乃○不○堪○言○願比死者○亦、廽、抱、首、、句、作、、
襯、、托○故、分、外、酸、、痛、難、聞、○覺○死○灰○中○頗○有○生○氣○故○如○
何○一○問○愈○有○地○歩○而○章○末○疑○字○巳○從○此○埋○根○矣○○
文○章○又○有○緩○急○相○生○之○妙○葢、未、急、先、、緩○所、以、蓄、其、",待标注,"{""行款"":""半页9行，行37字"",""阅读痕迹"":[""圈点""]}",,
458,458.webp,458.png,三期,三期：圈点,"覺○便○利○直○前○用○曲○斯○直○者○無○嫌○突○盡○曲○直○互○濟○錯○
綜○盡○變○而○又○行○乎○其○所○不○得○不○行○止○乎○其○所○不○得○
不○止○若○無○意○為○文○而○不○能○不○為○文○老泉所謂至文
者○此真足以當之
梁惠王上之三
【凌空飛提實叙】
<焉耳矣三字○倒○從○
不○加○多○内○生○出○輕○
劁○、入○妙○>
梁惠王曰、寡○人○之○於○國○也○盡○心○焉○耳○矣○河内凶○則移
【省法、借、、觀、、生、、势○、】
其民於河東○移、、其粟於河内○河東、凶、亦、、然、○察鄰國之
【甚、、、有、、文、、澜】
政○無如寡人之用心者○鄰○國○之○民○不○加○少○寡○人○之○民○
【意○在○罪○歳○  侚、、中、布、、景○淡、内、、添、、色○孟、子文○每於此擅長○】
<此叚、借○喻○新○頴○>
不○加○多○何○也○孟子對曰○王、好○、戰請、、以、戰、喻塡然鼓之○","覺○便○利○直○前○用○曲○斯○直○者○無○嫌○突○盡○曲○直○互○濟○錯○
綜○盡○變○而○又○行○乎○其○所○不○得○不○行○止○乎○其○所○不○得○
不○止○若○無○意○為○文○而○不○能○不○為○文○老泉所謂至文
者○此真足以當之
梁惠王上之三
【凌空飛提實叙】
<焉耳矣三字○倒○從○
不○加○多○内○生○出○輕○
劁○、入○妙○>
梁惠王曰、寡○人○之○於○國○也○盡○心○焉○耳○矣○河内凶○則移
【省法、借、、觀、、生、、势○、】
其民於河東○移、、其粟於河内○河東、凶、亦、、然、○察鄰國之
【甚、、、有、、文、、澜】
政○無如寡人之用心者○鄰○國○之○民○不○加○少○寡○人○之○民○
【意○在○罪○歳○  侚、、中、布、、景○淡、内、、添、、色○孟、子文○每於此擅長○】
<此叚、借○喻○新○頴○>
不○加○多○何○也○孟子對曰○王、好○、戰請、、以、戰、喻塡然鼓之○",待标注,"{""行款"":""半页8行，行38字"",""阅读痕迹"":[""圈点""]}",,
459,459.webp,459.png,三期,三期：圈点,"鷄○鳴○狗○吠○相○聞○而○達○乎○四○境○而○齊○有○其○民○矣○
地○不○改○辟○矣○民○不○攺○聚○矣○行○仁○政○而○王○莫○之○
能○禦○也○
【今曰之
勢可乘●】
且○王○者○之○不○作○未○有○疏○於○此○
時○者○也○民○之○憔○悴○於○虐○政○未○有○甚○於○此○時○者○
也○飢○者○易○爲○食○渴○者○易○爲○飲○
【今曰之時可用●
○両叚文理一】
【串○而筆意各别○上叚句○句○丢○空○而○去○下叚筆○
筆○斫○地○而○來○極○陰○陽○翕○闢○之○觀○當於數虛字】
【問得之○】
孔○子○曰○德○之○流○行○速○於○置○郵○而○傳○命○
【有時】","鷄○鳴○狗○吠○相○聞○而○達○乎○四○境○而○齊○有○其○民○矣○
地○不○改○辟○矣○民○不○攺○聚○矣○行○仁○政○而○王○莫○之○
能○禦○也○
【今曰之
勢可乘●】
且○王○者○之○不○作○未○有○疏○於○此○
時○者○也○民○之○憔○悴○於○虐○政○未○有○甚○於○此○時○者○
也○飢○者○易○爲○食○渴○者○易○爲○飲○
【今曰之時可用●
○両叚文理一】
【串○而筆意各别○上叚句○句○丢○空○而○去○下叚筆○
筆○斫○地○而○來○極○陰○陽○翕○闢○之○觀○當於數虛字】
【問得之○】
孔○子○曰○德○之○流○行○速○於○置○郵○而○傳○命○
【有時】",待标注,"{""行款"":""半页8行，行34字"",""阅读痕迹"":[""圈点""]}",,
460,460.webp,460.png,三期,三期：圈点,"【下文孟子特
筆重㸃也○】
百年而後崩猶未洽於天下武
王周公繼之然後大行今言王若易然則文
王不足法與
【空中
起波●】
曰文王何可當也
【隨口一
推●下乃】
【細疏●】
由湯至於武丁賢聖之君六七作天下歸
殷久矣久、則、難、變、也、武丁朝諸侯有天下猶
運之掌也紂之去武丁未久也其故家遺俗
流風善政猶有存者又有微子微仲王子比","【下文孟子特
筆重㸃也○】
百年而後崩猶未洽於天下武
王周公繼之然後大行今言王若易然則文
王不足法與
【空中
起波●】
曰文王何可當也
【隨口一
推●下乃】
【細疏●】
由湯至於武丁賢聖之君六七作天下歸
殷久矣久、則、難、變、也、武丁朝諸侯有天下猶
運之掌也紂之去武丁未久也其故家遺俗
流風善政猶有存者又有微子微仲王子比",待标注,"{""行款"":""半页6行，行17字"",""阅读痕迹"":[""圈点""]}",,
461,461.webp,461.png,三期,三期：圈点,"孟子文說卷一
郃陽康濬百川手訂
第二篇上
公孫丑問曰夫子
【是有德人●
丑全不知●】
當路於齊
【是有勢可乘之國●而兼逢今
曰之時●丑全不知●】
管仲晏子之功
【古今事功●
有什伯於管晏者●丑竟不知●】
可復許乎
【不勝鄭重●】
孟子曰子、誠、齊、人、
也、知、管、仲、晏、子、而、巳、矣、
【先攔一筆●以抑
公孫丑浮氣●】
或問","孟子文說卷一
郃陽康濬百川手訂
第二篇上
公孫丑問曰夫子
【是有德人●
丑全不知●】
當路於齊
【是有勢可乘之國●而兼逢今
曰之時●丑全不知●】
管仲晏子之功
【古今事功●
有什伯於管晏者●丑竟不知●】
可復許乎
【不勝鄭重●】
孟子曰子、誠、齊、人、
也、知、管、仲、晏、子、而、巳、矣、
【先攔一筆●以抑
公孫丑浮氣●】
或問",待标注,"{""行款"":""半页15行，行7字"",""阅读痕迹"":[""圈点""]}",,
462,462.webp,462.png,三期,三期：圈点,"千箕子膠鬲皆賢人也相與輔相之故、久、而、
後、失、之、也、
【暗藏不
遇時意●】
尺地莫非其有也一民莫
非其臣也然、而、文、王、猶、方、百、里、起、是、以、難、也、
【暗藏不得勢意●○難字對上易字●○
以上特舉有德而無勢時者作托筆●】
齊○人○有○
言○曰○雖○有○智○慧○不○如○乘○勢○雖○有○鎡○基○不○如○待○時○
【憑空出勢時字●】
今○時○則○易○然○也○
【落醒●○正
應上易字●】
夏○后○殷○
周○之○盛○地○未○有○過○千○里○者○也○而○齊○有○其○地○矣○","千箕子膠鬲皆賢人也相與輔相之故、久、而、
後、失、之、也、
【暗藏不
遇時意●】
尺地莫非其有也一民莫
非其臣也然、而、文、王、猶、方、百、里、起、是、以、難、也、
【暗藏不得勢意●○難字對上易字●○
以上特舉有德而無勢時者作托筆●】
齊○人○有○
言○曰○雖○有○智○慧○不○如○乘○勢○雖○有○鎡○基○不○如○待○時○
【憑空出勢時字●】
今○時○則○易○然○也○
【落醒●○正
應上易字●】
夏○后○殷○
周○之○盛○地○未○有○過○千○里○者○也○而○齊○有○其○地○矣○",待标注,"{""行款"":""半页3行，行36字"",""阅读痕迹"":[""圈点""]}",,
463,463.webp,463.png,三期,三期：圈点,"乎曾西口吾子與子路孰賢曾西蹵然曰吾
先子之所畏也曰然則吾子與管仲孰賢曾
西艴然不悦曰爾何曾比予於管仲管仲得
君如彼其專也行乎國政如彼其久也功烈
如彼其卑也爾何曾比予於是
【引事●】
曰管、仲、曾、
西、之、所、不、爲、也、而、子、爲、我、願、之、乎、
【索性鄙薄
之而不屑●】
【不屑管仲●則晏子不説●○鄙薄管晏●何必定
引聖門事●盖孟子平素是願學孔子人○故處】","乎曾西口吾子與子路孰賢曾西蹵然曰吾
先子之所畏也曰然則吾子與管仲孰賢曾
西艴然不悦曰爾何曾比予於管仲管仲得
君如彼其專也行乎國政如彼其久也功烈
如彼其卑也爾何曾比予於是
【引事●】
曰管、仲、曾、
西、之、所、不、爲、也、而、子、爲、我、願、之、乎、
【索性鄙薄
之而不屑●】
【不屑管仲●則晏子不説●○鄙薄管晏●何必定
引聖門事●盖孟子平素是願學孔子人○故處】",待标注,"{""行款"":""半页8行，行17字"",""阅读痕迹"":[""圈点""]}",,
464,464.webp,464.png,三期,三期：圈点,"【處要占定
自巳身分○】
曰管仲以其君霸晏子以其君顯
管仲晏子猶不足爲與
【霸顕字○卽開口功字○
彼處却不說明○至此】
【始用重筆拈出○逼起下王齊句○正是
霸字顕字王字○凑合一處○彼此闘色】
曰-以-齊-
-王-由-反-手-也-
【跌出王字●是一篇正文●下俱發
揮所以然●○所以然在德在勢
在時○而德不可獨恃○湏是以德而乘
時勢○乃可○㸔他下文布置輕重之妙○】
曰若是
則弟子之惑滋甚且以文王之德
【德字隱隱影在孟子
身邉○文王是暗從管晏撥來○○德字輕○勢字
時字重故德字放在公孫丑口中○勢字時字○】","【處要占定
自巳身分○】
曰管仲以其君霸晏子以其君顯
管仲晏子猶不足爲與
【霸顕字○卽開口功字○
彼處却不說明○至此】
【始用重筆拈出○逼起下王齊句○正是
霸字顕字王字○凑合一處○彼此闘色】
曰-以-齊-
-王-由-反-手-也-
【跌出王字●是一篇正文●下俱發
揮所以然●○所以然在德在勢
在時○而德不可獨恃○湏是以德而乘
時勢○乃可○㸔他下文布置輕重之妙○】
曰若是
則弟子之惑滋甚且以文王之德
【德字隱隱影在孟子
身邉○文王是暗從管晏撥來○○德字輕○勢字
時字重故德字放在公孫丑口中○勢字時字○】",待标注,"{""行款"":""半页15行，行13字"",""阅读痕迹"":[""圈点""]}",,
465,465.webp,465.png,三期,三期：圈点,"者
然庶人之子弟不得輙八按學記家有塾黨有庠術有序
西
河
謂術是州
字之悞
則惟家塾乃民間之小學蓋鄉曰校
左傳子產
不毁鄕校
義取
於夏之教術曰序義取於殷之射黨曰庠義取於周之養而塾
則止是閭巷門側之堂
孔䟽二十五家爲閭同是一巷巷首有
門門邊有塾謂民在家之時朝夕出八
可就教於塾白虎通云里中之老
有道德者爲里右師其次爲左師
義無所取鄕州黨學有賔興
賢能尙功尙齒之事而塾皆無之故特爲小子所從學之地而
內則亦云十年出就外傅學幼儀也
此序所謂
閭巷者
至周官大司樂
掌成均之法而合國之子弟主制謂王太子主子羣后之太子
卿大夫元士之適子國之俊選皆與焉是爲貴者所八之大學
保傳篇註大學在
公宫之東卽此
若民間之大學則應在鄉州黨遂間而孔䟽
謂鄕民近城及在國者皆卽學於國中在公宮左右則亦思鄕","者
然庶人之子弟不得輙八按學記家有塾黨有庠術有序
西
河
謂術是州
字之悞
則惟家塾乃民間之小學蓋鄉曰校
左傳子產
不毁鄕校
義取
於夏之教術曰序義取於殷之射黨曰庠義取於周之養而塾
則止是閭巷門側之堂
孔䟽二十五家爲閭同是一巷巷首有
門門邊有塾謂民在家之時朝夕出八
可就教於塾白虎通云里中之老
有道德者爲里右師其次爲左師
義無所取鄕州黨學有賔興
賢能尙功尙齒之事而塾皆無之故特爲小子所從學之地而
內則亦云十年出就外傅學幼儀也
此序所謂
閭巷者
至周官大司樂
掌成均之法而合國之子弟主制謂王太子主子羣后之太子
卿大夫元士之適子國之俊選皆與焉是爲貴者所八之大學
保傳篇註大學在
公宫之東卽此
若民間之大學則應在鄉州黨遂間而孔䟽
謂鄕民近城及在國者皆卽學於國中在公宮左右則亦思鄕",待标注,"{""行款"":""半页9行，行24字"",""阅读痕迹"":[""圈点""]}",,
466,466.webp,466.png,三期,三期：圈点,"謂○近○似○成○均○則○豈○有○成○均○而○得○云○小學者但虞庠本郊學東膠
乃國學
【成均辟雝東膠太學總
只一地乃國學之異名】
故一養國老一養庶老
【熊氏謂
國老爲】
【卿大夫致仕者庶老謂士皇
氏謂庶老兼庶人在官者】
體别尊甲而毛西河乃謂虞库卽
東膠在西郊之地則天子止有郊學無國學矣鄭○註○下○近○似○二○
字○原○有○分○寸○蓋○因○董○子○春○秋○繁○露○以○成○均○爲○五○帝○之○學○今○虞○庠○
義○本○虞○舜○故○云○近○似○成○均○而○非○眞○謂○周○之○國○學○在○郊○不○在○國○也○
王制命鄕簡不帥教者移之郊文不變移之遂則知國尊於鄕
鄕尊於郊成均之在國中明矣
【此序所謂
國都者】
天子有國學復有鄕
學諸侯有鄕學亦有國學
【王制天子曰辟
雝諸侯曰頖宮】
要皆是大學惟大戴
保傅篇云太子少長則入小學
【註小學在師
氏虎門外】
此○則○周○官○師○氏○居○
虎○門○之○左○
【鄭註路寢門
也畵虎焉】
以○教○國○子○弟○
【鄭註國子公卿大夫元十
之子弟而世子亦與焉】
而○與○保○氏○相○聯○職○者○主○制○所○謂○小○學○在○公○宮○之○左○是○也○
【此序所
謂王宮】","謂○近○似○成○均○則○豈○有○成○均○而○得○云○小學者但虞庠本郊學東膠
乃國學
【成均辟雝東膠太學總
只一地乃國學之異名】
故一養國老一養庶老
【熊氏謂
國老爲】
【卿大夫致仕者庶老謂士皇
氏謂庶老兼庶人在官者】
體别尊甲而毛西河乃謂虞库卽
東膠在西郊之地則天子止有郊學無國學矣鄭○註○下○近○似○二○
字○原○有○分○寸○蓋○因○董○子○春○秋○繁○露○以○成○均○爲○五○帝○之○學○今○虞○庠○
義○本○虞○舜○故○云○近○似○成○均○而○非○眞○謂○周○之○國○學○在○郊○不○在○國○也○
王制命鄕簡不帥教者移之郊文不變移之遂則知國尊於鄕
鄕尊於郊成均之在國中明矣
【此序所謂
國都者】
天子有國學復有鄕
學諸侯有鄕學亦有國學
【王制天子曰辟
雝諸侯曰頖宮】
要皆是大學惟大戴
保傅篇云太子少長則入小學
【註小學在師
氏虎門外】
此○則○周○官○師○氏○居○
虎○門○之○左○
【鄭註路寢門
也畵虎焉】
以○教○國○子○弟○
【鄭註國子公卿大夫元十
之子弟而世子亦與焉】
而○與○保○氏○相○聯○職○者○主○制○所○謂○小○學○在○公○宮○之○左○是○也○
【此序所
謂王宮】",待标注,"{""行款"":""半页26行，行10字"",""阅读痕迹"":[""圈点""]}",,
467,467.webp,467.png,三期,三期：圈点,"用修身則下三條皆身之推此謂斷而復連至如誠意說好惡
則○爲○善○去○惡○便○當○極○盡○其○心○之○用○而○正○修○章○却○又○從○忿○懥○另○起○
忿○懥○則○便○有○忿○懥○之○事○當○身○而○發○視○聽○則○便○有○視○聽○之○理○在○所○
宜○修○而○修○齊○章○却○又○從○親○愛○另○起○親○愛○則○便○當○均○調○恩○誼○整○齊○
其○家○而○齊○治○章○則○又○從○孝○弟○慈○另起○此謂連而復斷蓋縁各條
目中事理多端故須換頭另起此○中○未○竟○之○緒○若○非○逐○層○抽○出○
打○合○通○融○竟○將○好○惡○忿○懥○親○愛○等○項○擘○分○貼○煞○在○身○心○意○上○說○
成○肝○膽○楚○越○不○復○相○通○言○之○豈○復○成○理○耶○故看大學直須看到
無字句處也
大學之道在明明德在親民在止於至善
【程子日親
當作新】
大學者大人之學也明明之也明德者人之所得乎天而虛靈","用修身則下三條皆身之推此謂斷而復連至如誠意說好惡
則○爲○善○去○惡○便○當○極○盡○其○心○之○用○而○正○修○章○却○又○從○忿○懥○另○起○
忿○懥○則○便○有○忿○懥○之○事○當○身○而○發○視○聽○則○便○有○視○聽○之○理○在○所○
宜○修○而○修○齊○章○却○又○從○親○愛○另○起○親○愛○則○便○當○均○調○恩○誼○整○齊○
其○家○而○齊○治○章○則○又○從○孝○弟○慈○另起○此謂連而復斷蓋縁各條
目中事理多端故須換頭另起此○中○未○竟○之○緒○若○非○逐○層○抽○出○
打○合○通○融○竟○將○好○惡○忿○懥○親○愛○等○項○擘○分○貼○煞○在○身○心○意○上○說○
成○肝○膽○楚○越○不○復○相○通○言○之○豈○復○成○理○耶○故看大學直須看到
無字句處也
大學之道在明明德在親民在止於至善
【程子日親
當作新】
大學者大人之學也明明之也明德者人之所得乎天而虛靈",待标注,"{""行款"":""半页7行，行48字"",""阅读痕迹"":[""圈点""]}",,
468,468.webp,468.png,三期,三期：圈点,"學庸說文卷之一
鄞江後學李凱圖凌氏編纂
大學
【大舊音㤗
今讀如字】
按舊音㤗者意蓋以地言不知太學中原並無此書曾子述夫
子之意以垂教亦非爲學宮補缺畧也朱子則以大人之學對
小子之學言或問云方○其○幼○也○不○習○之○於○小○學○則○無○以○收○其○放○
心○養○其○德○性○而○爲○大○學○之○基○本●及○其○長○也○不○進○之○於○大○學○則○無○
以○察○夫○義○理○措○諸○事○業○而○收○小○學○之○成○功○是知大學小學止是
與年俱進工夫故又有苦其年之旣長而不及乎此者欲反從
事於小學則恐其勤苦而難成欲直從事於大學又恐其失序
而無本則○以○敬○之○一○字○涵○養○本○原○以○補○小○學○之○缺○之○說○蓋皆以","學庸說文卷之一
鄞江後學李凱圖凌氏編纂
大學
【大舊音㤗
今讀如字】
按舊音㤗者意蓋以地言不知太學中原並無此書曾子述夫
子之意以垂教亦非爲學宮補缺畧也朱子則以大人之學對
小子之學言或問云方○其○幼○也○不○習○之○於○小○學○則○無○以○收○其○放○
心○養○其○德○性○而○爲○大○學○之○基○本●及○其○長○也○不○進○之○於○大○學○則○無○
以○察○夫○義○理○措○諸○事○業○而○收○小○學○之○成○功○是知大學小學止是
與年俱進工夫故又有苦其年之旣長而不及乎此者欲反從
事於小學則恐其勤苦而難成欲直從事於大學又恐其失序
而無本則○以○敬○之○一○字○涵○養○本○原○以○補○小○學○之○缺○之○說○蓋皆以",待标注,"{""行款"":""半页8行，行24字"",""阅读痕迹"":[""圈点""]}",,
469,469.webp,469.png,三期,三期：圈点,"乃國學
【成均辟雝東膠太學總
只一地乃國學之異名】
故一養國老一養庶老
【熊氏謂
國老爲】
【卿大夫致仕者庶老謂士皇
氏謂庶老兼庶人在官者】
體别尊卑而毛西河乃謂虞库卽
東膠在西郊之地則天子止有郊學無國學矣鄭○註○下○近○似○二○
字○原○有○分○寸○蓋○因○董○子○春○秋○繁○露○以○成○均○爲○五○帝○之○學○今○虞○庠○
義○本○虞○舜○故○云○近○似○成○均○而○非○眞○謂○周○之○國○學○在○郊○不○在○國○也○
王制命鄕簡不帥教者移之郊文不變移之遂則知國尊於鄕
鄕尊於郊成均之在國中明矣
【此序所謂
國都者】
天子有國學復有鄉
學諸侯有鄕學亦有國學
【王制天子曰辟
雝諸侯曰頖宮】
要皆是大學惟大戴
保傅篇云太子少長則入小學
【註小學在師
氏虎門外】
此○則○周○官○師○氏○居○
虎○門○之○左○
【鄭註路寢門
也畵虎焉】
以○教○國○子○弟○
【鄭註國子公卿大夫元士
之子弟而世子亦與焉】
而○與○保○氏○相○聯○職○者○主○制○所○謂○小○學○在○公○宮○之○左○是○也○
【此序所
謂王宮】","乃國學
【成均辟雝東膠太學總
只一地乃國學之異名】
故一養國老一養庶老
【熊氏謂
國老爲】
【卿大夫致仕者庶老謂士皇
氏謂庶老兼庶人在官者】
體别尊卑而毛西河乃謂虞库卽
東膠在西郊之地則天子止有郊學無國學矣鄭○註○下○近○似○二○
字○原○有○分○寸○蓋○因○董○子○春○秋○繁○露○以○成○均○爲○五○帝○之○學○今○虞○庠○
義○本○虞○舜○故○云○近○似○成○均○而○非○眞○謂○周○之○國○學○在○郊○不○在○國○也○
王制命鄕簡不帥教者移之郊文不變移之遂則知國尊於鄕
鄕尊於郊成均之在國中明矣
【此序所謂
國都者】
天子有國學復有鄉
學諸侯有鄕學亦有國學
【王制天子曰辟
雝諸侯曰頖宮】
要皆是大學惟大戴
保傅篇云太子少長則入小學
【註小學在師
氏虎門外】
此○則○周○官○師○氏○居○
虎○門○之○左○
【鄭註路寢門
也畵虎焉】
以○教○國○子○弟○
【鄭註國子公卿大夫元士
之子弟而世子亦與焉】
而○與○保○氏○相○聯○職○者○主○制○所○謂○小○學○在○公○宮○之○左○是○也○
【此序所
謂王宮】",待标注,"{""行款"":""半页25行，行10字"",""阅读痕迹"":[""圈点""]}",,
470,470.webp,470.png,三期,三期：圈点,"【者●】
然庶人之子弟不得輙入●按學記●家有塾黨有庠●術有序●
【西河
謂術是州
字之悞●】
則○惟○家○塾○乃○民○間○之○小○學○●蓋鄉曰校●
【左傳●子產
不毁鄕校●】
義取
於夏之教●術曰序義取於殷之射●黨曰庠●義取於周之養●而○塾○
則○止○是○閭○巷○門○側○之○堂○●
【孔䟽●二十五家爲閭●同是一巷●巷首有
門●門邊有塾●謂民在家之時朝夕出入●
可就教於塾●白虎通云●里中之老●
有道德者爲里右師●其次爲左師●】
義○無○所○取○●鄕州黨學●有○賔○興○
賢○能○尙○功○尙○齒○之○事○●而○塾○皆○無○之○●故○特○爲○小○子○所○從○學○之○地○●而○
內○則○亦○云○●十○年○出○就○外○傅○●學○幼○儀○也○●
【此序所謂
閭巷者●】
至周官大司樂●
掌成均之法●而合國之子弟主制●謂王太子●主子●羣后之太子●
卿大夫元士之適子●國之俊選皆與焉●是○爲○貴○者○所○入○之○大○學○●
【保傳篇註●大學在
公宫之東●卽此●】
若○民○間○之○大○學○●則○應○在○鄉○州○黨○遂○間○●而○孔䟽
謂鄕民近城●及在國者●皆卽學於國中●在公宮左右●則○亦○思○鄕○","【者●】
然庶人之子弟不得輙入●按學記●家有塾黨有庠●術有序●
【西河
謂術是州
字之悞●】
則○惟○家○塾○乃○民○間○之○小○學○●蓋鄉曰校●
【左傳●子產
不毁鄕校●】
義取
於夏之教●術曰序義取於殷之射●黨曰庠●義取於周之養●而○塾○
則○止○是○閭○巷○門○側○之○堂○●
【孔䟽●二十五家爲閭●同是一巷●巷首有
門●門邊有塾●謂民在家之時朝夕出入●
可就教於塾●白虎通云●里中之老●
有道德者爲里右師●其次爲左師●】
義○無○所○取○●鄕州黨學●有○賔○興○
賢○能○尙○功○尙○齒○之○事○●而○塾○皆○無○之○●故○特○爲○小○子○所○從○學○之○地○●而○
內○則○亦○云○●十○年○出○就○外○傅○●學○幼○儀○也○●
【此序所謂
閭巷者●】
至周官大司樂●
掌成均之法●而合國之子弟主制●謂王太子●主子●羣后之太子●
卿大夫元士之適子●國之俊選皆與焉●是○爲○貴○者○所○入○之○大○學○●
【保傳篇註●大學在
公宫之東●卽此●】
若○民○間○之○大○學○●則○應○在○鄉○州○黨○遂○間○●而○孔䟽
謂鄕民近城●及在國者●皆卽學於國中●在公宮左右●則○亦○思○鄕○",待标注,"{""行款"":""半页15行，行26字"",""阅读痕迹"":[""圈点""]}",,
471,471.webp,471.png,三期,三期：圈点,"二鎗對試、真正交鋒、復以二十步内、立木把一
面、髙五尺、濶八寸、上分目喉心腰足五孔、各安
一寸木毬在内、每一人執鎗二十歩外、聼擂皷
擎鎗作勢、飛身向前、戳去孔内圓木、懸於鎗尖
上、如此遍五孔止、
凢較射、官尺八十步為式、把髙六尺、濶二尺、每三
矢、中二矢、為熟、
凢較狼筅、先令自使看其身手步法、次用鎗對較
凢長鎗哄誘不動、又能遮隔不入、為熟●
凢較釵鈀先令自使●看其身手步法●合一復单人
以長鎗短刀對較、能架隔長鎗刀棍、翼狼筅出
入殺人、爲熟●
凢較刀、以能衝入釵鈀狼筅、不及遮隔為熟、刀法
甚多、傳其玅者絶寡、尚俟豪傑續之、
凢較挨牌、每一人執牌靣左、一人執狼筅靣右、俱
牌後遮嚴、分靣立定、鎗等雜藝、俱照鴛鴆陣立
定、前設長鎗一人為敵、俱鑼响坐定、聼吹哱囉
起身、㸃皷兩䖏俱進、檑皷吹天鵞瞉、喇叭呐喊","二鎗對試、真正交鋒、復以二十步内、立木把一
面、髙五尺、濶八寸、上分目喉心腰足五孔、各安
一寸木毬在内、每一人執鎗二十歩外、聼擂皷
擎鎗作勢、飛身向前、戳去孔内圓木、懸於鎗尖
上、如此遍五孔止、
凢較射、官尺八十步為式、把髙六尺、濶二尺、每三
矢、中二矢、為熟、
凢較狼筅、先令自使看其身手步法、次用鎗對較
凢長鎗哄誘不動、又能遮隔不入、為熟●
凢較釵鈀先令自使●看其身手步法●合一復单人
以長鎗短刀對較、能架隔長鎗刀棍、翼狼筅出
入殺人、爲熟●
凢較刀、以能衝入釵鈀狼筅、不及遮隔為熟、刀法
甚多、傳其玅者絶寡、尚俟豪傑續之、
凢較挨牌、每一人執牌靣左、一人執狼筅靣右、俱
牌後遮嚴、分靣立定、鎗等雜藝、俱照鴛鴆陣立
定、前設長鎗一人為敵、俱鑼响坐定、聼吹哱囉
起身、㸃皷兩䖏俱進、檑皷吹天鵞瞉、喇叭呐喊",待标注,"{""行款"":""半页8行，行21字"",""阅读痕迹"":[""圈点""]}",,
472,472.webp,472.png,三期,三期：圈点,"㸔面目光白○形動伶便者是也○奸巧之人○神色
不定○見官府藐然無忌者是也○第一可用、只是
鄊○野○老○實○之人○黑大粗壮○辛苦○手靣皮肉堅實○
有、土作之色○此○為○第○一○然有一等選人者○或取
於豊偉○或專取扵武藝○或專取於力大○或專取
於伶俐○此不可以為凖○何則、豊大而、膽、、不、、充○則
緩、急之際、脂重不能疾趨、反為肉累、此豊偉不
可恃也○藝精而膽不充○則臨事怕死○手足倉卒○
至有倒執矢戈○失其故態○常先衆而走○此藝精
不可恃也○伶俐而膽不充、則未遇之先、愛擇便
宜、宋陣之際、預思自全之路、臨事之際、非惟自
先奔走、又復以利害恐人、使作他軰、為巳避罪
之地、此伶俐不可恃也○力大而膽不充、則臨陣
時足軟眼花、呼之不聞、推之不動、是力大不可
恃也○盖四者、不○可○廢○但不○可○必○耳○諺曰、藝髙人
膽大、是藝髙止可添壮有膽之人○非懦弱膽小
之人○茍熟一、技、而、即、膽、大、也○惟素負有膽氣之
人○使其再加力大○豊偉○伶俐○而復習以武藝○此","㸔面目光白○形動伶便者是也○奸巧之人○神色
不定○見官府藐然無忌者是也○第一可用、只是
鄊○野○老○實○之人○黑大粗壮○辛苦○手靣皮肉堅實○
有、土作之色○此○為○第○一○然有一等選人者○或取
於豊偉○或專取扵武藝○或專取於力大○或專取
於伶俐○此不可以為凖○何則、豊大而、膽、、不、、充○則
緩、急之際、脂重不能疾趨、反為肉累、此豊偉不
可恃也○藝精而膽不充○則臨事怕死○手足倉卒○
至有倒執矢戈○失其故態○常先衆而走○此藝精
不可恃也○伶俐而膽不充、則未遇之先、愛擇便
宜、宋陣之際、預思自全之路、臨事之際、非惟自
先奔走、又復以利害恐人、使作他軰、為巳避罪
之地、此伶俐不可恃也○力大而膽不充、則臨陣
時足軟眼花、呼之不聞、推之不動、是力大不可
恃也○盖四者、不○可○廢○但不○可○必○耳○諺曰、藝髙人
膽大、是藝髙止可添壮有膽之人○非懦弱膽小
之人○茍熟一、技、而、即、膽、大、也○惟素負有膽氣之
人○使其再加力大○豊偉○伶俐○而復習以武藝○此",待标注,"{""行款"":""半页18行，行22字"",""阅读痕迹"":[""圈点""]}",,
473,473.webp,473.png,三期,三期：圈点,"守揚練兵輯要
方城郭光復纂
将習技藝說朔方蒋前烈閱
夫主將者○萬○人○之○敵○也○一技一藝○似不必習○雖然、主
將固以司旗皷○調度為職○然身不當前○則賊壘之
勢不可得○衆人之氣不肯堅○前行之士得以欺哄
避難○而逆誑莫可辯○斯賞罰不能明○不可行也○始
欲當前○則身無精藝○自○巳○膽○先○不○充○謂習藝爲不
屑可乎○及其平日敎閱○若不通曉○必湏憑左右敎○師○","守揚練兵輯要
方城郭光復纂
将習技藝說朔方蒋前烈閱
夫主將者○萬○人○之○敵○也○一技一藝○似不必習○雖然、主
將固以司旗皷○調度為職○然身不當前○則賊壘之
勢不可得○衆人之氣不肯堅○前行之士得以欺哄
避難○而逆誑莫可辯○斯賞罰不能明○不可行也○始
欲當前○則身無精藝○自○巳○膽○先○不○充○謂習藝爲不
屑可乎○及其平日敎閱○若不通曉○必湏憑左右敎○師○",待标注,"{""行款"":""半页6行，行29字"",""阅读痕迹"":[""圈点""]}",,
474,474.webp,474.png,三期,三期：圈点,"凢傳示號令、廵視旗止、傅各領兵官、領兵官傅與
哨長、哨長傳隊長、隊長傳甲長、甲長傳各兵、若
有得令不傳傅、到不遵者、常操遅悞、打四十棍、
臨敵軍法施行、
凢掌號笛、即是吹鎻呐、是要聚官、哨、隊長、来分付
軍中事務、
凢正行之間、放銃一個、亦就是要更變號令、即立
定㸔聼、有何旗竪、有何號令、再行、
凢歇䖏吹喇叭一盪、火兵即做飯、衆人收拾、第二
盪、各兵吃飯、第三盪、各兵出赴信地、劄營候主
將到、發放施行、
凢喇叭吹天鵞聲、是要各兵呐喊、
凢喇叭吹擺隊伍、是要各兵即於行、次、每哨一聚、
各留空地擺定、
凢喇叭吹单擺開、是要各隊即便挨隊甲、踈踈擺
開、每一小隊、相平離一丈五尺、
凢旗㸃過、只吹喇叭一長聲、是要各兵轉身、照旗
所向轉過、","凢傳示號令、廵視旗止、傅各領兵官、領兵官傅與
哨長、哨長傳隊長、隊長傳甲長、甲長傳各兵、若
有得令不傳傅、到不遵者、常操遅悞、打四十棍、
臨敵軍法施行、
凢掌號笛、即是吹鎻呐、是要聚官、哨、隊長、来分付
軍中事務、
凢正行之間、放銃一個、亦就是要更變號令、即立
定㸔聼、有何旗竪、有何號令、再行、
凢歇䖏吹喇叭一盪、火兵即做飯、衆人收拾、第二
盪、各兵吃飯、第三盪、各兵出赴信地、劄營候主
將到、發放施行、
凢喇叭吹天鵞聲、是要各兵呐喊、
凢喇叭吹擺隊伍、是要各兵即於行、次、每哨一聚、
各留空地擺定、
凢喇叭吹单擺開、是要各隊即便挨隊甲、踈踈擺
開、每一小隊、相平離一丈五尺、
凢旗㸃過、只吹喇叭一長聲、是要各兵轉身、照旗
所向轉過、",待标注,"{""行款"":""半页13行，行22字"",""阅读痕迹"":[""圈点""]}",,
475,475.webp,475.png,三期,三期：圈点,"凢打銅鑼、是要各兵坐地休息、
凢吹哱囉、是要各兵起身、執器械站立、
凢㸃歩皷、是要各兵照先橱起的旗次、發兵行營、
每㸃皷一聲、走十歩、
凢擂皷是要各兵趨跑、向前對敵交鋒、
凢下營定、擂皷立中軍旗、是放火兵出營樵汲、掌
號是收囬、
凢各舉動、與交鋒、但聞鳴金一聲、即便立止、又鳴
一聲、是要各兵退還、連鳴二聲、是要各兵又於
脚下、便再轉身向前立定、
凢打金邉、是發人探賊、
凢摔鉸响、是要各妝隊即將原单擺開的兵、照舊
收成○各哨、再收成○每一營一䖏、
凢鳥銃遇賊不許早放、不許一遍盡放、每至賊近、
銃装不及、徃徃悞了衆人性命、今後遇賊至一
百歩之内、聼吹竹筒响、在兵前擺開、每一哨前●
擺一隊、聼本管放銃一個、纔許放鉉、毎吹喇叭
一聲、放一遍、擺陣照操法、若喇叭連吹不止、各","凢打銅鑼、是要各兵坐地休息、
凢吹哱囉、是要各兵起身、執器械站立、
凢㸃歩皷、是要各兵照先橱起的旗次、發兵行營、
每㸃皷一聲、走十歩、
凢擂皷是要各兵趨跑、向前對敵交鋒、
凢下營定、擂皷立中軍旗、是放火兵出營樵汲、掌
號是收囬、
凢各舉動、與交鋒、但聞鳴金一聲、即便立止、又鳴
一聲、是要各兵退還、連鳴二聲、是要各兵又於
脚下、便再轉身向前立定、
凢打金邉、是發人探賊、
凢摔鉸响、是要各妝隊即將原单擺開的兵、照舊
收成○各哨、再收成○每一營一䖏、
凢鳥銃遇賊不許早放、不許一遍盡放、每至賊近、
銃装不及、徃徃悞了衆人性命、今後遇賊至一
百歩之内、聼吹竹筒响、在兵前擺開、每一哨前●
擺一隊、聼本管放銃一個、纔許放鉉、毎吹喇叭
一聲、放一遍、擺陣照操法、若喇叭連吹不止、各",待标注,"{""行款"":""半页7行，行22字"",""阅读痕迹"":[""圈点""]}",,
476,476.webp,476.png,三期,三期：圈点,"圍聚盡殺羣公子二十六年春晉士蒼爲大司空夏士薦
城絳以深其宮●
晉獻公殺羣公子有驪姬之禍唐太宗殺太子齊
王有武氏之禍
秋●虢人侵晉冬虢人又侵晉●
夏●同盟于幽●陳、鄭、服、也、●
秋●公子友如陳●葬原仲非禮也●原仲季友之舊也●
晉侯將伐虢●士爲曰不可虢公驕若驟得勝於我必棄其
民●無衆而後伐之欲禦我●誰與●夫禮樂慈愛戰所畜也●夫
民●讓事樂和愛親哀喪●而後可用也號弗畜也亟戰將饑
王使召伯廖賜齊侯命●且諸伐衞●以其立子頽也●二十八","圍聚盡殺羣公子二十六年春晉士蒼爲大司空夏士薦
城絳以深其宮●
晉獻公殺羣公子有驪姬之禍唐太宗殺太子齊
王有武氏之禍
秋●虢人侵晉冬虢人又侵晉●
夏●同盟于幽●陳、鄭、服、也、●
秋●公子友如陳●葬原仲非禮也●原仲季友之舊也●
晉侯將伐虢●士爲曰不可虢公驕若驟得勝於我必棄其
民●無衆而後伐之欲禦我●誰與●夫禮樂慈愛戰所畜也●夫
民●讓事樂和愛親哀喪●而後可用也號弗畜也亟戰將饑
王使召伯廖賜齊侯命●且諸伐衞●以其立子頽也●二十八",待标注,"{""行款"":""半页8行，行23字"",""阅读痕迹"":[""圈点""]}",,
477,477.webp,477.png,三期,三期：圈点,"也○●先君共知之矣故臨武事將發大命而蕩王心焉●若師
徒無虧●王薨於行●國之福也●主遂行●卒於樠木之下●令尹
團祁●莫敖屈重●除道梁溠●營軍臨隨隨人懼●行成莫敖以
王命入盟隨侯●且請爲會於漢汭而還濟漢而後發喪●
冬●伐衞●納惠公也●六年春●王人救衞夏●衞侯入、放公子黔
牟于周●放甯跪于秦●殺左公子洩●右公子職●乃卽位、君●子●
以、二、公、子、之、立、黔、牟、爲、不、度、矣、●
【二公子尙爲不度
王人不待言矣】
夫能固
位者必度于
【一不于
作共】
本末而後立衷焉●不知其本不謀知
本之不枝弗强詩云、本枝百世、
冬齊人來歸衞賓●文姜請之也、
楚文王伐申●過鄧鄧祁侯曰、吾甥也●止而享之騅甥●聃甥","也○●先君共知之矣故臨武事將發大命而蕩王心焉●若師
徒無虧●王薨於行●國之福也●主遂行●卒於樠木之下●令尹
團祁●莫敖屈重●除道梁溠●營軍臨隨隨人懼●行成莫敖以
王命入盟隨侯●且請爲會於漢汭而還濟漢而後發喪●
冬●伐衞●納惠公也●六年春●王人救衞夏●衞侯入、放公子黔
牟于周●放甯跪于秦●殺左公子洩●右公子職●乃卽位、君●子●
以、二、公、子、之、立、黔、牟、爲、不、度、矣、●
【二公子尙爲不度
王人不待言矣】
夫能固
位者必度于
【一不于
作共】
本末而後立衷焉●不知其本不謀知
本之不枝弗强詩云、本枝百世、
冬齊人來歸衞賓●文姜請之也、
楚文王伐申●過鄧鄧祁侯曰、吾甥也●止而享之騅甥●聃甥",待标注,"{""行款"":""半页8行，行26字"",""阅读痕迹"":[""圈点""]}",,
478,478.webp,478.png,三期,三期：圈点,"僖之元年齊桓公遷邢干夷儀、二年封衞于楚丘、邢、遷、如、
所、衞、國、㤀、亾、
衞○文○公○大○布○之○衣○●大○帛之冠務材●訓農通●商惠工敬敎勸
學授方任能元年革車三十乘季○年○乃○三○百○乘○
奇峭左氏變調
左傳評卷第二","僖之元年齊桓公遷邢干夷儀、二年封衞于楚丘、邢、遷、如、
所、衞、國、㤀、亾、
衞○文○公○大○布○之○衣○●大○帛之冠務材●訓農通●商惠工敬敎勸
學授方任能元年革車三十乘季○年○乃○三○百○乘○
奇峭左氏變調
左傳評卷第二",待标注,"{""行款"":""半页3行，行33字"",""阅读痕迹"":[""圈点""]}",,
479,479.webp,479.png,三期,三期：圈点,"未爲中國患也楚之患及於蔡鄭則小國不能自
存而天下賴伯功矣
初晉穆侯之夫人姜氏以條之役生大子●命之曰仇●其弟
以千畞之戰生●命之曰成師●師服曰異哉君之名子也、夫
名以制義義以出禮禮以體政、政以正民、是以政成而民
聽易則生亂嘉耦曰妃怨耦曰仇、古之命也●今君名大子
曰仇弟曰成師●始、兆、亂、矣●、兄、其、替、乎、惠、之、二、十、四、年、音、始、
亂●、故、封、桓、叔、于、曲、沃、靖、侯、之、孫、欒、賓、傅、之●、師服曰●吾聞國
家之立也、本大而末小、
【社林木作大
木而末小】
是以能固故天子建
國諸侯立家●卿置側室大人有貳宗士有隸子弟庶人工
商各有分親皆有等衰是以民服事其上、而下無覬覦今","未爲中國患也楚之患及於蔡鄭則小國不能自
存而天下賴伯功矣
初晉穆侯之夫人姜氏以條之役生大子●命之曰仇●其弟
以千畞之戰生●命之曰成師●師服曰異哉君之名子也、夫
名以制義義以出禮禮以體政、政以正民、是以政成而民
聽易則生亂嘉耦曰妃怨耦曰仇、古之命也●今君名大子
曰仇弟曰成師●始、兆、亂、矣●、兄、其、替、乎、惠、之、二、十、四、年、音、始、
亂●、故、封、桓、叔、于、曲、沃、靖、侯、之、孫、欒、賓、傅、之●、師服曰●吾聞國
家之立也、本大而末小、
【社林木作大
木而末小】
是以能固故天子建
國諸侯立家●卿置側室大人有貳宗士有隸子弟庶人工
商各有分親皆有等衰是以民服事其上、而下無覬覦今",待标注,"{""行款"":""半页9行，行24字"",""阅读痕迹"":[""圈点""]}",,
480,480.webp,480.png,三期,三期：圈点,"公孫無知●有寵於僖公衣服禮秩如適襄公絀之●二人因
之以作亂連稱有從妹在公宮●無寵使○間○公○●曰㨗吾以女
爲夫人、冬十二月●齊侯游于姑棼●遂田于貝丘●見大豕從
者曰●公子彭生也●公怒曰彭生敢見●射之●家人立而啼公
懼隊于車傷足喪屨反●誅屨於徒人費弗得鞭之見血●走○
出○遇○賊○于○門●○刦而束之費曰●我奚御哉袒而示之背信之●
費請先入●伏○公○而○出○鬬○死于門中右之紛如死于階下遂
入●殺孟陽于牀白●非君也木類息公之足子戶下●遂弑之、
而立無知●初○襄○公立●無○常○鮑○叔○  曰●○君○使○民○慢●○亂○將○作○矣●○
奉○公子小白出奔莒○亂○作●○管○夷○吾●○召○忽○奉○公○子○糾○來○奔●○初●
公孫無知虐子雍廩九年春雍廩殺無知公及齊大夫盟","公孫無知●有寵於僖公衣服禮秩如適襄公絀之●二人因
之以作亂連稱有從妹在公宮●無寵使○間○公○●曰㨗吾以女
爲夫人、冬十二月●齊侯游于姑棼●遂田于貝丘●見大豕從
者曰●公子彭生也●公怒曰彭生敢見●射之●家人立而啼公
懼隊于車傷足喪屨反●誅屨於徒人費弗得鞭之見血●走○
出○遇○賊○于○門●○刦而束之費曰●我奚御哉袒而示之背信之●
費請先入●伏○公○而○出○鬬○死于門中右之紛如死于階下遂
入●殺孟陽于牀白●非君也木類息公之足子戶下●遂弑之、
而立無知●初○襄○公立●無○常○鮑○叔○  曰●○君○使○民○慢●○亂○將○作○矣●○
奉○公子小白出奔莒○亂○作●○管○夷○吾●○召○忽○奉○公○子○糾○來○奔●○初●
公孫無知虐子雍廩九年春雍廩殺無知公及齊大夫盟",待标注,"{""行款"":""半页11行，行26字"",""阅读痕迹"":[""圈点""]}",,
481,481.webp,481.png,三期,三期：圈点,"皇夏
嘉玉惟芳○嘉幣惟量○成、形、依、禮、○禀、色、隨、方、○神、班、其、次○
歲、禮、惟、常、○威儀抑抑○率由舊章○
皇夏
惟令之月○惟嘉之辰○司壇、宿、設、○掌、史、誠、陳、○敢、用、明、禮、○
言、功、上、神○鉤○陳○旦○闢○閶○闔○朝○分○旒○垂○為○冕○樂○奏○山○雲○
將、迴、霆、策○蹔、轉、天、文○五運周環○四時代序○鱗、次、玉、帛、○
循、迴、樽、爼、○神、其、降、之、○介、福、斯、許、○
靑帝雲門舞
甲在日○鳥中星○禮、東、后、○奠、蒼、靈、○樹○春○旗○命、靑、史○候、鴈、
還、○東、風、起、○歌、木、德○舞、震、宮、○泗、濱、石、○龍、門、桐、○孟、之、月、○陽","皇夏
嘉玉惟芳○嘉幣惟量○成、形、依、禮、○禀、色、隨、方、○神、班、其、次○
歲、禮、惟、常、○威儀抑抑○率由舊章○
皇夏
惟令之月○惟嘉之辰○司壇、宿、設、○掌、史、誠、陳、○敢、用、明、禮、○
言、功、上、神○鉤○陳○旦○闢○閶○闔○朝○分○旒○垂○為○冕○樂○奏○山○雲○
將、迴、霆、策○蹔、轉、天、文○五運周環○四時代序○鱗、次、玉、帛、○
循、迴、樽、爼、○神、其、降、之、○介、福、斯、許、○
靑帝雲門舞
甲在日○鳥中星○禮、東、后、○奠、蒼、靈、○樹○春○旗○命、靑、史○候、鴈、
還、○東、風、起、○歌、木、德○舞、震、宮、○泗、濱、石、○龍、門、桐、○孟、之、月、○陽",待标注,"{""行款"":""半页7行，行36字"",""阅读痕迹"":[""圈点""]}",,
482,482.webp,482.png,三期,三期：圈点,"庾開府詩集序
庾信、字子山、南陽新野人、幼而俊邁聰敏絶倫、博覽
羣書、尤善春秋左氏傳、父肩吾、爲梁太子中庶子堂
管記、東海徐摛爲左衛、率摛子陵及信、並爲鈔撰學
士、父子出入禁闥、恩禮莫與比隆、旣文並綺豔、故世
號徐庾體、爲一時所重、累遷通直散騎常侍、聘干東
魏、文章辭令、稱於鄴下、梁元帝承制、除御史中丞、及
卽位、轉右衛將軍、聘于西魏、屬大軍南討、遂留長安、
江陵平、累遷儀同三司、陳氏與周通好、流寓之士、各
許還舊里、武帝憯信才不遣、尋徴爲司宗中大夫、明
帝武帝並雅好文學、信特蒙恩禮、羣公碑誌、多相托","庾開府詩集序
庾信、字子山、南陽新野人、幼而俊邁聰敏絶倫、博覽
羣書、尤善春秋左氏傳、父肩吾、爲梁太子中庶子堂
管記、東海徐摛爲左衛、率摛子陵及信、並爲鈔撰學
士、父子出入禁闥、恩禮莫與比隆、旣文並綺豔、故世
號徐庾體、爲一時所重、累遷通直散騎常侍、聘干東
魏、文章辭令、稱於鄴下、梁元帝承制、除御史中丞、及
卽位、轉右衛將軍、聘于西魏、屬大軍南討、遂留長安、
江陵平、累遷儀同三司、陳氏與周通好、流寓之士、各
許還舊里、武帝憯信才不遣、尋徴爲司宗中大夫、明
帝武帝並雅好文學、信特蒙恩禮、羣公碑誌、多相托",待标注,"{""行款"":""半页10行，行23字"",""阅读痕迹"":[""圈点""]}",,
483,483.webp,483.png,三期,三期：圈点,"庾開府詩集卷二
庾信子山
詩
奉和永豐殿下言志
【十首】
立德齊今古○咨仁一毀譽無○機○抱○甕○汲○有○道○帶○經○鋤○
處、下、唯、名、惠○能、賢、本、姓、蘧、○未論驚寵辱○安知繫
【慘舒○】
王子從邊服○臨邛憯第如星○橋○擁○冠○蓋○錦○水照○簪○裾○
論文報潘岳○詠史答應璩○帳幕參三顧○風流盛
【七輿】
茫茫實宇宙○與善定馮虚○大夫傷魯道○君子念殷墟○
程卿旣開國○安平遂徙居○詎能從小隱○終能遊
【太初○】
直城風日美○平陵雲霧除○來往金張舘○絃歌許史閭○","庾開府詩集卷二
庾信子山
詩
奉和永豐殿下言志
【十首】
立德齊今古○咨仁一毀譽無○機○抱○甕○汲○有○道○帶○經○鋤○
處、下、唯、名、惠○能、賢、本、姓、蘧、○未論驚寵辱○安知繫
【慘舒○】
王子從邊服○臨邛憯第如星○橋○擁○冠○蓋○錦○水照○簪○裾○
論文報潘岳○詠史答應璩○帳幕參三顧○風流盛
【七輿】
茫茫實宇宙○與善定馮虚○大夫傷魯道○君子念殷墟○
程卿旣開國○安平遂徙居○詎能從小隱○終能遊
【太初○】
直城風日美○平陵雲霧除○來往金張舘○絃歌許史閭○",待标注,"{""行款"":""半页7行，行30字"",""阅读痕迹"":[""圈点""]}",,
484,484.webp,484.png,三期,三期：圈点,"庾開府詩集卷一
庾信子山
周祀圓丘歌
昭夏
重陽禋祀大報天○景午封壇肅且圜○孤○竹○之○管○雲○和○
弦○神○光○來○下○風○肅○然○王○城○七○里○通○天○臺○紫○微○斜○照○影○
徘○徊○連○珠○合○璧○重○光○來○天○策○蹔○轉○鉤○陳○開○
皇夏
旌迴外壝○蹕靜郊門○千乗按轡○萬騎雲屯○藉茅無咎○
掃地惟尊○揖讓展禮○衡璜節步○星漢就列○風雲相顧○
取灋於天○降其永祚○","庾開府詩集卷一
庾信子山
周祀圓丘歌
昭夏
重陽禋祀大報天○景午封壇肅且圜○孤○竹○之○管○雲○和○
弦○神○光○來○下○風○肅○然○王○城○七○里○通○天○臺○紫○微○斜○照○影○
徘○徊○連○珠○合○璧○重○光○來○天○策○蹔○轉○鉤○陳○開○
皇夏
旌迴外壝○蹕靜郊門○千乗按轡○萬騎雲屯○藉茅無咎○
掃地惟尊○揖讓展禮○衡璜節步○星漢就列○風雲相顧○
取灋於天○降其永祚○",待标注,"{""行款"":""半页5行，行25字"",""阅读痕迹"":[""圈点""]}",,
485,485.webp,485.png,三期,三期：圈点,"皇夏
玉、帛、禮、畢、○人、神、事、分、○嚴承乃睠○瞻○仰○迴○雲○輦路千門○
王成九軌○式道移候○司方迴指○得一惟清○於萬斯寜○
受兹景命○于天告成○
周祀方澤歌
昭夏
報功陰澤○展禮玄郊○平琮鎭端○方、鼎、升、庖、○調、歌、絲、竹、○
縮、酒、江、茅、○聲、舒、鐘、鼓、○器、質、陶、匏、○列、耀、秀、華、○凝、芳、都、荔、○
川澤茂祉○丘陵容衛○雲、飾、山、罍、○蘭、浮、汎、齊、○日至之禮○
歆兹大祭○
昭夏","皇夏
玉、帛、禮、畢、○人、神、事、分、○嚴承乃睠○瞻○仰○迴○雲○輦路千門○
王成九軌○式道移候○司方迴指○得一惟清○於萬斯寜○
受兹景命○于天告成○
周祀方澤歌
昭夏
報功陰澤○展禮玄郊○平琮鎭端○方、鼎、升、庖、○調、歌、絲、竹、○
縮、酒、江、茅、○聲、舒、鐘、鼓、○器、質、陶、匏、○列、耀、秀、華、○凝、芳、都、荔、○
川澤茂祉○丘陵容衛○雲、飾、山、罍、○蘭、浮、汎、齊、○日至之禮○
歆兹大祭○
昭夏",待标注,"{""行款"":""半页5行，行33字"",""阅读痕迹"":[""圈点""]}",,
486,486.webp,486.png,三期,三期：圈点,"之谷晉將遁矣雍子發命於軍曰歸老㓜反孤疾二
人役歸一人簡兵蒐乗秣馬蓐食師陳焚次明日將
戰行歸者而逸楚囚楚師宵潰晉降彭城而歸諸宋
以魚石歸楚失東夷子辛死之則、雍、子、之、爲、也、子反
與子靈争夏姬而雍害其事子靈奔晉晉、人、與、之、邢、
以、爲、謀、主、扞禦北狄通呉於晉教呉叛楚教之乗車
射御驅侵使其子狐庸爲呉行人焉呉於是伐巢取
駕克棘入州來楚罷於奔命至今爲患則、子、靈、之、爲、
也、若敖之亂伯賁之子賁皇奔晉晉、人、與、之、苗、以、爲、
謀、主、鄢陵之役楚晨壓晉軍而-陳-晉-將-遁-矣-苗賁皇","之谷晉將遁矣雍子發命於軍曰歸老㓜反孤疾二
人役歸一人簡兵蒐乗秣馬蓐食師陳焚次明日將
戰行歸者而逸楚囚楚師宵潰晉降彭城而歸諸宋
以魚石歸楚失東夷子辛死之則、雍、子、之、爲、也、子反
與子靈争夏姬而雍害其事子靈奔晉晉、人、與、之、邢、
以、爲、謀、主、扞禦北狄通呉於晉教呉叛楚教之乗車
射御驅侵使其子狐庸爲呉行人焉呉於是伐巢取
駕克棘入州來楚罷於奔命至今爲患則、子、靈、之、爲、
也、若敖之亂伯賁之子賁皇奔晉晉、人、與、之、苗、以、爲、
謀、主、鄢陵之役楚晨壓晉軍而-陳-晉-將-遁-矣-苗賁皇",待标注,"{""行款"":""半页10行，行28字"",""阅读痕迹"":[""圈点""]}",,
487,487.webp,487.png,三期,三期：圈点,"兒數曹中者鳴竽調瑟鄭儛趙謳古者瓦棺容尸木
柩堲周其後桐棺不衣釆槨不斵今富者繡嗇題凑
中者梓棺梗槨古者明器有形無實示民不用也後
則有謚醯之藏桐馬偶人其物不備今厚資多藏用
如生人古者不封不樹反虞祭於寢無廟堂之位其
後則封之庻人之墳半仞其髙可隱今富者積王成
山列樹成林臺榭連閣集觀增樓古者隣有䘮春不
相杵巷不歌謡孔子食於有䘮者之側未嘗飽也今
俗因人之䘮以求酒肉、幸、與、小、坐、而、責、辦、歌、舞、俳、優、
連、笑、伎、戚、古者嫁娶之服朱之以記虞夏之後表布","兒數曹中者鳴竽調瑟鄭儛趙謳古者瓦棺容尸木
柩堲周其後桐棺不衣釆槨不斵今富者繡嗇題凑
中者梓棺梗槨古者明器有形無實示民不用也後
則有謚醯之藏桐馬偶人其物不備今厚資多藏用
如生人古者不封不樹反虞祭於寢無廟堂之位其
後則封之庻人之墳半仞其髙可隱今富者積王成
山列樹成林臺榭連閣集觀增樓古者隣有䘮春不
相杵巷不歌謡孔子食於有䘮者之側未嘗飽也今
俗因人之䘮以求酒肉、幸、與、小、坐、而、責、辦、歌、舞、俳、優、
連、笑、伎、戚、古者嫁娶之服朱之以記虞夏之後表布",待标注,"{""行款"":""半页10行，行20字"",""阅读痕迹"":[""圈点""]}",,
488,488.webp,488.png,三期,三期：圈点,"無、䇿、御、者、有、䇿、而、勿、用、今廢其紀綱而不能張壊其
禮義而不能防䧟民於罔從而獵之以刑是、猶、開、其、
闌、牢、發、以、毒、矢、也、曾子曰上失其道民散乆巳如得
其情則哀矜而勿喜夫傷民之不治而伐巳之能得
姦、猶、弋、者、覩、鳥、獸、挂、罻、羅、而、喜、也、管子曰倉廪實而
知禮節百姓足而知榮辱方今之務在罷鹽鐡退權
利分土地趣本業養桑麻盡地力則民白富民無饑
寒之憂則教可成也語曰旣富矣又何加焉曰教之
夫如是則民徙義而從善入孝而出悌何暴慢之有
大夫曰縣官鑄農器使民務本不營於末則無饑寒","無、䇿、御、者、有、䇿、而、勿、用、今廢其紀綱而不能張壊其
禮義而不能防䧟民於罔從而獵之以刑是、猶、開、其、
闌、牢、發、以、毒、矢、也、曾子曰上失其道民散乆巳如得
其情則哀矜而勿喜夫傷民之不治而伐巳之能得
姦、猶、弋、者、覩、鳥、獸、挂、罻、羅、而、喜、也、管子曰倉廪實而
知禮節百姓足而知榮辱方今之務在罷鹽鐡退權
利分土地趣本業養桑麻盡地力則民白富民無饑
寒之憂則教可成也語曰旣富矣又何加焉曰教之
夫如是則民徙義而從善入孝而出悌何暴慢之有
大夫曰縣官鑄農器使民務本不營於末則無饑寒",待标注,"{""行款"":""半页10行，行20字"",""阅读痕迹"":[""圈点""]}",,
489,489.webp,489.png,三期,三期：圈点,"經所以筆吾心之理也○是故說天莫辯乎易○由吾心即太
極也○說事莫辯乎書○由吾心政之府也○說志莫辯乎詩○由
吾心綂性情也○說理莫辯乎春秋○由吾心分善惡也○說體
莫辯乎禮○由吾心有天叙也○導民莫過乎樂○由吾心備太
和也○人無二心○六經無二理○因心有是理○故經有是言○心
譬則形○而經譬則影也○無是形○則無是影○無是心○則無是
經○其道-不-亦-較-然矣乎○然而聖人一心皆理也○衆人理雖
本具○而欲則害之○盖有不得全其正者○故聖人復因其","經所以筆吾心之理也○是故說天莫辯乎易○由吾心即太
極也○說事莫辯乎書○由吾心政之府也○說志莫辯乎詩○由
吾心綂性情也○說理莫辯乎春秋○由吾心分善惡也○說體
莫辯乎禮○由吾心有天叙也○導民莫過乎樂○由吾心備太
和也○人無二心○六經無二理○因心有是理○故經有是言○心
譬則形○而經譬則影也○無是形○則無是影○無是心○則無是
經○其道-不-亦-較-然矣乎○然而聖人一心皆理也○衆人理雖
本具○而欲則害之○盖有不得全其正者○故聖人復因其",待标注,"{""行款"":""半页8行，行27字"",""阅读痕迹"":[""圈点""]}",,
490,490.webp,490.png,三期,三期：圈点,"六經論
王禕
曲盡六經與㫖而且節奏相生血脉貰通無窮餘
思溢于乎淡之中其犬羡玄酒之味乎
六經聖○人○之○用○也○聖人之爲道不使有諸巳而巳也○固○將○
推○而○見○諸○用○以○輔○相○乎○天○地○之○冝○裁○成○乎○民○物○之○性○而○彌○
綸○維○持○乎○世○故○所○謂○爲○天○地○立○極○爲○生○民○立○命○爲○萬○世○開○
【此下一叚說用經明白通暢】
太○平○者也○是故易者、聖人原隂陽之動靜○推造化之變通○
以爲卜筮之具○其用在乎使人趨吉而避凶○書者、聖人亨","六經論
王禕
曲盡六經與㫖而且節奏相生血脉貰通無窮餘
思溢于乎淡之中其犬羡玄酒之味乎
六經聖○人○之○用○也○聖人之爲道不使有諸巳而巳也○固○將○
推○而○見○諸○用○以○輔○相○乎○天○地○之○冝○裁○成○乎○民○物○之○性○而○彌○
綸○維○持○乎○世○故○所○謂○爲○天○地○立○極○爲○生○民○立○命○爲○萬○世○開○
【此下一叚說用經明白通暢】
太○平○者也○是故易者、聖人原隂陽之動靜○推造化之變通○
以爲卜筮之具○其用在乎使人趨吉而避凶○書者、聖人亨",待标注,"{""行款"":""半页4行，行44字"",""阅读痕迹"":[""圈点""]}",,
491,491.webp,491.png,三期,三期：圈点,"罪●可●也●如伊●霍者廢○昏立○明可也顧員上不能○爲湯○武○下
不○能○爲伊○霍○則以○呉之○師破○楚○入郢○而鞭○其○墓以○發○至憤○","罪●可●也●如伊●霍者廢○昏立○明可也顧員上不能○爲湯○武○下
不○能○爲伊○霍○則以○呉之○師破○楚○入郢○而鞭○其○墓以○發○至憤○",待标注,"{""行款"":""半页2行，行36字"",""阅读痕迹"":[""圈点""]}",,
492,492.webp,492.png,三期,三期：圈点,"其○志○亦○可○悲○矣○爲○轍○者○但○知○夫○平○王○前○日○爲○員○之○君○而○不○
知○今○曰○爲○員○之○仇○豈○惟○不○知○父○子○之○親○亦○不○知○君○臣○之○義○
矣○夫君者○天下之義主也○君而至于使人仇之○則孟子之
所謂獨夫耳○禮曰父○母○之○仇○弗○共○戴○天○然○則○員○之○所○鞭○者
非○平○王○乃○獨○夫○也○而○謂○逆○天○傷○義○是○無○父○之○人○也○昔王裒
以父死非命終身未嘗西向而坐示不臣于晋朱子取而
載諸○小學之○書以○實父○子○之○倫○則○員○固○朱○子○所○不○棄○者○然
予○獨○悲○夫員○之○劇尤○有○可憾○者焉○昔張良以五世相●諱●憤●","其○志○亦○可○悲○矣○爲○轍○者○但○知○夫○平○王○前○日○爲○員○之○君○而○不○
知○今○曰○爲○員○之○仇○豈○惟○不○知○父○子○之○親○亦○不○知○君○臣○之○義○
矣○夫君者○天下之義主也○君而至于使人仇之○則孟子之
所謂獨夫耳○禮曰父○母○之○仇○弗○共○戴○天○然○則○員○之○所○鞭○者
非○平○王○乃○獨○夫○也○而○謂○逆○天○傷○義○是○無○父○之○人○也○昔王裒
以父死非命終身未嘗西向而坐示不臣于晋朱子取而
載諸○小學之○書以○實父○子○之○倫○則○員○固○朱○子○所○不○棄○者○然
予○獨○悲○夫員○之○劇尤○有○可憾○者焉○昔張良以五世相●諱●憤●",待标注,"{""行款"":""半页6行，行44字"",""阅读痕迹"":[""圈点""]}",,
493,493.webp,493.png,三期,三期：圈点,"孔明論
程敏政
孔明昭烈心事人所不及知者以幾㣲渺茫推明
大叚道理令人如覩青天白日非大手筆何能作
此佳論
或曰昭烈伐呉、乃千古之失䇿、而孔明畧無一字之諌、當
時武臣若趙雲者、乃有國賊曹操孫權之言、然則孔明之
智、不足以及此乎、曰非也、伐呉之失䇿、孔明諌之不聴、而●
昭●烈●悔●之●不●及●、人特未●之●知耳●、何以知孔明之諌、孔明之","孔明論
程敏政
孔明昭烈心事人所不及知者以幾㣲渺茫推明
大叚道理令人如覩青天白日非大手筆何能作
此佳論
或曰昭烈伐呉、乃千古之失䇿、而孔明畧無一字之諌、當
時武臣若趙雲者、乃有國賊曹操孫權之言、然則孔明之
智、不足以及此乎、曰非也、伐呉之失䇿、孔明諌之不聴、而●
昭●烈●悔●之●不●及●、人特未●之●知耳●、何以知孔明之諌、孔明之",待标注,"{""行款"":""半页6行，行19字"",""阅读痕迹"":[""圈点""]}",,
494,494.webp,494.png,三期,三期：圈点,"註釋午未科二三塲藝府群玉卷之六
<不藻缋
以為麗
不佶曲
以為竒
大雅天
成精神
自具近
時罕覿>
太史
漪園焦竑
緱山王衡
撰
星槎唐汝瀾
註
後學
岱石邵名世
岱宗王時學
校
三衢
濬源翁日新
梓
○○先自治而後治人
萬暦丁未科㑹試
君子之能正天下○必能信扵天下者也○何者人與我相疇也○身安所玩○體","註釋午未科二三塲藝府群玉卷之六
<不藻缋
以為麗
不佶曲
以為竒
大雅天
成精神
自具近
時罕覿>
太史
漪園焦竑
緱山王衡
撰
星槎唐汝瀾
註
後學
岱石邵名世
岱宗王時學
校
三衢
濬源翁日新
梓
○○先自治而後治人
萬暦丁未科㑹試
君子之能正天下○必能信扵天下者也○何者人與我相疇也○身安所玩○體",待标注,"{""行款"":""半页21行，行3字"",""阅读痕迹"":[""圈点""]}",,
495,495.webp,495.png,三期,三期：圈点,"<於不信
中間剌
骨譬語
如屑>
火當熱○如水當寒○則豈有方圎不中規矩○而人以為是者乎○感物而動○性
之欲也○而情生烏○情既曰動○即復上鳥翔空○如舟汎海○又豈有任意為方
圎○而能自中扵規矩者乎○若然○故我有所、責、扵人○而、人旋、有所、責於我○人
人○所出扵○已者○不必是○而人○=所○不扵○人者○必不○非則我不治之身將何
所恃而可以為人量邪我顯出之○夫且明訾之○若㣲匿瑕而貌示程也○則
是以一指掩衆目也○我以所好令之○夫將兩從之○若躬為僭而言成理也○
則是左成而右毀之也○如是者○道之以政而人愈倍○齊之以刑而人愈離
<此叚言
使人正
必由使
人動使
人動必
由使人>
夫何故○不信而已○且夫人之情凡有所銳然確然而不能自巳扵是者○必
其憣然勃然而有所動扵是者也其幡然勃然而有動扵是者○必其怡然
渙然而無所疑於是者也○吾為治而欲使人深信之不復疑之又因而動","<於不信
中間剌
骨譬語
如屑>
火當熱○如水當寒○則豈有方圎不中規矩○而人以為是者乎○感物而動○性
之欲也○而情生烏○情既曰動○即復上鳥翔空○如舟汎海○又豈有任意為方
圎○而能自中扵規矩者乎○若然○故我有所、責、扵人○而、人旋、有所、責於我○人
人○所出扵○已者○不必是○而人○=所○不扵○人者○必不○非則我不治之身將何
所恃而可以為人量邪我顯出之○夫且明訾之○若㣲匿瑕而貌示程也○則
是以一指掩衆目也○我以所好令之○夫將兩從之○若躬為僭而言成理也○
則是左成而右毀之也○如是者○道之以政而人愈倍○齊之以刑而人愈離
<此叚言
使人正
必由使
人動使
人動必
由使人>
夫何故○不信而已○且夫人之情凡有所銳然確然而不能自巳扵是者○必
其憣然勃然而有所動扵是者也其幡然勃然而有動扵是者○必其怡然
渙然而無所疑於是者也○吾為治而欲使人深信之不復疑之又因而動",待标注,"{""行款"":""半页10行，行31字"",""阅读痕迹"":[""圈点""]}",,
496,496.webp,496.png,三期,三期：圈点,"<宗非語
秃醒不
敢怨政
刑等品
有味>
袯其行望而儀之如形之招景則而象之如音之赴響出扵不自安動扵
不得巳而君子所為克正教中上觀下化者由斯著巳何者猶是人也猶
是心也令反好不從蔵身恕必喻勢自然耳若然以治人者其於章軌至
易也○如制器而授之模○如索途而身為導也○其扵感化至速也○如水溢溢
而潤扵澤○如火焚菜而傳扵薪也○其扵動變至純也○如鹽以味為體而和
者徧得○染以色為體而入者全受也○其扵取則至逺也○如分寸之琯○而六
氣皆以莭調○鼻尺之衡○而九野卑以度應也○如是而有不一者馬○則布之
政而人不厭○有不率者焉○則比之法而人不怨○何者○規矩準䋲之側○有枉
撓之材○不敢厭鉛槧○有離竒之質○不敢怨斧斤○大猷之世○有嚚頑之倫○乃
<此以桓
公管仲>
敢怨政刑哉○扵是之時薄海随流而玄晏成風蕩=平=之治曷由致之則","<宗非語
秃醒不
敢怨政
刑等品
有味>
袯其行望而儀之如形之招景則而象之如音之赴響出扵不自安動扵
不得巳而君子所為克正教中上觀下化者由斯著巳何者猶是人也猶
是心也令反好不從蔵身恕必喻勢自然耳若然以治人者其於章軌至
易也○如制器而授之模○如索途而身為導也○其扵感化至速也○如水溢溢
而潤扵澤○如火焚菜而傳扵薪也○其扵動變至純也○如鹽以味為體而和
者徧得○染以色為體而入者全受也○其扵取則至逺也○如分寸之琯○而六
氣皆以莭調○鼻尺之衡○而九野卑以度應也○如是而有不一者馬○則布之
政而人不厭○有不率者焉○則比之法而人不怨○何者○規矩準䋲之側○有枉
撓之材○不敢厭鉛槧○有離竒之質○不敢怨斧斤○大猷之世○有嚚頑之倫○乃
<此以桓
公管仲>
敢怨政刑哉○扵是之時薄海随流而玄晏成風蕩=平=之治曷由致之則",待标注,"{""行款"":""半页10行，行32字"",""阅读痕迹"":[""圈点""]}",,
497,497.webp,497.png,三期,三期：圈点,"而○後○世○之○所○不○及○也○、
楊升菴曰、堅强者死、柔弱者生、老氏之術耳、少
公以此論商周之永短、是求其說而不
得、從而爲之辭也、尫羸者壽耆○醫家嘗
言之○周公之治○豈醫國手耶○讀此爲之
捧腹○
瞿昆湖曰、以周來形言商之不長○不如周之久
存者○蓋其政用彊○與周之柔厚自不同
耳○議論正當○文字純雅○","而○後○世○之○所○不○及○也○、
楊升菴曰、堅强者死、柔弱者生、老氏之術耳、少
公以此論商周之永短、是求其說而不
得、從而爲之辭也、尫羸者壽耆○醫家嘗
言之○周公之治○豈醫國手耶○讀此爲之
捧腹○
瞿昆湖曰、以周來形言商之不長○不如周之久
存者○蓋其政用彊○與周之柔厚自不同
耳○議論正當○文字純雅○",待标注,"{""行款"":""半页8行，行18字"",""阅读痕迹"":[""圈点""]}",,
498,498.webp,498.png,三期,三期：圈点,"<爲一心誠未
易也國曰秦
人何以十五
年不敢東窺
函谷愚日由
蘇秦激張儀
人秦而從中
制之也>

可以應夫無窮○彼、秦、者、將、何、爲、哉、○不知出此○而
乃貪疆埸尺寸之利○背盟敗約以自相屠滅○秦
兵未出○而天下諸侯已自困矣○至使秦人得伺
其隙以取其國○可不悲哉○
楊升菴曰、蘇秦之說六國○意正如此○大略各因
其情一爲長短之說○說韓魏○韓魏者○秦
之近國也○則恐以割地說燕趙○燕趙於
秦稍遠矣○所怒者○韓魏柝而入秦○則燕
趙隨之○於是恐以韓魏之不支○當時六","<爲一心誠未
易也國曰秦
人何以十五
年不敢東窺
函谷愚日由
蘇秦激張儀
人秦而從中
制之也>

可以應夫無窮○彼、秦、者、將、何、爲、哉、○不知出此○而
乃貪疆埸尺寸之利○背盟敗約以自相屠滅○秦
兵未出○而天下諸侯已自困矣○至使秦人得伺
其隙以取其國○可不悲哉○
楊升菴曰、蘇秦之說六國○意正如此○大略各因
其情一爲長短之說○說韓魏○韓魏者○秦
之近國也○則恐以割地說燕趙○燕趙於
秦稍遠矣○所怒者○韓魏柝而入秦○則燕
趙隨之○於是恐以韓魏之不支○當時六",待标注,"{""行款"":""半页9行，行20字"",""阅读痕迹"":[""圈点""]}",,
499,499.webp,499.png,三期,三期：圈点,"<面斡旋>
者也○以智攻智○以勇擊勇○此譬如兩虎相捽○
【捽音疾擊也】
齒牙氣力○無以相勝○其勢足以相擾而不
<插人高帝絕
妙王鳳洲曰
此句斡旋得
好下面一筆
掃法>
足以相斃○當此之時○惜○乎○無○有○以○-漢-○高-○-帝-○之○事○
制○之○者○也○
【此應上智勇相遇則智
勇不足恃筆力到處】
昔者-項-籍-乘
百戰百勝之威○而執諸侯之柄○咄嗟咤叱○
【咄音觸咤
音差叱音尺】
奮其暴怒○西向以逆-高-祖-○其勢飄忽震
蕩如風雨之至○天下之人以爲遂無漢矣○然-高
<矯矯筆乃可
凌萬夫>
-帝-以其不、智、不、勇、之身○橫塞其衝○徘徊而不得
進○其頑鉢椎魯足以爲笑於天下○而卒能摧折","<面斡旋>
者也○以智攻智○以勇擊勇○此譬如兩虎相捽○
【捽音疾擊也】
齒牙氣力○無以相勝○其勢足以相擾而不
<插人高帝絕
妙王鳳洲曰
此句斡旋得
好下面一筆
掃法>
足以相斃○當此之時○惜○乎○無○有○以○-漢-○高-○-帝-○之○事○
制○之○者○也○
【此應上智勇相遇則智
勇不足恃筆力到處】
昔者-項-籍-乘
百戰百勝之威○而執諸侯之柄○咄嗟咤叱○
【咄音觸咤
音差叱音尺】
奮其暴怒○西向以逆-高-祖-○其勢飄忽震
蕩如風雨之至○天下之人以爲遂無漢矣○然-高
<矯矯筆乃可
凌萬夫>
-帝-以其不、智、不、勇、之身○橫塞其衝○徘徊而不得
進○其頑鉢椎魯足以爲笑於天下○而卒能摧折",待标注,"{""行款"":""半页8行，行21字"",""阅读痕迹"":[""圈点""]}",,
500,500.webp,500.png,三期,三期：圈点,"去○便是一陣風○飛沙走石○好驚人也
砲雲起處蕩乾坤○黑霧陰霾大地昏○江海波翻魚蟹怕○
山林樹折虎狼奔○諸般買賣無商旅○各樣生涯不見人○
殿上君王歸内院○堦前文武轉衙門○千秋寳座都吹倒○
五鳳高樓幌動根○
風起處○驚散了那傲來國君王○三街六市○都慌得關門閉
戶○無人敢走○悟空攙按下雲頭○徑闖入朝門裡○直尋到兵
器舘武庫中打開門扇看時○那裡而無數器械○刀鎗劍戟
斧鉞毛鎌鞭鈀撾簡○弓弩又矛○件件俱備○一見甚喜○道○#
一人能拿幾何○還使個分身法搬將去罷○好㺅王○卽拔#","去○便是一陣風○飛沙走石○好驚人也
砲雲起處蕩乾坤○黑霧陰霾大地昏○江海波翻魚蟹怕○
山林樹折虎狼奔○諸般買賣無商旅○各樣生涯不見人○
殿上君王歸内院○堦前文武轉衙門○千秋寳座都吹倒○
五鳳高樓幌動根○
風起處○驚散了那傲來國君王○三街六市○都慌得關門閉
戶○無人敢走○悟空攙按下雲頭○徑闖入朝門裡○直尋到兵
器舘武庫中打開門扇看時○那裡而無數器械○刀鎗劍戟
斧鉞毛鎌鞭鈀撾簡○弓弩又矛○件件俱備○一見甚喜○道○#
一人能拿幾何○還使個分身法搬將去罷○好㺅王○卽拔#",待标注,"{""行款"":""半页9行，行24字"",""阅读痕迹"":[""圈点""]}",,
501,501.webp,501.png,三期,三期：圈点,"第五囘
亂㱕挑大聖偷丹  反天宫諸神捉怪
話表齊天大聖○到底是個妖猴○更不知官衘品○從也不較
俸祿高低○但只註名便了那齊天府下○二司仙吏早晚伏
<何新快活>
侍只○知○曰○食○三○飡○夜○眠○一○關○無○事○牽○縈○自○繇○自○在○開時節○
會友遊宮○交朋結義○見三清稱箇老字逢四帝○道箇陛下○
與那九曜星○五方將○二十八宿○四大天正十二元辰○五方
五老○普天星相○河漢羣神○俱只以弟兄相待○彼此稱呼今
旧東遊○明月西蕩雲去雲來○行踪不定○一日玉帝早朝○班
部中閑出壽旌陽眞人○頫願啟奏道○今有齊天大聖○日日","第五囘
亂㱕挑大聖偷丹  反天宫諸神捉怪
話表齊天大聖○到底是個妖猴○更不知官衘品○從也不較
俸祿高低○但只註名便了那齊天府下○二司仙吏早晚伏
<何新快活>
侍只○知○曰○食○三○飡○夜○眠○一○關○無○事○牽○縈○自○繇○自○在○開時節○
會友遊宮○交朋結義○見三清稱箇老字逢四帝○道箇陛下○
與那九曜星○五方將○二十八宿○四大天正十二元辰○五方
五老○普天星相○河漢羣神○俱只以弟兄相待○彼此稱呼今
旧東遊○明月西蕩雲去雲來○行踪不定○一日玉帝早朝○班
部中閑出壽旌陽眞人○頫願啟奏道○今有齊天大聖○日日",待标注,"{""行款"":""半页8行，行26字"",""阅读痕迹"":[""圈点""]}",,
502,502.webp,502.png,三期,三期：圈点,"紋緗核○九千年一熟人吃了○舆天地齊壽○目月同庚○大聖
聞言○懽喜無任當日查明了株樹㸃有了亭閣○囘府○自此
後三五日一次賞翫也不交友也不他遊一曰見那老樹
枝頭桃熟大半他心裡要吃箇甞新○奈何本園土地力士○
竝齊天府仙吏緊隨○不便○忽○設○一○計○道汝○等○且○出○門○外○向○
候○讓○我○在○這○亭○上○少○憇○片○時○那衆仙果退○只○見○那○猴○王○脫○
<這凡本
色>
了○冠○服○爬○上○大○樹○掠○那○熟○透○的○大○桃○摘○了○許○多○就○在○樹○枝○
上○自○在○受○用○吃○了○一○飽○却○纔○跳○下○樹○來○簮冠着服○喚衆等
儀從囘府○遲三二日○又去設法偷桃○儘他享用○一朝王母
娘娘設宴○大開寳閣瑤池中做蟠桃勝會卽着那紅衣仙","紋緗核○九千年一熟人吃了○舆天地齊壽○目月同庚○大聖
聞言○懽喜無任當日查明了株樹㸃有了亭閣○囘府○自此
後三五日一次賞翫也不交友也不他遊一曰見那老樹
枝頭桃熟大半他心裡要吃箇甞新○奈何本園土地力士○
竝齊天府仙吏緊隨○不便○忽○設○一○計○道汝○等○且○出○門○外○向○
候○讓○我○在○這○亭○上○少○憇○片○時○那衆仙果退○只○見○那○猴○王○脫○
<這凡本
色>
了○冠○服○爬○上○大○樹○掠○那○熟○透○的○大○桃○摘○了○許○多○就○在○樹○枝○
上○自○在○受○用○吃○了○一○飽○却○纔○跳○下○樹○來○簮冠着服○喚衆等
儀從囘府○遲三二日○又去設法偷桃○儘他享用○一朝王母
娘娘設宴○大開寳閣瑤池中做蟠桃勝會卽着那紅衣仙",待标注,"{""行款"":""半页10行，行26字"",""阅读痕迹"":[""圈点""]}",,
503,503.webp,503.png,三期,三期：圈点,"盛○智勇之多○司馬昭篡禅大
位○與曹丕之篡禅○如○出○一○轍○可○知
天○理○之○循○環诸葛瞻绵竹死莭○
與孔明大營殞星○文子殉身具○見○
忠○賢○之○遺○裔○漢末以宦豎而始
禍○蜀末亦以宦豎而终禍○首尾
映带○叙述精詳○貫穿聯絡○缕析條
分○事有脗合而不雷同○指歸據實
而非臆造○盖先主起而王蜀○為氣
数闰運之竒屬○而羣雄附而爭
亂○又為閏運中變幻之奇属○較
前此三代及#末○及後此##","盛○智勇之多○司馬昭篡禅大
位○與曹丕之篡禅○如○出○一○轍○可○知
天○理○之○循○環诸葛瞻绵竹死莭○
與孔明大營殞星○文子殉身具○見○
忠○賢○之○遺○裔○漢末以宦豎而始
禍○蜀末亦以宦豎而终禍○首尾
映带○叙述精詳○貫穿聯絡○缕析條
分○事有脗合而不雷同○指歸據實
而非臆造○盖先主起而王蜀○為氣
数闰運之竒屬○而羣雄附而爭
亂○又為閏運中變幻之奇属○較
前此三代及#末○及後此##",待标注,"{""行款"":""半页12行，行17字"",""阅读痕迹"":[""圈点""]}",,
504,504.webp,504.png,三期,三期：圈点,"之末○擾攘移鼎之局○迥乎不同○而
演此傳者○又興前後演列國○七國○
十六國○南北朝○東西魏○前後梁○
各傳之手筆○亦大相徑庭○传中
模寫人物情事○神彩陸離○瞭
若指掌○且行文如九曲黃河○一","之末○擾攘移鼎之局○迥乎不同○而
演此傳者○又興前後演列國○七國○
十六國○南北朝○東西魏○前後梁○
各傳之手筆○亦大相徑庭○传中
模寫人物情事○神彩陸離○瞭
若指掌○且行文如九曲黃河○一",待标注,"{""行款"":""半页6行，行16字"",""阅读痕迹"":[""圈点""]}",,
505,505.webp,505.png,三期,三期：圈点,"仲憲言於曾子曰○夏后氏用明器○示◎民◎無◎知◎也◎○
殷人用祭器○示◎民◎有◎知◎也◎周人兼用之○示◎民◎疑◎
也○◎曾子曰○其◎不◎然◎乎◎○其◎不◎然◎乎◎○夫明器○鬼器◎也
祭器人◎器◎也○夫◎古◎之◎人○◎胡◎爲◎而◎死◎其◎親◎乎◎○
公叔木有同母異父之昆弟死○問於子游○子游
曰○其◎大◎功◎乎◎○狄儀有同母異父之昆弟死○問於
<不曰自狄儀始者
以魯人前已為之
此銖兩輕重之分>
子夏○子夏曰○我◎未◎之◎前◎聞◎也◎○魯◎人◎則◎爲◎之◎齊◎衰◎○
狄儀行齊衰○今◎之◎齊◎衰◎○狄◎儀◎之◎問◎也◎○
子思之母死於衞○柳若謂子思曰○子◎聖◎人◎之◎後◎
也◎四◎方◎於◎子◎乎◎觀◎禮◎○子◎葢◎愼◎諸◎○子思曰○吾◎何◎愼◎
哉◎吾聞之○有其禮○無其財○君◎子◎弗◎行◎也◎○有其禮○
有其財○無其時○君◎子◎弗◎行◎也◎○吾◎何◎愼◎哉◎○
縣子瑣曰○吾聞之○古者不降○上下各以其親○滕
伯文爲孟虎齊衰○其◎叔◎父◎也◎○爲孟皮齊衰○其◎叔◎
父◎也◎○
后木曰喪○吾聞諸縣子曰夫◎喪◎不◎可◎不◎深◎長◎思◎","仲憲言於曾子曰○夏后氏用明器○示◎民◎無◎知◎也◎○
殷人用祭器○示◎民◎有◎知◎也◎周人兼用之○示◎民◎疑◎
也○◎曾子曰○其◎不◎然◎乎◎○其◎不◎然◎乎◎○夫明器○鬼器◎也
祭器人◎器◎也○夫◎古◎之◎人○◎胡◎爲◎而◎死◎其◎親◎乎◎○
公叔木有同母異父之昆弟死○問於子游○子游
曰○其◎大◎功◎乎◎○狄儀有同母異父之昆弟死○問於
<不曰自狄儀始者
以魯人前已為之
此銖兩輕重之分>
子夏○子夏曰○我◎未◎之◎前◎聞◎也◎○魯◎人◎則◎爲◎之◎齊◎衰◎○
狄儀行齊衰○今◎之◎齊◎衰◎○狄◎儀◎之◎問◎也◎○
子思之母死於衞○柳若謂子思曰○子◎聖◎人◎之◎後◎
也◎四◎方◎於◎子◎乎◎觀◎禮◎○子◎葢◎愼◎諸◎○子思曰○吾◎何◎愼◎
哉◎吾聞之○有其禮○無其財○君◎子◎弗◎行◎也◎○有其禮○
有其財○無其時○君◎子◎弗◎行◎也◎○吾◎何◎愼◎哉◎○
縣子瑣曰○吾聞之○古者不降○上下各以其親○滕
伯文爲孟虎齊衰○其◎叔◎父◎也◎○爲孟皮齊衰○其◎叔◎
父◎也◎○
后木曰喪○吾聞諸縣子曰夫◎喪◎不◎可◎不◎深◎長◎思◎",待标注,"{""行款"":""半页15行，行28字"",""阅读痕迹"":[""圈点""]}",,
506,506.webp,506.png,三期,三期：圈点,"無服也○葢◎推◎而◎遠◎之◎也◎○姑姊妹之薄也○葢○有◎受◎
我◎而◎厚◎回◎之◎者◎也◎○
食於有喪者之側○未嘗飽也○
曾子與客立於門側○其徒趨而出○曾子曰爾將
何之○曰○吾父死○將出哭於巷○曰○反哭於爾次○曾
子北靣而弔焉○
孔子曰○之◎死◎而◎致◎死◎之◎○不◎仁◎而◎不◎可◎爲◎也◎○之◎死◎
而◎致◎生◎之◎○不◎知◎而◎不◎可◎爲◎也◎○是故竹不成用○瓦
不成味○木不成斵○琴瑟張而不平○竽笙備而不
和○有鐘磬而無簨虡○其◎曰◎明◎器◎○神◎明◎之◎也◎○
有子問於會子曰○問◎喪◎於◎夫◎子◎乎◎○曰○聞◎之◎矣◎○喪◎
欲◎速◎貧◎○死◎欲◎速◎朽◎○有子曰○是◎非◎君◎子◎之◎言◎也◎○曾
子日參◎也◎聞◎諸◎夫◎子◎也◎○有子又曰○是◎非◎君◎子◎之
言◎也◎○曾子曰○參也與子游聞之○有子曰○然◎○然◎則◎
夫◎子◎有◎爲◎言◎之◎也◎○曾子以斯言吿於子游○子游
曰○甚◎哉◎有◎子◎之◎言◎似◎夫◎子◎也◎○昔者夫子居於宋","無服也○葢◎推◎而◎遠◎之◎也◎○姑姊妹之薄也○葢○有◎受◎
我◎而◎厚◎回◎之◎者◎也◎○
食於有喪者之側○未嘗飽也○
曾子與客立於門側○其徒趨而出○曾子曰爾將
何之○曰○吾父死○將出哭於巷○曰○反哭於爾次○曾
子北靣而弔焉○
孔子曰○之◎死◎而◎致◎死◎之◎○不◎仁◎而◎不◎可◎爲◎也◎○之◎死◎
而◎致◎生◎之◎○不◎知◎而◎不◎可◎爲◎也◎○是故竹不成用○瓦
不成味○木不成斵○琴瑟張而不平○竽笙備而不
和○有鐘磬而無簨虡○其◎曰◎明◎器◎○神◎明◎之◎也◎○
有子問於會子曰○問◎喪◎於◎夫◎子◎乎◎○曰○聞◎之◎矣◎○喪◎
欲◎速◎貧◎○死◎欲◎速◎朽◎○有子曰○是◎非◎君◎子◎之◎言◎也◎○曾
子日參◎也◎聞◎諸◎夫◎子◎也◎○有子又曰○是◎非◎君◎子◎之
言◎也◎○曾子曰○參也與子游聞之○有子曰○然◎○然◎則◎
夫◎子◎有◎爲◎言◎之◎也◎○曾子以斯言吿於子游○子游
曰○甚◎哉◎有◎子◎之◎言◎似◎夫◎子◎也◎○昔者夫子居於宋",待标注,"{""行款"":""半页6行，行36字"",""阅读痕迹"":[""圈点""]}",,
507,507.webp,507.png,三期,三期：圈点,"矣◎○子◎少◎○國◎家◎多◎難◎○伯◎氏◎不◎出◎而◎圖◎吾◎君◎○伯◎氏◎苟◎
出◎而◎圖◎回◎吾◎君◎○申◎生◎受◎賜◎而◎死◎○再拜稽首乃卒○是◎
以◎爲◎㳟◎世◎子◎子◎也◎○
<省文>
魯人有朝◎祥◎而◎莫◎歌◎者○子路笑之○夫子曰○由○爾◎
責◎於◎人◎○終◎無◎巳◎夫◎○三年之喪○亦巳久矣夫○子路
<婉而嚴>
出○夫子曰○又◎多◎乎◎哉◎○踰◎月◎則◎其◎善◎也◎○
<乗丘戰在荘十年
馬驚在御不在右
魯莊未卜不未縣
記稱縣死而不言
卜死即其軽以見
其重即其責之所
不及以見其所及
耳>
魯莊公及宋人戰於乘丘○縣賁父御○卜國爲右○
馬◎驚◎○敗◎績◎○公◎隊◎○佐◎車◎授◎綏◎○公曰○末◎之◎卜◎也◎○縣賁
父曰○他◎日◎不◎敗◎績◎而◎今◎敗◎績◎○是◎無◎勇◎也◎○遂◎死◎之◎○
圉◎人◎浴◎馬◎○有◎流◎矢◎在◎白◎肉◎○公曰○非◎其◎罪◎○也◎遂◎誄◎
之◎○士之有誄○自此始也○
曾子寢疾○病◎○樂正子春坐◎於◎牀◎下◎○曾元曾申坐◎
於◎足◎○童子隅◎坐◎而◎執◎燭◎○童子曰○華◎而◎睆◎○大◎夫◎之◎
簀◎與◎○子春日○止○◎曾子聞之○瞿◎然◎曰○◎呼◎○曰○華◎而◎睆◎○
大◎夫◎之◎簀◎與◎○曾子曰○然◎○斯◎季◎孫◎之◎賜◎也◎○我◎未◎之◎
能◎易◎也◎○元◎起◎易◎簀◎○曾元曰○夫子之病革◎矣○不◎可◎","矣◎○子◎少◎○國◎家◎多◎難◎○伯◎氏◎不◎出◎而◎圖◎吾◎君◎○伯◎氏◎苟◎
出◎而◎圖◎回◎吾◎君◎○申◎生◎受◎賜◎而◎死◎○再拜稽首乃卒○是◎
以◎爲◎㳟◎世◎子◎子◎也◎○
<省文>
魯人有朝◎祥◎而◎莫◎歌◎者○子路笑之○夫子曰○由○爾◎
責◎於◎人◎○終◎無◎巳◎夫◎○三年之喪○亦巳久矣夫○子路
<婉而嚴>
出○夫子曰○又◎多◎乎◎哉◎○踰◎月◎則◎其◎善◎也◎○
<乗丘戰在荘十年
馬驚在御不在右
魯莊未卜不未縣
記稱縣死而不言
卜死即其軽以見
其重即其責之所
不及以見其所及
耳>
魯莊公及宋人戰於乘丘○縣賁父御○卜國爲右○
馬◎驚◎○敗◎績◎○公◎隊◎○佐◎車◎授◎綏◎○公曰○末◎之◎卜◎也◎○縣賁
父曰○他◎日◎不◎敗◎績◎而◎今◎敗◎績◎○是◎無◎勇◎也◎○遂◎死◎之◎○
圉◎人◎浴◎馬◎○有◎流◎矢◎在◎白◎肉◎○公曰○非◎其◎罪◎○也◎遂◎誄◎
之◎○士之有誄○自此始也○
曾子寢疾○病◎○樂正子春坐◎於◎牀◎下◎○曾元曾申坐◎
於◎足◎○童子隅◎坐◎而◎執◎燭◎○童子曰○華◎而◎睆◎○大◎夫◎之◎
簀◎與◎○子春日○止○◎曾子聞之○瞿◎然◎曰○◎呼◎○曰○華◎而◎睆◎○
大◎夫◎之◎簀◎與◎○曾子曰○然◎○斯◎季◎孫◎之◎賜◎也◎○我◎未◎之◎
能◎易◎也◎○元◎起◎易◎簀◎○曾元曰○夫子之病革◎矣○不◎可◎",待标注,"{""行款"":""半页13行，行38字"",""阅读痕迹"":[""圈点""]}",,
508,508.webp,508.png,三期,三期：圈点,"見桓司馬自爲石椁○三年而不成○夫子曰○若◎是◎
其◎靡◎也◎○死◎不◎如◎速◎朽◎之◎愈◎也◎○死◎之◎欲◎速◎朽◎○爲◎桓◎
司◎馬◎言◎之◎也◎○南宫敬叔○反○◎必◎載◎寶◎而◎朝◎○夫子曰○
若◎是◎其◎貨◎也○◎喪◎不◎如◎速◎貧◎之◎愈◎也◎○喪◎之◎欲◎速◎貧◎○
爲◎敬◎叔◎言◎之◎也◎○曾子以子游之言吿於有子○有
子曰○然◎○吾◎固◎曰◎非◎夫◎子◎之◎言◎也◎○會子曰○子何以
知之○有子曰○夫子制於中都○四寸之棺○五寸之
椁○以◎斯◎知◎不◎欲◎速◎朽◎也昔者夫子失魯司宼○將
之荆○又葢◎先◎之◎以◎子◎夏◎○又◎申◎之◎以◎冉◎有◎○以◎斯◎知◎不◎
欲◎速◎貧◎也◎○
陳莊子死○赴於魯○魯人欲勿哭○繆公召縣子而
問焉○縣子曰○古之大夫○束◎脩◎之◎問◎不◎出◎竟◎○雖◎欲◎
哭◎之◎○安◎得◎而◎哭◎之◎○今之大夫○交◎政◎於◎中◎國◎○雖◎欲◎
勿◎哭◎○焉◎得◎而◎弗◎哭◎○且臣聞之○哭◎有◎二◎道◎○有◎愛◎而◎
哭◎之◎○有◎畏◎而◎哭◎之◎○公曰○然○然則如之何而可○縣
子曰○請哭諸異姓之廟○於◎是◎與◎哭◎諸◎縣◎氏◎○","見桓司馬自爲石椁○三年而不成○夫子曰○若◎是◎
其◎靡◎也◎○死◎不◎如◎速◎朽◎之◎愈◎也◎○死◎之◎欲◎速◎朽◎○爲◎桓◎
司◎馬◎言◎之◎也◎○南宫敬叔○反○◎必◎載◎寶◎而◎朝◎○夫子曰○
若◎是◎其◎貨◎也○◎喪◎不◎如◎速◎貧◎之◎愈◎也◎○喪◎之◎欲◎速◎貧◎○
爲◎敬◎叔◎言◎之◎也◎○曾子以子游之言吿於有子○有
子曰○然◎○吾◎固◎曰◎非◎夫◎子◎之◎言◎也◎○會子曰○子何以
知之○有子曰○夫子制於中都○四寸之棺○五寸之
椁○以◎斯◎知◎不◎欲◎速◎朽◎也昔者夫子失魯司宼○將
之荆○又葢◎先◎之◎以◎子◎夏◎○又◎申◎之◎以◎冉◎有◎○以◎斯◎知◎不◎
欲◎速◎貧◎也◎○
陳莊子死○赴於魯○魯人欲勿哭○繆公召縣子而
問焉○縣子曰○古之大夫○束◎脩◎之◎問◎不◎出◎竟◎○雖◎欲◎
哭◎之◎○安◎得◎而◎哭◎之◎○今之大夫○交◎政◎於◎中◎國◎○雖◎欲◎
勿◎哭◎○焉◎得◎而◎弗◎哭◎○且臣聞之○哭◎有◎二◎道◎○有◎愛◎而◎
哭◎之◎○有◎畏◎而◎哭◎之◎○公曰○然○然則如之何而可○縣
子曰○請哭諸異姓之廟○於◎是◎與◎哭◎諸◎縣◎氏◎○",待标注,"{""行款"":""半页6行，行39字"",""阅读痕迹"":[""圈点""]}",,
509,509.webp,509.png,三期,三期：圈点,"凡看文○須看○其○何○處○是○發○所○以○然○何處○是○敷○當○然○何一○層○是○題○前○
何一○層○是○題○後○何一層○是○題○中○與○題○外○做文時○亦○一○一○如○此○想○則
次第井然○篇法不亂矣○
讀文是取其法脈○看其格局至機調話頭○待○讀○得○爛○熟○後○不假○思○
索○自來○湊○我○筆○端○方妙○若有意謂某句好○吾爲文必效之○勢必屈
我之筆性○以屑屑求合於彼○其不牽强者幾希矣○
近世庸師敎人○學徒課文時○往往曰所讀某篇○可以規倣○噫嘻、何
其所見之鄙也○夫爲文乃自出主見○自立規格○卽有時與所讀某
篇相符○亦是渾○忘○浹○洽○後○無○心○暗○合○並○非○有○意○套○他○今顧命徒如

此○則安得有好文字做出乎○
俗子今日讀文○明日便要有用○吾未見收效如此之速者○求效速
則得其糟粕而巳○而文之精微處○固未會得也○
讀文○貴○玩○味○其○精○微○今日不得其解○明日又讀之○明日不得其解○
後日又讀之○或累積數日仍不得其解○則姑停三月五月之後○俟
識見增進○心思開悟○再取讀之○如此耐○心○做去○不求速效○久之○發○
溢○出○來○有忘乎文○之○爲○我○而○我○之爲○文○者○雖己○亦○不○自○知○其○何○以○
得○力○也○
初學作文○寕有稚句○切不可俗○如從事修途○以身入世○其果可信","凡看文○須看○其○何○處○是○發○所○以○然○何處○是○敷○當○然○何一○層○是○題○前○
何一○層○是○題○後○何一層○是○題○中○與○題○外○做文時○亦○一○一○如○此○想○則
次第井然○篇法不亂矣○
讀文是取其法脈○看其格局至機調話頭○待○讀○得○爛○熟○後○不假○思○
索○自來○湊○我○筆○端○方妙○若有意謂某句好○吾爲文必效之○勢必屈
我之筆性○以屑屑求合於彼○其不牽强者幾希矣○
近世庸師敎人○學徒課文時○往往曰所讀某篇○可以規倣○噫嘻、何
其所見之鄙也○夫爲文乃自出主見○自立規格○卽有時與所讀某
篇相符○亦是渾○忘○浹○洽○後○無○心○暗○合○並○非○有○意○套○他○今顧命徒如

此○則安得有好文字做出乎○
俗子今日讀文○明日便要有用○吾未見收效如此之速者○求效速
則得其糟粕而巳○而文之精微處○固未會得也○
讀文○貴○玩○味○其○精○微○今日不得其解○明日又讀之○明日不得其解○
後日又讀之○或累積數日仍不得其解○則姑停三月五月之後○俟
識見增進○心思開悟○再取讀之○如此耐○心○做去○不求速效○久之○發○
溢○出○來○有忘乎文○之○爲○我○而○我○之爲○文○者○雖己○亦○不○自○知○其○何○以○
得○力○也○
初學作文○寕有稚句○切不可俗○如從事修途○以身入世○其果可信",待标注,"{""行款"":""半页6行，行45字"",""阅读痕迹"":[""圈点""]}",,
510,510.webp,510.png,三期,三期：圈点,"作文發○意○爲○上○敷○題○爲○下○發意、卽因○之○先○生○所謂○抉○其○所○以○然○也○
敷題、卽因○之○先○生○所謂○贅○其○所○當○然○也○夫敷題且爲下矣○况俗子
所謂敷題○又毫無實義○只是依樣胡盧○多用幾替身字耳○豈非下
中之下乎○
作文最○要○怡○扣○本○位○如二句題○確是○二○句○題○文○字○不可○通○融○於○一○
句○全章題○確是○全○章○題○文○字○不○可○通○融○於○一○二○節○試舉論之○如見
義不爲無勇也題○起手不從勇字倒入○前半○便○止○是○上○一○句○題○文○
湯之盤銘全章題○三股中不卽插極字作眼○前半○便○止○是○上○三○節○
題○文○是○也○每恨俗子蒙蒙於此○遂致題之本位不淸○

作文不可無法○然不可拘於死法○蓋題有萬變○增一○字○卽移○其○形○
減○一○字○卽○易○其○位○須因○時○處○中○總以○恰○扣○題○界○認○眞○題○竅○而○止○
因○題○作○文○是最妙訣○如上論中一簞食○一瓢飮、在陋巷人、不堪其
憂、回也不改其樂○是贊○顔○子○安○貧○若下孟中○居於陋巷、至顔子不
攺其樂○是說○顔○子○退○處○作文○須○寫○出○他○獨○善○光○景○若如○上○論○贊○他○
安○貧○便○失○竅○要○也○又如柳下惠不羞汙君、不卑小官、進不隱賢、必
以其道、遺佚而不怨、阨窮而不憫、在上孟中○是描○寫○他○不○恭○在下
孟中○是描○寫○他○和○若彼此互易、作文○不得其旨矣○舉此三端○他可
類推○","作文發○意○爲○上○敷○題○爲○下○發意、卽因○之○先○生○所謂○抉○其○所○以○然○也○
敷題、卽因○之○先○生○所謂○贅○其○所○當○然○也○夫敷題且爲下矣○况俗子
所謂敷題○又毫無實義○只是依樣胡盧○多用幾替身字耳○豈非下
中之下乎○
作文最○要○怡○扣○本○位○如二句題○確是○二○句○題○文○字○不可○通○融○於○一○
句○全章題○確是○全○章○題○文○字○不○可○通○融○於○一○二○節○試舉論之○如見
義不爲無勇也題○起手不從勇字倒入○前半○便○止○是○上○一○句○題○文○
湯之盤銘全章題○三股中不卽插極字作眼○前半○便○止○是○上○三○節○
題○文○是○也○每恨俗子蒙蒙於此○遂致題之本位不淸○

作文不可無法○然不可拘於死法○蓋題有萬變○增一○字○卽移○其○形○
減○一○字○卽○易○其○位○須因○時○處○中○總以○恰○扣○題○界○認○眞○題○竅○而○止○
因○題○作○文○是最妙訣○如上論中一簞食○一瓢飮、在陋巷人、不堪其
憂、回也不改其樂○是贊○顔○子○安○貧○若下孟中○居於陋巷、至顔子不
攺其樂○是說○顔○子○退○處○作文○須○寫○出○他○獨○善○光○景○若如○上○論○贊○他○
安○貧○便○失○竅○要○也○又如柳下惠不羞汙君、不卑小官、進不隱賢、必
以其道、遺佚而不怨、阨窮而不憫、在上孟中○是描○寫○他○不○恭○在下
孟中○是描○寫○他○和○若彼此互易、作文○不得其旨矣○舉此三端○他可
類推○",待标注,"{""行款"":""半页8行，行34字"",""阅读痕迹"":[""圈点""]}",,
511,511.webp,511.png,三期,三期：圈点,"成竹一揮而就矣○陶子師云、作文○先○要○曉○通○篇○位○置○而後○可○徐○求○
用○筆○之○變○化○以○造○古○人○今之爲文者○但知一股之起承轉合○而不
知一篇之起承轉合○入手驟將題目正面說盡○以下意思複沓○頭
緖雜冗○而先民之遺法蕩然矣○眞名言也○  一曰用意○夫爲文而
不知用意○則直率而無曲折之情○平庸而少波瀾之富○故欲合先
離○欲吞先吐○與欲抑先揚○或欲揚先抑○然後文勢瀠洄○令人尋味
不盡○如錢牧齋先生民到於今稱之篇○中間說夷齊恥居周土○却
先以民之履周土襯起○說夷齊恥食周粟○却先以民之食周粟○襯
起○後幅一股說稱之者之哀○却先從夷齊之喜說來一股說稱之

者之喜○却先從夷齊之哀說來○是也○學者知此三要○而更佐之以
精確不磨之理○行之以浩蕩莫遏之氣○其爲文也○豈有不工乎哉○
又作文有三要○曰法○曰○理○曰○筆○不講法則文無紀律○講法而理或
不精○則無切實處○豈能厯久不磨乎○法備理晰○而筆或委靡○則不
能暢其所欲言○以斯知三者缺○一○不○可○也○
作文○筆○情○要○犀○利○語意○最○要○靈○活○
呂某之論文○喜相○似○題○移○借○不○去○陸稼書論文○喜透發○所○以○然○之○
故○汪武曹論文○喜如何○方○是○此○題○文○字○三人所見皆高○學者並採
之可也○","成竹一揮而就矣○陶子師云、作文○先○要○曉○通○篇○位○置○而後○可○徐○求○
用○筆○之○變○化○以○造○古○人○今之爲文者○但知一股之起承轉合○而不
知一篇之起承轉合○入手驟將題目正面說盡○以下意思複沓○頭
緖雜冗○而先民之遺法蕩然矣○眞名言也○  一曰用意○夫爲文而
不知用意○則直率而無曲折之情○平庸而少波瀾之富○故欲合先
離○欲吞先吐○與欲抑先揚○或欲揚先抑○然後文勢瀠洄○令人尋味
不盡○如錢牧齋先生民到於今稱之篇○中間說夷齊恥居周土○却
先以民之履周土襯起○說夷齊恥食周粟○却先以民之食周粟○襯
起○後幅一股說稱之者之哀○却先從夷齊之喜說來一股說稱之

者之喜○却先從夷齊之哀說來○是也○學者知此三要○而更佐之以
精確不磨之理○行之以浩蕩莫遏之氣○其爲文也○豈有不工乎哉○
又作文有三要○曰法○曰○理○曰○筆○不講法則文無紀律○講法而理或
不精○則無切實處○豈能厯久不磨乎○法備理晰○而筆或委靡○則不
能暢其所欲言○以斯知三者缺○一○不○可○也○
作文○筆○情○要○犀○利○語意○最○要○靈○活○
呂某之論文○喜相○似○題○移○借○不○去○陸稼書論文○喜透發○所○以○然○之○
故○汪武曹論文○喜如何○方○是○此○題○文○字○三人所見皆高○學者並採
之可也○",待标注,"{""行款"":""半页8行，行39字"",""阅读痕迹"":[""圈点""]}",,
512,512.webp,512.png,三期,三期：圈点,"論文上編
定海洪天錫吉人氏著
初學行文○先須○解○拆○字○訣○夫一題有天然之層次○非可以人意故
爲倒置○好高者往往以總發爲奇○於拆字之訣○置而不論○遂致通
篇氣脈不貫○呂某云○相題之訣○只是善○拆汪武曹亦云○作文須
將○題○目○拆○得○開○眞名言也○
亦間○有○拆○開○反○失○語○氣○者○如女弗能救與題○與字、是、切、責、之、辭○非
婉、商、之、辭○若將能弗能拆開弄調○便是婉商語氣○非切責語氣矣○
是又當臨時細審也○

拆字訣○於半○截○題○尤○宜○如雖欲勿用題○先說用○次說勿用○又次說
欲勿用○後說雖欲勿用○而能喻諸人者題○先說喻諸人○次說能喻
諸人○後抱上文說而能喻諸人者是也○
爲文之要有三○一曰相題○有當在題前展勢者○有當在題後發論
者○有當在題中實做○與題縫想意者○不但此也○有意不在於言中○
神須遊於句外○或本位枯寂○無可洗刷○當從四面八方翻襯者○種
種不一○總要臨時心細眼巧而巳○一曰布局○蓋相題旣得○而昧
於布局○則淺深失次○而股法不相生○血脈相隔○而篇法不一貫○故
必鋪排安置○孰在前○孰在後○如行兵者之部位○秩然不亂○則胸有","論文上編
定海洪天錫吉人氏著
初學行文○先須○解○拆○字○訣○夫一題有天然之層次○非可以人意故
爲倒置○好高者往往以總發爲奇○於拆字之訣○置而不論○遂致通
篇氣脈不貫○呂某云○相題之訣○只是善○拆汪武曹亦云○作文須
將○題○目○拆○得○開○眞名言也○
亦間○有○拆○開○反○失○語○氣○者○如女弗能救與題○與字、是、切、責、之、辭○非
婉、商、之、辭○若將能弗能拆開弄調○便是婉商語氣○非切責語氣矣○
是又當臨時細審也○

拆字訣○於半○截○題○尤○宜○如雖欲勿用題○先說用○次說勿用○又次說
欲勿用○後說雖欲勿用○而能喻諸人者題○先說喻諸人○次說能喻
諸人○後抱上文說而能喻諸人者是也○
爲文之要有三○一曰相題○有當在題前展勢者○有當在題後發論
者○有當在題中實做○與題縫想意者○不但此也○有意不在於言中○
神須遊於句外○或本位枯寂○無可洗刷○當從四面八方翻襯者○種
種不一○總要臨時心細眼巧而巳○一曰布局○蓋相題旣得○而昧
於布局○則淺深失次○而股法不相生○血脈相隔○而篇法不一貫○故
必鋪排安置○孰在前○孰在後○如行兵者之部位○秩然不亂○則胸有",待标注,"{""行款"":""半页13行，行29字"",""阅读痕迹"":[""圈点""]}",,
513,513.webp,513.png,三期,三期：圈点,"俗子作文○開口定要說許多套話○如小講一起○非從事修途卽以
身入世○並曠觀宇宙○俯仰古今矣○前軰、何、曾、有、此、種試看許鍾斗
先生見義不爲無勇也文○小講云、且天下惟義能養勇○亦惟勇能
載義○勇不自生○義激之而生○故語勇者義爲上○而義不自行○勇翼
之而行○故赴義者勇爲先○奈何有見義而不爲者乎○單刀直入○便
可知己○聖賢口中○從無○自○註○之○理○國朝申檖臧氏之子文○內中有
云○夫君子賤其人則氏之、稱其字則子之、自註、、可、笑○近人有作當
灑掃應對進退則可矣題○中股云、可者未盡滿之詞也試思子、游、
語、氣、○有說、此、一、句○恐人、不、知、而、細、細、自、解、乎○眞不通之甚也○

做截下題○須縮○住○本○位○而下○文○自○可○直○接○方妙○庸手每於股尾吆
喝○醜態眞不可言○今將前輩時人截下題作○美者惡者○聊舉數端○
以備初學知所去取焉○前輩金聲天下之無道也久矣文○中比煞
句云○豈爲不極歟○後比煞句云○已是南巢牧野之師○國朝壬辰金
鋐後世有述焉文○後比煞處云○遂有人焉○以隱怪爲祖○而自遵其
俎豆之傳○皆是、縮、住、本、位○下自、直、接○所謂美者是也○前輩袁茂英
言不順文○中比煞句云○吾不知當何如矣、國朝癸丑季葉而其所
薄者厚文○中比煞句云、是果可信焉否也、後股煞句云、天下果有
是無端之化理歟、戊戌謝元瀛見君子文○後比煞句云、此時之瞻","俗子作文○開口定要說許多套話○如小講一起○非從事修途卽以
身入世○並曠觀宇宙○俯仰古今矣○前軰、何、曾、有、此、種試看許鍾斗
先生見義不爲無勇也文○小講云、且天下惟義能養勇○亦惟勇能
載義○勇不自生○義激之而生○故語勇者義爲上○而義不自行○勇翼
之而行○故赴義者勇爲先○奈何有見義而不爲者乎○單刀直入○便
可知己○聖賢口中○從無○自○註○之○理○國朝申檖臧氏之子文○內中有
云○夫君子賤其人則氏之、稱其字則子之、自註、、可、笑○近人有作當
灑掃應對進退則可矣題○中股云、可者未盡滿之詞也試思子、游、
語、氣、○有說、此、一、句○恐人、不、知、而、細、細、自、解、乎○眞不通之甚也○

做截下題○須縮○住○本○位○而下○文○自○可○直○接○方妙○庸手每於股尾吆
喝○醜態眞不可言○今將前輩時人截下題作○美者惡者○聊舉數端○
以備初學知所去取焉○前輩金聲天下之無道也久矣文○中比煞
句云○豈爲不極歟○後比煞句云○已是南巢牧野之師○國朝壬辰金
鋐後世有述焉文○後比煞處云○遂有人焉○以隱怪爲祖○而自遵其
俎豆之傳○皆是、縮、住、本、位○下自、直、接○所謂美者是也○前輩袁茂英
言不順文○中比煞句云○吾不知當何如矣、國朝癸丑季葉而其所
薄者厚文○中比煞句云、是果可信焉否也、後股煞句云、天下果有
是無端之化理歟、戊戌謝元瀛見君子文○後比煞句云、此時之瞻",待标注,"{""行款"":""半页9行，行29字"",""阅读痕迹"":[""圈点""]}",,
514,514.webp,514.png,三期,三期：圈点,"還要爲誰○
五十一西廂記○止爲要寫此一個人○便不得不又寫一個
人○一個人者○紅娘是也若使不寫紅娘○卻如何寫雙文○然
則西廂記寫紅娘○當知正是出力寫雙文○
五十二●西廂記所以寫此一個人者○爲有一個人○要寫此
一個人也有一個人者張生是也○若使張生不要爲雙文
又何故寫雙文然則西廂記○又有時寫張生者○當知正是
寫其所以要爲雙文之故也○
五十三●誠悟西廂記○寫紅娘○止爲鳯雙文寫張生亦止爲
寫雙文○便應悟西廂記决無股寫他夫人法本杜將軍等
人","還要爲誰○
五十一西廂記○止爲要寫此一個人○便不得不又寫一個
人○一個人者○紅娘是也若使不寫紅娘○卻如何寫雙文○然
則西廂記寫紅娘○當知正是出力寫雙文○
五十二●西廂記所以寫此一個人者○爲有一個人○要寫此
一個人也有一個人者張生是也○若使張生不要爲雙文
又何故寫雙文然則西廂記○又有時寫張生者○當知正是
寫其所以要爲雙文之故也○
五十三●誠悟西廂記○寫紅娘○止爲鳯雙文寫張生亦止爲
寫雙文○便應悟西廂記决無股寫他夫人法本杜將軍等
人",待标注,"{""行款"":""半页8行，行25字"",""阅读痕迹"":[""圈点""]}",,
515,515.webp,515.png,三期,三期：圈点,"中凜澟然侃侃然曾不可得面少假借者寫红娘直寫到
此田地時須悟全不是寫紅娘○須悟全是寫雙文○錦繡才
子○必知其故○
五十七●西廂記亦是偶爾寫他佳人才子○我曾細相其眼
法○手法○筆法○墨法○固不單會寫佳人才子也○任慿换卻題
敎他寫○他俱會寫○
五十八●若敎他寫諸葛公○百帝受托五丈出師○他便寫出
普天下○萬萬世○無數孤忠老臣○滿肚皮眼淚來○我何以知
之○我讀西廂記知之
五十九●若敎他寫王昭君慷慨請行琵琶出塞他便寫出
普天下萬萬世無數高才被屈人滿肚皮眼淚來○我讀西","中凜澟然侃侃然曾不可得面少假借者寫红娘直寫到
此田地時須悟全不是寫紅娘○須悟全是寫雙文○錦繡才
子○必知其故○
五十七●西廂記亦是偶爾寫他佳人才子○我曾細相其眼
法○手法○筆法○墨法○固不單會寫佳人才子也○任慿换卻題
敎他寫○他俱會寫○
五十八●若敎他寫諸葛公○百帝受托五丈出師○他便寫出
普天下○萬萬世○無數孤忠老臣○滿肚皮眼淚來○我何以知
之○我讀西廂記知之
五十九●若敎他寫王昭君慷慨請行琵琶出塞他便寫出
普天下萬萬世無數高才被屈人滿肚皮眼淚來○我讀西",待标注,"{""行款"":""半页8行，行24字"",""阅读痕迹"":[""圈点""]}",,
516,516.webp,516.png,三期,三期：圈点,"知文在题之後○便索性將题拽過了○卻重與之搖之曳之○
若不解此法○而誤向正位多寫作一行或兩行○便如晝死
人坐像○無非印板衣摺○縱復費盡續染○我見之早向新宅
中興鍾太傳矣
二十七●橫直波點聚謂之字○字相連謂之句○句相雜謂之
章○兒子五六歲了○必須敎其識字○識得字了○必須致其理
字爲句○連得五六七字爲句了○必須教其布句爲章○布句
爲意者○先教其布五六七旬爲一章○次敎其布十來多句
爲一章市得十來多仞爲一章時○又反敎其只布四句爲
一章三句爲一章○二句乃至一付爲一章○直到解得布一
句爲一意時○然後與他西厢記讀○","知文在题之後○便索性將题拽過了○卻重與之搖之曳之○
若不解此法○而誤向正位多寫作一行或兩行○便如晝死
人坐像○無非印板衣摺○縱復費盡續染○我見之早向新宅
中興鍾太傳矣
二十七●橫直波點聚謂之字○字相連謂之句○句相雜謂之
章○兒子五六歲了○必須敎其識字○識得字了○必須致其理
字爲句○連得五六七字爲句了○必須教其布句爲章○布句
爲意者○先教其布五六七旬爲一章○次敎其布十來多句
爲一章市得十來多仞爲一章時○又反敎其只布四句爲
一章三句爲一章○二句乃至一付爲一章○直到解得布一
句爲一意時○然後與他西厢記讀○",待标注,"{""行款"":""半页10行，行25字"",""阅读痕迹"":[""圈点""]}",,
517,517.webp,517.png,三期,三期：圈点,"經史百家雜鈔序例
姚姬傳氏之纂古文辭○分為十三類○余稍更易為十一類○曰論箸○曰詞賦○曰序跋○曰詔令
曰奏議○曰書牘○曰哀祭○曰傳誌○曰雜記○九者、余與姚氏同焉者也○曰贈序○姚氏所有而余
無焉者也○曰敍記○曰典志○余所有而姚氏無焉者也○曰頌贊○曰箴銘○姚氏所有余以附入
詞賦之下編○曰碑誌○姚氏所有○余以附入傳誌之下編○論次微有異同○大體不甚相逺○後
之君子○以參觀焉○
村塾古文○有選左傳者○識者或譏之○近世一二知文之士○纂錄古文○不復上及六經○以云
尊經○也然溯古文所以立名之始○乃由屏棄六朝駢儷之文○而返之於三代兩漢○今舍經
而降以相求○是猶言孝者○敬其父祖○而忘其髙曾○言忠者曰○我家臣耳○焉敢知國○將可乎
哉○余抄纂此編○每類必以六經冠其端○涓涓之水○以海為歸○無所於讓○也姚姬傳氏撰次
古文○不載史傳○其説以為史多不可勝錄○也然吾觀其奏議類中○錄漢書至三十八首○詔
令類中○錄漢書三十四首○果能屏諸史而不錄乎○余今所論次○釆輯史傳稍多○命之曰經
史百家雜抄云○湘鄉曾國藩識○
箸述門
【類三】
論箸類箸作之無韻者○經如洪範、大學、中庸、樂記、孟子、皆是○諸子曰篇、曰訓、曰覽、古文","經史百家雜鈔序例
姚姬傳氏之纂古文辭○分為十三類○余稍更易為十一類○曰論箸○曰詞賦○曰序跋○曰詔令
曰奏議○曰書牘○曰哀祭○曰傳誌○曰雜記○九者、余與姚氏同焉者也○曰贈序○姚氏所有而余
無焉者也○曰敍記○曰典志○余所有而姚氏無焉者也○曰頌贊○曰箴銘○姚氏所有余以附入
詞賦之下編○曰碑誌○姚氏所有○余以附入傳誌之下編○論次微有異同○大體不甚相逺○後
之君子○以參觀焉○
村塾古文○有選左傳者○識者或譏之○近世一二知文之士○纂錄古文○不復上及六經○以云
尊經○也然溯古文所以立名之始○乃由屏棄六朝駢儷之文○而返之於三代兩漢○今舍經
而降以相求○是猶言孝者○敬其父祖○而忘其髙曾○言忠者曰○我家臣耳○焉敢知國○將可乎
哉○余抄纂此編○每類必以六經冠其端○涓涓之水○以海為歸○無所於讓○也姚姬傳氏撰次
古文○不載史傳○其説以為史多不可勝錄○也然吾觀其奏議類中○錄漢書至三十八首○詔
令類中○錄漢書三十四首○果能屏諸史而不錄乎○余今所論次○釆輯史傳稍多○命之曰經
史百家雜抄云○湘鄉曾國藩識○
箸述門
【類三】
論箸類箸作之無韻者○經如洪範、大學、中庸、樂記、孟子、皆是○諸子曰篇、曰訓、曰覽、古文",待标注,"{""行款"":""半页11行，行40字"",""阅读痕迹"":[""圈点""]}",,
518,518.webp,518.png,三期,三期：圈点,"家曰論、曰辨、曰議、曰説、曰解、曰原、皆是○
詞賦類箸作之有韻者○經如詩之賦頌、書之五子作歌、皆是○後世曰賦、曰辭、曰騷、曰七、
曰設論、曰符命、曰頌、曰贊、曰箴、曰銘、曰歌、皆是○
序跋類他人之箸作○序述其意者○經如易之繫辭、禮記之冠義、昏義、皆是○後世曰序、曰
跋、曰引、曰題、曰讀、曰傳、曰注、曰箋、曰疏、曰説、曰解、皆是○
告語門
【類
四】
詔令類上告下者○經如甘誓、湯誓、牧誓○等大誥、康誥、酒誥等、皆是○後世曰誥、曰詔、曰諭、
曰令、曰教、曰敕、曰璽書、曰檄、曰策命、皆是○
奏議類下告上者○經如皋陶謨、無逸、召誥、及左傳季文子魏絳等諫君之辭、皆是○後世
曰書、曰疏、曰議、曰奏、曰表、曰劄子、曰封事、曰彈章、曰牋、曰對策、皆是○
書牘類同輩相告者○經如君奭、及左傳鄭子家叔向吕相之辭、皆是○後世曰書、曰啟、曰
移、白牘、曰簡、曰刀筆、曰帖、皆是○
哀祭類人告於鬼神者經如詩之黄烏、二子乘舟、書之武成、金滕祝辭、左傳荀偃趙簡
告辭、皆是○後世曰祭文、曰弔文、曰哀辭、曰誄、曰告祭、曰祝文、曰願文、曰招魂、皆是○
記載門
【類
四】","家曰論、曰辨、曰議、曰説、曰解、曰原、皆是○
詞賦類箸作之有韻者○經如詩之賦頌、書之五子作歌、皆是○後世曰賦、曰辭、曰騷、曰七、
曰設論、曰符命、曰頌、曰贊、曰箴、曰銘、曰歌、皆是○
序跋類他人之箸作○序述其意者○經如易之繫辭、禮記之冠義、昏義、皆是○後世曰序、曰
跋、曰引、曰題、曰讀、曰傳、曰注、曰箋、曰疏、曰説、曰解、皆是○
告語門
【類
四】
詔令類上告下者○經如甘誓、湯誓、牧誓○等大誥、康誥、酒誥等、皆是○後世曰誥、曰詔、曰諭、
曰令、曰教、曰敕、曰璽書、曰檄、曰策命、皆是○
奏議類下告上者○經如皋陶謨、無逸、召誥、及左傳季文子魏絳等諫君之辭、皆是○後世
曰書、曰疏、曰議、曰奏、曰表、曰劄子、曰封事、曰彈章、曰牋、曰對策、皆是○
書牘類同輩相告者○經如君奭、及左傳鄭子家叔向吕相之辭、皆是○後世曰書、曰啟、曰
移、白牘、曰簡、曰刀筆、曰帖、皆是○
哀祭類人告於鬼神者經如詩之黄烏、二子乘舟、書之武成、金滕祝辭、左傳荀偃趙簡
告辭、皆是○後世曰祭文、曰弔文、曰哀辭、曰誄、曰告祭、曰祝文、曰願文、曰招魂、皆是○
記載門
【類
四】",待标注,"{""行款"":""半页10行，行39字"",""阅读痕迹"":[""圈点""]}",,
519,519.webp,519.png,三期,三期：圈点,"於其外●牌爲屋宇●以居學者●於是魯之父老●諸生游士●睹廟堂之始復●觀俎豆之初設●
嘉聖靈於髣髴●想箱祥之來集●乃慨然而款曰●大道衰廢●禮樂超滅●三十餘年●皇上懐
仁聖之懿德●兼二儀之化育●廣大包於無方●淵深淪於不測●故自受命以來●天人咸和●
神氣氤氲●嘉瑞踵武●休徽屢臻●殊俗解編髮而慕義●江夷越险阻而來賓●雖太皥遊龍
以君世●虞氏儀鳳以臨民●伯禹命元宮而爲夏后●西伯由岐社而爲周文●尙何足稱於
大魏哉●若乃紹微絕●典修官●咨稽古●崇配乾坤●況神明之所福●作宇省之所親●
欣欣之色●豈徒魯邦而已哉●爾乃感殷人路寢之義●嘉先民泮宮之事●以爲高宗僖公●
蓋嗣世之王●諸侯之國耳●猶著德於三代●腾聲於千載●祝今聖王●肇造區夏●创業垂統●
受命之日●曾米下與●而褒美大聖●隆化如此●能無頌乎●乃作頌曰●
煌煌大魏●受命溥将●繼體黄唐●包夏含商●降釐下土●廓淸三光●羣祀咸秩●靡事不綱●嘉
彼元聖●有林其靈●遭世霖亂●莫顯其榮●褒成旣絕●寢烟斯倾●闕里萧條●靡招靡馨●我皇
悼之●其世武●乃建宗聖●以招吸後●修復舊堂●豐北业宇●莘幸學徒●爱居爱處●王救旣
新●羣小遄沮●魯道以與●永作憲矩●洪聲豈遐●神衹來和●休徵雜遝●瑞我邦家●内光區域●
外被洗波●殊方慕義●搏拊揚歌●於赫四聖●運世應期●仲尼旣没●文亦在茲●彬彬我后●越
而五之●垂於億載●如山之基●
陸機洗高祖功臣颂
相國都文總侯沛萧何●相國平陽懿侯沛曹參●太子少傅留文成侯教張良●承相曲逆
獻侯陽武陳平●楚王淮隆韓信●梁王昌邑影越●淮南王六恩布●趙景王大梁張耳●韓王
韓信●燕王豐🈳綰●長沙文王吳芮●荆王沛劉賈●太傅安國懿侯王陵●左丞相緯武侯沛
周勃●相國舞陽侯沛樊噲●右承相曲周景侯高陽鄜商●太僕汝陰文侯沛夏侯婴●永相
潁阳懿侯睢陽灌婴●代丞相陽陵景侯魏傅寬●車騎将軍●信武肅侯靳歙●大行廣野君
高陽郦食其●中郎建信使齊劉敬●大中大夫楚陸賈●太子太傅稷嗣君薛叔孫通●魏無
知●證軍中尉隨何●新城三老董公●轅生●将軍紀信●御史大夫沛周苛●平國君侯公●右三
十一人●與定天下安社稷者也●頌曰●
芒芒宇宙●上墋下🈳●波振四海●塵飛五岳●九服徘徊●三靈改卜●赫矣高祖●肇載天祿●沈
迹中鄉●飛名帝錄●慶雲應烟●🈳階授木●龍興泗濱●虎嘯豐谷●彤雲書聚●素靈夜哭●金精
仍頹●朱光以渥●萬邦宅心●駿民效足●堂堂萧公●王迹是因●綢繆叡后●無競維人●外濟六
師●内撫三泰●拔奇●夷●難●邁德●振●民●體國●垂●制●上穆●下●親●名蓋●羣后●是謂宗臣●平陽樂道●","於其外●牌爲屋宇●以居學者●於是魯之父老●諸生游士●睹廟堂之始復●觀俎豆之初設●
嘉聖靈於髣髴●想箱祥之來集●乃慨然而款曰●大道衰廢●禮樂超滅●三十餘年●皇上懐
仁聖之懿德●兼二儀之化育●廣大包於無方●淵深淪於不測●故自受命以來●天人咸和●
神氣氤氲●嘉瑞踵武●休徽屢臻●殊俗解編髮而慕義●江夷越险阻而來賓●雖太皥遊龍
以君世●虞氏儀鳳以臨民●伯禹命元宮而爲夏后●西伯由岐社而爲周文●尙何足稱於
大魏哉●若乃紹微絕●典修官●咨稽古●崇配乾坤●況神明之所福●作宇省之所親●
欣欣之色●豈徒魯邦而已哉●爾乃感殷人路寢之義●嘉先民泮宮之事●以爲高宗僖公●
蓋嗣世之王●諸侯之國耳●猶著德於三代●腾聲於千載●祝今聖王●肇造區夏●创業垂統●
受命之日●曾米下與●而褒美大聖●隆化如此●能無頌乎●乃作頌曰●
煌煌大魏●受命溥将●繼體黄唐●包夏含商●降釐下土●廓淸三光●羣祀咸秩●靡事不綱●嘉
彼元聖●有林其靈●遭世霖亂●莫顯其榮●褒成旣絕●寢烟斯倾●闕里萧條●靡招靡馨●我皇
悼之●其世武●乃建宗聖●以招吸後●修復舊堂●豐北业宇●莘幸學徒●爱居爱處●王救旣
新●羣小遄沮●魯道以與●永作憲矩●洪聲豈遐●神衹來和●休徵雜遝●瑞我邦家●内光區域●
外被洗波●殊方慕義●搏拊揚歌●於赫四聖●運世應期●仲尼旣没●文亦在茲●彬彬我后●越
而五之●垂於億載●如山之基●
陸機洗高祖功臣颂
相國都文總侯沛萧何●相國平陽懿侯沛曹參●太子少傅留文成侯教張良●承相曲逆
獻侯陽武陳平●楚王淮隆韓信●梁王昌邑影越●淮南王六恩布●趙景王大梁張耳●韓王
韓信●燕王豐🈳綰●長沙文王吳芮●荆王沛劉賈●太傅安國懿侯王陵●左丞相緯武侯沛
周勃●相國舞陽侯沛樊噲●右承相曲周景侯高陽鄜商●太僕汝陰文侯沛夏侯婴●永相
潁阳懿侯睢陽灌婴●代丞相陽陵景侯魏傅寬●車騎将軍●信武肅侯靳歙●大行廣野君
高陽郦食其●中郎建信使齊劉敬●大中大夫楚陸賈●太子太傅稷嗣君薛叔孫通●魏無
知●證軍中尉隨何●新城三老董公●轅生●将軍紀信●御史大夫沛周苛●平國君侯公●右三
十一人●與定天下安社稷者也●頌曰●
芒芒宇宙●上墋下🈳●波振四海●塵飛五岳●九服徘徊●三靈改卜●赫矣高祖●肇載天祿●沈
迹中鄉●飛名帝錄●慶雲應烟●🈳階授木●龍興泗濱●虎嘯豐谷●彤雲書聚●素靈夜哭●金精
仍頹●朱光以渥●萬邦宅心●駿民效足●堂堂萧公●王迹是因●綢繆叡后●無競維人●外濟六
師●内撫三泰●拔奇●夷●難●邁德●振●民●體國●垂●制●上穆●下●親●名蓋●羣后●是謂宗臣●平陽樂道●",待标注,"{""行款"":""半页12行，行41字"",""阅读痕迹"":[""圈点""]}",,
520,520.webp,520.png,三期,三期：圈点,"附會平勃●夷凶剪亂●所謂伊人●邦家之彥●百王之極●舊章靡存●漢雖器期●朝俄則昏●稷
嗣制禮●下肅上价●穆秘桥业●烟北盈門●風睎三代●憲流移昆●無知权敝●獨昭脊冰●泰你
蕭相脱同師銀●隨何批達●因春於敵●好漢披炒●惟生之结●皤皤米业●謀我平陰●三軍縞
索●天下城心●露生秀期●沈心善照●漢旆南提●整威自挑●大略淵回●元功业効●源越惟人●
何識之妙●紀信萧項●招軒是乘●摄客赴節●用花孰懲●身奥烟銷●名奥胤业●周背悦恢●心
若懷冰●刑可以暴●志不可淩●貞杭●偕●沼●亮冰●雙●外●帝心爾麻●後嗣是巫●天地●啡●顺●王心
有●粱●侈双望烟●永营長悲●伙公伏杭●星媒來腊●是謂平國●寵命有烟●健●国●過●物●洲●濁効●
響●大人千肌●利在做往●弘海者川●果山惟地●韶浙錯皆●衰龍业象●明明聚齿●同济天網●
创宣其利●婴献其明●文武四充●洮怡克廣●悠悠源風●千載是仰●
隧然焚放期普
榮放期者●周時人也●值衰世之季大●當王道之婚凌●遂院居京股●清物求已●沂僧元妙
之門●求量希微之域●天子不得而臣●諸侯不得而友●行年九忄●被裘鼓琴而歌●孔子過
之問曰●先生何业●容口●吾樂北北●天生萬物●惟人爲世●吾得爲人矣●是一樂业●以男爲
世●吾又得爲男矣●是二樂也●或不免於福褓●而吾行年九十●是三樂也●夫貧者●士之常
也死固命之終也●居常待終●當何减平●孔子心北音●爲之三日悲●常披那椰索●行吟於
路曰●吾著级者何求●桥索者何索遂放志一邱●滅景楼诚●居滨思业之林●利涉忘亚之
酒●以卒其天年●榮湘溢世●不足以盈北心●萬物金陳●不足以易其樂招景发霄之表●酒
志北源之津●豈北天滨至卖●體正含和者哉●友人有阁北象者●命爲之智●北都曰●
普严至道●天啟德心●自費涣民●遁志山林救矣光生●如龍之酒●夷明收察●滅迹在陰●傲
世求己●造物自伙●景源玫你●響和絕音●杰彼邱園●研道之微●思榭寒泉●薄採春经●鳴经
淸泛●撫都高微●有型戾止●永言体悲●天造草味●負道是浙●於洲先生●旣體斯和●能羅作
祥●蓄聚皤皤●厥此三樂●清彼世華●服翠彼路●行吟以遊●的的黻器●店我娜裘●水脱亂世●
受言一邱●媚四常道●训以忘亚●
張華女史箴
茫招酒花●兩依始分●散级流形●旣陶旣甄●在帝府物●盛經天人●分始夫婦●以及君臣●家
道以正●而王欲有俭●妮休尙柔●含章貞吉●婉娩淑惺●正位居常●樊顺感州●不食鲜禽●衛
女矯相●耳忘和音●志厲新高●而二主易心●元能器檻●浙阳科匯●夫豈無畏●知死不协●班
务有辭●刻歡同替●夫豈不懷●防做业酒道罔隆而不爱●物無盛而不育●日中則昃月滿","附會平勃●夷凶剪亂●所謂伊人●邦家之彥●百王之極●舊章靡存●漢雖器期●朝俄則昏●稷
嗣制禮●下肅上价●穆秘桥业●烟北盈門●風睎三代●憲流移昆●無知权敝●獨昭脊冰●泰你
蕭相脱同師銀●隨何批達●因春於敵●好漢披炒●惟生之结●皤皤米业●謀我平陰●三軍縞
索●天下城心●露生秀期●沈心善照●漢旆南提●整威自挑●大略淵回●元功业効●源越惟人●
何識之妙●紀信萧項●招軒是乘●摄客赴節●用花孰懲●身奥烟銷●名奥胤业●周背悦恢●心
若懷冰●刑可以暴●志不可淩●貞杭●偕●沼●亮冰●雙●外●帝心爾麻●後嗣是巫●天地●啡●顺●王心
有●粱●侈双望烟●永营長悲●伙公伏杭●星媒來腊●是謂平國●寵命有烟●健●国●過●物●洲●濁効●
響●大人千肌●利在做往●弘海者川●果山惟地●韶浙錯皆●衰龍业象●明明聚齿●同济天網●
创宣其利●婴献其明●文武四充●洮怡克廣●悠悠源風●千載是仰●
隧然焚放期普
榮放期者●周時人也●值衰世之季大●當王道之婚凌●遂院居京股●清物求已●沂僧元妙
之門●求量希微之域●天子不得而臣●諸侯不得而友●行年九忄●被裘鼓琴而歌●孔子過
之問曰●先生何业●容口●吾樂北北●天生萬物●惟人爲世●吾得爲人矣●是一樂业●以男爲
世●吾又得爲男矣●是二樂也●或不免於福褓●而吾行年九十●是三樂也●夫貧者●士之常
也死固命之終也●居常待終●當何减平●孔子心北音●爲之三日悲●常披那椰索●行吟於
路曰●吾著级者何求●桥索者何索遂放志一邱●滅景楼诚●居滨思业之林●利涉忘亚之
酒●以卒其天年●榮湘溢世●不足以盈北心●萬物金陳●不足以易其樂招景发霄之表●酒
志北源之津●豈北天滨至卖●體正含和者哉●友人有阁北象者●命爲之智●北都曰●
普严至道●天啟德心●自費涣民●遁志山林救矣光生●如龍之酒●夷明收察●滅迹在陰●傲
世求己●造物自伙●景源玫你●響和絕音●杰彼邱園●研道之微●思榭寒泉●薄採春经●鳴经
淸泛●撫都高微●有型戾止●永言体悲●天造草味●負道是浙●於洲先生●旣體斯和●能羅作
祥●蓄聚皤皤●厥此三樂●清彼世華●服翠彼路●行吟以遊●的的黻器●店我娜裘●水脱亂世●
受言一邱●媚四常道●训以忘亚●
張華女史箴
茫招酒花●兩依始分●散级流形●旣陶旣甄●在帝府物●盛經天人●分始夫婦●以及君臣●家
道以正●而王欲有俭●妮休尙柔●含章貞吉●婉娩淑惺●正位居常●樊顺感州●不食鲜禽●衛
女矯相●耳忘和音●志厲新高●而二主易心●元能器檻●浙阳科匯●夫豈無畏●知死不协●班
务有辭●刻歡同替●夫豈不懷●防做业酒道罔隆而不爱●物無盛而不育●日中則昃月滿",待标注,"{""行款"":""半页12行，行41字"",""阅读痕迹"":[""圈点""]}",,
521,521.webp,521.png,三期,三期：圈点,"維刀鋸不加●理亂不知●物陟不聞●大丈●夫●不●遇●於●時●者●之●所●爲●也●我則●行●之●伺候於公
卿之門●奔走於形勢之途●足将進而趦趄●口将言而囁嚅●處穢污而不羞●觸刑辟而誅
戮●缴倖●於●萬●一●老●死●而後●止●者●北於●爲●人●賢●不●肖●何●如●也●昌黎●韓●愈●聞其●言●而●壯●之●與
之●酒●而●爲●之●歌●曰●盤之中●維子之宫●盤之土●可以稼●整之泉●可漆可沿●整之阻●誰爭子
所●窈而深●廓其有容●缭而曲●如往而復●嗟盤之樂兮●樂且無央●虎豹遠迹兮●蛟龍遁藏●
鬼神守護兮呵禁不祥饮且食兮壽而康無不足兮公所望膏吾車兮秣吾馬從子於
盤兮●終吾生以徜祥●
韓愈送王秀才塤序
吾●嘗●以●爲●孔●子●之●道●大●而●能●博●門弟●子●不●能●徧●觀●而●盡●識●也●故學●焉●而●皆●得●其●性●之●所●
近●其後離散分處諸侯之國●又各以所能授弟子●原遠而末益分●蓋子夏之學●其後有
田子方●子方之後●流而爲莊周故周●之書喜稱子方之爲人●茍卿之書●語聖人必曰孔
子子弓●子弓之事業不傅●惟太史公書弟子傅●有姓名●字曰馯臂子司子弓●受易於商
瞿●孟柯師子思●子思之學●蓋出曾子●自孔子没●羣弟子莫不有書●獨孟柯氏之傳得其
宗●故吾少面樂觀焉●太原王塤●示予所爲文●好舉孟子之所道者●與之言●信悦孟子而
屢赞其文辭●夫沿河而下●苟不止●雖有遲疾●必至於海●如不得其道也●雖疾不止●終莫
幸而至焉●故學者必愼其所道●道於楊墨老莊佛之學●而欲之聖人之道●猶航斷港絕
潢●以望至於海也●故求觀聖人之道●必自孟子始●今塤之所由●旣幾於知道●如又得其
船與檝●知沿而不止●嗚呼●其可量也哉●
柳宗元論語辨二首
或問曰●儒者稱論語孔子弟子所記●信乎●曰●未然也●孔子弟子仲必最少●少孔子四十
六歲●曾子老而死●是書記曾子之死●則去孔子也遠矣●曾子之死●孔子弟子略無存者
已●吾意曾子弟子之爲之也●何也●且是書載弟子必以字●獨曾子有子不然●由是言之●
弟子之號之也●然則有子何以稱子●曰●孔子之歿也●諸弟子以有若爲似夫子●立而師
之●北後不能對諸子之問●乃叱避而退●則固嘗有師之號矣●今所記曾子獨最後死余
是以知之●蓋樂正子春子思之徒奥爲之爾●或曰●仲尼弟子嘗雅記其言●然而卒成其
書者●曾氏之徒也●
尭曰咨爾舜●天之厯數在爾躬●四海困窮●天祿永終●舜亦以金禹●余小子履●政用玄牡●
敢昭吿於皇天后土●有罪不敢赦●萬方有罪●罪在股躬●股躬有罪●無以爾萬方●成問之","維刀鋸不加●理亂不知●物陟不聞●大丈●夫●不●遇●於●時●者●之●所●爲●也●我則●行●之●伺候於公
卿之門●奔走於形勢之途●足将進而趦趄●口将言而囁嚅●處穢污而不羞●觸刑辟而誅
戮●缴倖●於●萬●一●老●死●而後●止●者●北於●爲●人●賢●不●肖●何●如●也●昌黎●韓●愈●聞其●言●而●壯●之●與
之●酒●而●爲●之●歌●曰●盤之中●維子之宫●盤之土●可以稼●整之泉●可漆可沿●整之阻●誰爭子
所●窈而深●廓其有容●缭而曲●如往而復●嗟盤之樂兮●樂且無央●虎豹遠迹兮●蛟龍遁藏●
鬼神守護兮呵禁不祥饮且食兮壽而康無不足兮公所望膏吾車兮秣吾馬從子於
盤兮●終吾生以徜祥●
韓愈送王秀才塤序
吾●嘗●以●爲●孔●子●之●道●大●而●能●博●門弟●子●不●能●徧●觀●而●盡●識●也●故學●焉●而●皆●得●其●性●之●所●
近●其後離散分處諸侯之國●又各以所能授弟子●原遠而末益分●蓋子夏之學●其後有
田子方●子方之後●流而爲莊周故周●之書喜稱子方之爲人●茍卿之書●語聖人必曰孔
子子弓●子弓之事業不傅●惟太史公書弟子傅●有姓名●字曰馯臂子司子弓●受易於商
瞿●孟柯師子思●子思之學●蓋出曾子●自孔子没●羣弟子莫不有書●獨孟柯氏之傳得其
宗●故吾少面樂觀焉●太原王塤●示予所爲文●好舉孟子之所道者●與之言●信悦孟子而
屢赞其文辭●夫沿河而下●苟不止●雖有遲疾●必至於海●如不得其道也●雖疾不止●終莫
幸而至焉●故學者必愼其所道●道於楊墨老莊佛之學●而欲之聖人之道●猶航斷港絕
潢●以望至於海也●故求觀聖人之道●必自孟子始●今塤之所由●旣幾於知道●如又得其
船與檝●知沿而不止●嗚呼●其可量也哉●
柳宗元論語辨二首
或問曰●儒者稱論語孔子弟子所記●信乎●曰●未然也●孔子弟子仲必最少●少孔子四十
六歲●曾子老而死●是書記曾子之死●則去孔子也遠矣●曾子之死●孔子弟子略無存者
已●吾意曾子弟子之爲之也●何也●且是書載弟子必以字●獨曾子有子不然●由是言之●
弟子之號之也●然則有子何以稱子●曰●孔子之歿也●諸弟子以有若爲似夫子●立而師
之●北後不能對諸子之問●乃叱避而退●則固嘗有師之號矣●今所記曾子獨最後死余
是以知之●蓋樂正子春子思之徒奥爲之爾●或曰●仲尼弟子嘗雅記其言●然而卒成其
書者●曾氏之徒也●
尭曰咨爾舜●天之厯數在爾躬●四海困窮●天祿永終●舜亦以金禹●余小子履●政用玄牡●
敢昭吿於皇天后土●有罪不敢赦●萬方有罪●罪在股躬●股躬有罪●無以爾萬方●成問之",待标注,"{""行款"":""半页12行，行39字"",""阅读痕迹"":[""圈点""]}",,
522,522.webp,522.png,三期,三期：圈点,"經史百家𮦀鈔卷七
合肥李鴻章校刊
湘鄉曾國藩纂
詞賦之屬下編二
曹植制命宗聖侯孔羡奉家祀碑
維黄初元年●大魏受命●龍軒轅之高蹤●紹成氏之遐統●應厯数以改物●揭仁風以作教●
於是輯五瑞●班宗彝●鈞衡石●同度量●秩羣祀於無文●顺天時以布化●旣乃緝熙聖緒●紹
源上世●追存三代之禮●兼紹宣尼之後●以魯縣百戶●命孔子二十一世孫議郎孔羡爲
宗聖侯●以米孔子之祀●制詔三公曰●昔仲尼負大聖之●才懷帝王之器●當衰周之末●而
無受命之運●在魯衙之朝●教化洙泗之上●栖栖焉●皇皇焉●欲屈己以存道●貶身以救世●
於是王公終莫能用之●乃退考五代之禮●修素王之事●因魯史而制春秋●就太史而正
雅頌●俾千載之後●莫不宗其文以述作●仰其聖以謀咨●可謂命世大聖●億載之師表者
也●遭天下大亂●百祀附壞●舊居之廟●毁而不修●褻成之後●絕而莫繼●闕里不聞講誦之
聲●四時不睹蒸嘗之位●斯豈所謂崇禮報功●盛德必百世祀者哉●嗟乎●朕甚悯焉●其以
議郖孔羨爲宗聖侯●邑百户●奉孔子之祀●令魯郡修起舊廟●置百戶卒史以守術之●又","經史百家𮦀鈔卷七
合肥李鴻章校刊
湘鄉曾國藩纂
詞賦之屬下編二
曹植制命宗聖侯孔羡奉家祀碑
維黄初元年●大魏受命●龍軒轅之高蹤●紹成氏之遐統●應厯数以改物●揭仁風以作教●
於是輯五瑞●班宗彝●鈞衡石●同度量●秩羣祀於無文●顺天時以布化●旣乃緝熙聖緒●紹
源上世●追存三代之禮●兼紹宣尼之後●以魯縣百戶●命孔子二十一世孫議郎孔羡爲
宗聖侯●以米孔子之祀●制詔三公曰●昔仲尼負大聖之●才懷帝王之器●當衰周之末●而
無受命之運●在魯衙之朝●教化洙泗之上●栖栖焉●皇皇焉●欲屈己以存道●貶身以救世●
於是王公終莫能用之●乃退考五代之禮●修素王之事●因魯史而制春秋●就太史而正
雅頌●俾千載之後●莫不宗其文以述作●仰其聖以謀咨●可謂命世大聖●億載之師表者
也●遭天下大亂●百祀附壞●舊居之廟●毁而不修●褻成之後●絕而莫繼●闕里不聞講誦之
聲●四時不睹蒸嘗之位●斯豈所謂崇禮報功●盛德必百世祀者哉●嗟乎●朕甚悯焉●其以
議郖孔羨爲宗聖侯●邑百户●奉孔子之祀●令魯郡修起舊廟●置百戶卒史以守術之●又",待标注,"{""行款"":""半页10行，行40字"",""阅读痕迹"":[""圈点""]}",,
523,523.webp,523.png,三期,三期：圈点,"鈿匣、菱、花、錦、帶、垂、○靜、臨、蘭、檻、卸、頭、時、○約、鬟、低、珥、
算、歸、期、○茂苑草靑湘渚濶○夢○餘○空○有○漏○依○依○
二年終曰損芳扉○
其三
粉上依稀有淚痕○郡庭花落、歛黃昏○逺情深恨
與誰論○記得去年寒食日○延秋門外卓金輪○
曰斜人散暗銷魂○
其四","鈿匣、菱、花、錦、帶、垂、○靜、臨、蘭、檻、卸、頭、時、○約、鬟、低、珥、
算、歸、期、○茂苑草靑湘渚濶○夢○餘○空○有○漏○依○依○
二年終曰損芳扉○
其三
粉上依稀有淚痕○郡庭花落、歛黃昏○逺情深恨
與誰論○記得去年寒食日○延秋門外卓金輪○
曰斜人散暗銷魂○
其四",待标注,"{""行款"":""半页2行，行37字"",""阅读痕迹"":[""圈点""]}",,
524,524.webp,524.png,三期,三期：圈点,"江、館、淸、秋、纜、客、船、故、人、相、送、夜、開、筵、麝、烟、蘭、燄、
簇、花、鈿、正、是、斷、魂、迷、楚、雨、○不、堪、離、恨、咽、湘、絃、○
月、高、霜、白、水、連、天、○
其七
傾國傾城恨有餘、幾、多、紅、淚、泣、姑、蘇、倚、風、凝、睇、
雪、肌、膚、○吳主山河空落日○越王宫殿半平蕪○
藕○花○菱○蔓○滿○重○湖○
其八","江、館、淸、秋、纜、客、船、故、人、相、送、夜、開、筵、麝、烟、蘭、燄、
簇、花、鈿、正、是、斷、魂、迷、楚、雨、○不、堪、離、恨、咽、湘、絃、○
月、高、霜、白、水、連、天、○
其七
傾國傾城恨有餘、幾、多、紅、淚、泣、姑、蘇、倚、風、凝、睇、
雪、肌、膚、○吳主山河空落日○越王宫殿半平蕪○
藕○花○菱○蔓○滿○重○湖○
其八",待标注,"{""行款"":""半页4行，行36字"",""阅读痕迹"":[""圈点""]}",,
525,525.webp,525.png,三期,三期：圈点,"其五
褭翠籠煙拂暖波○舞裙新染麴塵羅○章華臺畔
隨堤上○𠊓得春風爾許多
女冠子
綠雲高髻、點翠匀紅時世、月如眉、淺○笑○含○雙○靨○
低○聲○唱○小○詞○●眼○㸔○惟○恐○化○魂○蕩○欲○相○隨○玉趾
廻嬌歩○約佳期○
其二
八
花間集卷二","其五
褭翠籠煙拂暖波○舞裙新染麴塵羅○章華臺畔
隨堤上○𠊓得春風爾許多
女冠子
綠雲高髻、點翠匀紅時世、月如眉、淺○笑○含○雙○靨○
低○聲○唱○小○詞○●眼○㸔○惟○恐○化○魂○蕩○欲○相○隨○玉趾
廻嬌歩○約佳期○
其二
八
花間集卷二",待标注,"{""行款"":""半页3行，行33字"",""阅读痕迹"":[""圈点""]}",,
526,526.webp,526.png,三期,三期：圈点,"蘇文卷之一
刑賞忠厚之至
【省試】
<此東坡所作時論也天
才燦达自不可及>
<茅康門日束
波試論文字
悠楊婉宕塲
屋中極利者
也>
堯、舜、禹、湯、文、武、成、康、之、際、○何、其、愛、民、之、深、○憂、民、之、
切、○而、待、天、下、以、君、子、長、者、之、道、也、○有○一○善○從○而○賞○
之○又○從○而○咏○歌○嗟○歎○之○所○以○樂○其○始○而○勉○其○終○有○
一○不○善○從○而○罰○之○又○從○而○哀○矜○懲○創○之○所○以○棄○其○
舊○而○開○其○新○故○其○阡○俞○之○聲○歡○休○慘○戚○見○干○虞○夏○
商○周○之○書○成康旣没○穆王立而周道始衰○然猶命
其臣呂矦而告之以祥刑○其言憂而不傷○威而不","蘇文卷之一
刑賞忠厚之至
【省試】
<此東坡所作時論也天
才燦达自不可及>
<茅康門日束
波試論文字
悠楊婉宕塲
屋中極利者
也>
堯、舜、禹、湯、文、武、成、康、之、際、○何、其、愛、民、之、深、○憂、民、之、
切、○而、待、天、下、以、君、子、長、者、之、道、也、○有○一○善○從○而○賞○
之○又○從○而○咏○歌○嗟○歎○之○所○以○樂○其○始○而○勉○其○終○有○
一○不○善○從○而○罰○之○又○從○而○哀○矜○懲○創○之○所○以○棄○其○
舊○而○開○其○新○故○其○阡○俞○之○聲○歡○休○慘○戚○見○干○虞○夏○
商○周○之○書○成康旣没○穆王立而周道始衰○然猶命
其臣呂矦而告之以祥刑○其言憂而不傷○威而不",待标注,"{""行款"":""半页6行，行38字"",""阅读痕迹"":[""圈点""]}",,
527,527.webp,527.png,三期,三期：圈点,"怒○慈愛而能斷○惻然有哀憐無辜之心○故孔子猶
<従與從去正
是忠厚之至
宗方城曰獨
舉堯以爲舜
禹湯文武之
例刑賞忠厚
意便躍地>
有取焉○-傳-日○-賞-疑-從-與○-所-以-廣-恩-也○-罰-疑-從-去○-所-
-以-愼-刑-也-○當堯之時○臯陶爲士○將殺人○臯陶日○殺
之三○堯日○宥之三○故天下畏臯陶執法之堅○而樂
堯用刑之寛○四岳日○鯀可用○堯日○不可○鯀方命圯
<茅鹿門曰將
虗情作寔案>
族○旣而日○試之○何、堯、之、不、聽、臯、陶、之、殺、人、○而、從、四、
岳、之、用、鯀、也、○然則聖人之意○盖亦可見矣○書日○罪
疑惟輕○功疑惟重○與其殺不辜○寧失不經○嗚呼○盡
<茅康門日可
以賞以下方
入本来話頭>
之矣○可以賞○可以無賞○賞之過乎仁○可以罰○可以
無罰○罰之過乎義○過乎仁○不失爲君子○過乎義○則
流而入於忍人○故仁可過也○義不可過也○古、者、賞、
<好筆意>
不、以、爵、禄、○刑、不、以、刀、鋸、○賞、以、爵、祿、○是、賞、之、道、○行、於、
爵、祿、之、所、加、○而、不、行、於、爵、祿、之、所、不、加、也、○刑、以、刀、
鋸、○是、刑、之、威、○施、於、刀、鋸、之、所、及、○而、不、施、於、刀、鋸、之、
所、不、及、也、○先○王○知○天○下○之○善○不○勝○賞○○而○爵○祿○不○足○
以○勸○也○○知○天○下○之○惡○不○勝○刑○○而○刀○鋸○不○足○以○裁○也○○
-是-故-疑-則-舉-而-歸-之-於-仁-○以○君○子○長○者○之○道○待○天○
下○使○天○下○相○率○而○歸○於○君○子○長○者○之○道○故○日○忠○厚○","怒○慈愛而能斷○惻然有哀憐無辜之心○故孔子猶
<従與從去正
是忠厚之至
宗方城曰獨
舉堯以爲舜
禹湯文武之
例刑賞忠厚
意便躍地>
有取焉○-傳-日○-賞-疑-從-與○-所-以-廣-恩-也○-罰-疑-從-去○-所-
-以-愼-刑-也-○當堯之時○臯陶爲士○將殺人○臯陶日○殺
之三○堯日○宥之三○故天下畏臯陶執法之堅○而樂
堯用刑之寛○四岳日○鯀可用○堯日○不可○鯀方命圯
<茅鹿門曰將
虗情作寔案>
族○旣而日○試之○何、堯、之、不、聽、臯、陶、之、殺、人、○而、從、四、
岳、之、用、鯀、也、○然則聖人之意○盖亦可見矣○書日○罪
疑惟輕○功疑惟重○與其殺不辜○寧失不經○嗚呼○盡
<茅康門日可
以賞以下方
入本来話頭>
之矣○可以賞○可以無賞○賞之過乎仁○可以罰○可以
無罰○罰之過乎義○過乎仁○不失爲君子○過乎義○則
流而入於忍人○故仁可過也○義不可過也○古、者、賞、
<好筆意>
不、以、爵、禄、○刑、不、以、刀、鋸、○賞、以、爵、祿、○是、賞、之、道、○行、於、
爵、祿、之、所、加、○而、不、行、於、爵、祿、之、所、不、加、也、○刑、以、刀、
鋸、○是、刑、之、威、○施、於、刀、鋸、之、所、及、○而、不、施、於、刀、鋸、之、
所、不、及、也、○先○王○知○天○下○之○善○不○勝○賞○○而○爵○祿○不○足○
以○勸○也○○知○天○下○之○惡○不○勝○刑○○而○刀○鋸○不○足○以○裁○也○○
-是-故-疑-則-舉-而-歸-之-於-仁-○以○君○子○長○者○之○道○待○天○
下○使○天○下○相○率○而○歸○於○君○子○長○者○之○道○故○日○忠○厚○",待标注,"{""行款"":""半页18行，行24字"",""阅读痕迹"":[""圈点""]}",,
528,528.webp,528.png,三期,三期：圈点,"二年初伏○正義云、六、月、三、伏、之、齡、○秦、徳、公、為、之、○故曰
初伏○又年表云、初作伏祠社磔狗邑四門即其事也○
近曰伏祭、巳不聞舉行民間、春秋醵錢祠醮猶名曰
社、但用之梵宇叢祠、亦未有知報地德者○失本意矣○
解伏者云、火、氣、猶、烈、○金、遇、之、而、伏、○但推其義○而不指
其事○義於何附○
俗莭飲酒○皆古人祭祀之期也○酒誥云、祀兹酒、古人
無泛然飮酒者○皆祭畢而後飲○祭有常期○故飲亦
有常時○後世祭禮鬬○而飲酒如故○遂成俗○莭如元、霄、
始、扵、漢、家、○常以正月上辛祠太乙甘泉○以昏時祠到
眀○後世倣以為燈莭○春祈秋報○率以仲月○因、有、中、和、
莭、花、朝、月、夕、之、飲、○三月民間有上墓之祭○因、有、清、明、
之、飲○五月五曰弔屈原○因飲、端、午、○近代因祀闗壮繆○
飲、五、月、十、三、○夏至冬至並時祭常期夏禴祭薄尚聲、
故飲酒盛扵冬、而衰扵夏、九月祭禰○故、飲、重、陽、○伏祠
磔狗○意、主、禳、除、○七月十五伊蒲之供○出於佛氏皆不
立飲節、臘蜡祈年、並扵十二月、而聚㑹飲食、亦扵是
月焉○古人因、祭、而、飲、酒、○後、人、崇、飲、而、忘、祭、○不朦三代","二年初伏○正義云、六、月、三、伏、之、齡、○秦、徳、公、為、之、○故曰
初伏○又年表云、初作伏祠社磔狗邑四門即其事也○
近曰伏祭、巳不聞舉行民間、春秋醵錢祠醮猶名曰
社、但用之梵宇叢祠、亦未有知報地德者○失本意矣○
解伏者云、火、氣、猶、烈、○金、遇、之、而、伏、○但推其義○而不指
其事○義於何附○
俗莭飲酒○皆古人祭祀之期也○酒誥云、祀兹酒、古人
無泛然飮酒者○皆祭畢而後飲○祭有常期○故飲亦
有常時○後世祭禮鬬○而飲酒如故○遂成俗○莭如元、霄、
始、扵、漢、家、○常以正月上辛祠太乙甘泉○以昏時祠到
眀○後世倣以為燈莭○春祈秋報○率以仲月○因、有、中、和、
莭、花、朝、月、夕、之、飲、○三月民間有上墓之祭○因、有、清、明、
之、飲○五月五曰弔屈原○因飲、端、午、○近代因祀闗壮繆○
飲、五、月、十、三、○夏至冬至並時祭常期夏禴祭薄尚聲、
故飲酒盛扵冬、而衰扵夏、九月祭禰○故、飲、重、陽、○伏祠
磔狗○意、主、禳、除、○七月十五伊蒲之供○出於佛氏皆不
立飲節、臘蜡祈年、並扵十二月、而聚㑹飲食、亦扵是
月焉○古人因、祭、而、飲、酒、○後、人、崇、飲、而、忘、祭、○不朦三代",待标注,"{""行款"":""半页17行，行28字"",""阅读痕迹"":[""圈点""]}",,
529,529.webp,529.png,三期,三期：圈点,"也四字為増設矣
操則存四句本韻語鄉字年聲趙註云鄉猶里以喻
居也孔䟽云操持之則存縱舍之則亡其出入狥物
而不有常時莫知其所向之鄉或有讀如向音者失
之
周禮刑官之属夷隸掌役牧人養牛馬與鳥言貉康
掌役服不氏而飬獸而教擾之掌與獣言世傳公冶
長解烏語嘗疑其誕不則特具異智神解者今觀周
公設业二隸豈古来原有○此種伎倆可習而知耶柳
荒徼之人别有師授耶若然介葛盧解牛鷠遼史載
神速姑解蛇語皆不足異矣
中庸無憂者、其惟文王乎、章句云、書言王季其勤王
家、盖其所為、亦積功累仁之事也、今按通鑑前編、季
厯在太、丁、帝、乙、之世○數○立○征○伐○之○功○王○命○為○牧○師又
賜○之○圭○瓉○粔○鬯○為○侯○伯○即○其○勤○王○家○之○寔○所謂王家○
殷、室、也、○功○在○殷○而○周○遂○日○大○矣○
旅酬下為上章句云旅酬之禮賓弟子况弟之子各
舉觶扵其長而衆相酬各舉觶扵其長者各舉觶自","也四字為増設矣
操則存四句本韻語鄉字年聲趙註云鄉猶里以喻
居也孔䟽云操持之則存縱舍之則亡其出入狥物
而不有常時莫知其所向之鄉或有讀如向音者失
之
周禮刑官之属夷隸掌役牧人養牛馬與鳥言貉康
掌役服不氏而飬獸而教擾之掌與獣言世傳公冶
長解烏語嘗疑其誕不則特具異智神解者今觀周
公設业二隸豈古来原有○此種伎倆可習而知耶柳
荒徼之人别有師授耶若然介葛盧解牛鷠遼史載
神速姑解蛇語皆不足異矣
中庸無憂者、其惟文王乎、章句云、書言王季其勤王
家、盖其所為、亦積功累仁之事也、今按通鑑前編、季
厯在太、丁、帝、乙、之世○數○立○征○伐○之○功○王○命○為○牧○師又
賜○之○圭○瓉○粔○鬯○為○侯○伯○即○其○勤○王○家○之○寔○所謂王家○
殷、室、也、○功○在○殷○而○周○遂○日○大○矣○
旅酬下為上章句云旅酬之禮賓弟子况弟之子各
舉觶扵其長而衆相酬各舉觶扵其長者各舉觶自",待标注,"{""行款"":""半页15行，行20字"",""阅读痕迹"":[""圈点""]}",,
530,530.webp,530.png,三期,三期：圈点,"曰四句皆古語某寔古語本通六句也
死從無出鄉莭、頋麟士云、達說講首二句云、死者從
者、舉無出鄉、而人懷舊土之戀、鄉田之治、同此一井、
而人安共業之風、同井字亦稍作著力說妙、據此則
以上句言其變、而下句言其常、皆為安土重遷、盛世
之象也、愚謂此說未是、上句既云從、是容有從時矣○
安得強之使常同井○且鄉大而井小○若郷田而同一
井○更無是理○今詳語脈、首句自為一事○重、、在、、無、、出、鄉、○
第二句以下、自為一事○所、重、在、出、入、相、友、等、○鄉田同
井○乃、喚、起、語、○若云、鄉、中、田、之、同、井、者、○其、出、入、必、相、友、
云、云、也○註云○同井八家也○正恐人誤以為著力語○故
設此句○不然、誰不知一井小家○而朱子復云爾乎○
三里之城節註云言四面功圍曠日持乆必有得天
時之善者趙氏古註云環城圍之必有得天時之善
䖏者然而城有不下是天時不如地利趙註似長丘
家言天時多言向背如背孤擊虗背亭亭擊白奸之
類每日每時各有其冝背宜向之方環而攻之則西
面必有一䖏合天時之善者不待曠曰持乆而後有","曰四句皆古語某寔古語本通六句也
死從無出鄉莭、頋麟士云、達說講首二句云、死者從
者、舉無出鄉、而人懷舊土之戀、鄉田之治、同此一井、
而人安共業之風、同井字亦稍作著力說妙、據此則
以上句言其變、而下句言其常、皆為安土重遷、盛世
之象也、愚謂此說未是、上句既云從、是容有從時矣○
安得強之使常同井○且鄉大而井小○若郷田而同一
井○更無是理○今詳語脈、首句自為一事○重、、在、、無、、出、鄉、○
第二句以下、自為一事○所、重、在、出、入、相、友、等、○鄉田同
井○乃、喚、起、語、○若云、鄉、中、田、之、同、井、者、○其、出、入、必、相、友、
云、云、也○註云○同井八家也○正恐人誤以為著力語○故
設此句○不然、誰不知一井小家○而朱子復云爾乎○
三里之城節註云言四面功圍曠日持乆必有得天
時之善者趙氏古註云環城圍之必有得天時之善
䖏者然而城有不下是天時不如地利趙註似長丘
家言天時多言向背如背孤擊虗背亭亭擊白奸之
類每日每時各有其冝背宜向之方環而攻之則西
面必有一䖏合天時之善者不待曠曰持乆而後有",待标注,"{""行款"":""半页18行，行23字"",""阅读痕迹"":[""圈点""]}",,
531,531.webp,531.png,三期,三期：圈点,"息什二、小祲弛其半、大祲盡弛之、數年之後、子什其
母、則息可遂捐、此法誠善、然積多歲乆、一不得人、弊
自此起矣、今既無所得粟、惟當於秋熱時、鄉里各自
結社積穀、各推一人同其歛散、爲長吏及鄉先生者、
時加獎導、而不與其事、亦足以僃凶荒、安鄉土矣、
林次崖荒政叢言、屠緯真荒政考、扵救荒之道、可稱
詳盡、萬曆乙卯大饑、吾邑趙令君奉行官糶之法、以
故穀價不至大貴、崇禎庚辰、吾邑以抑㝎官價、粟不
入市、民潛持錢入米商家、倍直求之、斗米暴增至銀
一兩二錢正犯二書抑價之戒也、盖官粟在市平糶
則藏粟之家○欲高其直而不能○厚待米啇、至者曰衆、
榖價將自平○亦無事于抑○耳吾邑所以頌趙公徳不
衰○而歎抑價者、之有心斯民、而謬扵計也○
庚辰嘗與耕者、偶語壟上、予曰、粟貴如是、幸未有道
殣、耕者曰、官粥之㫄○當纍纍矣○予駭其言、其人因備
言官粥之害曰、逺来多道斃○聚食者多染疾○此易知
也、至於粥廠開止有時○有足甫及而粥巳罷○不沾一
粒而死者○有食粥、粥罷無歸而死者○饑腸乆虗○熟粥","息什二、小祲弛其半、大祲盡弛之、數年之後、子什其
母、則息可遂捐、此法誠善、然積多歲乆、一不得人、弊
自此起矣、今既無所得粟、惟當於秋熱時、鄉里各自
結社積穀、各推一人同其歛散、爲長吏及鄉先生者、
時加獎導、而不與其事、亦足以僃凶荒、安鄉土矣、
林次崖荒政叢言、屠緯真荒政考、扵救荒之道、可稱
詳盡、萬曆乙卯大饑、吾邑趙令君奉行官糶之法、以
故穀價不至大貴、崇禎庚辰、吾邑以抑㝎官價、粟不
入市、民潛持錢入米商家、倍直求之、斗米暴增至銀
一兩二錢正犯二書抑價之戒也、盖官粟在市平糶
則藏粟之家○欲高其直而不能○厚待米啇、至者曰衆、
榖價將自平○亦無事于抑○耳吾邑所以頌趙公徳不
衰○而歎抑價者、之有心斯民、而謬扵計也○
庚辰嘗與耕者、偶語壟上、予曰、粟貴如是、幸未有道
殣、耕者曰、官粥之㫄○當纍纍矣○予駭其言、其人因備
言官粥之害曰、逺来多道斃○聚食者多染疾○此易知
也、至於粥廠開止有時○有足甫及而粥巳罷○不沾一
粒而死者○有食粥、粥罷無歸而死者○饑腸乆虗○熟粥",待标注,"{""行款"":""半页18行，行23字"",""阅读痕迹"":[""圈点""]}",,
532,532.webp,532.png,三期,三期：圈点,"藏内庫此即古帝王與天下九州共事上帝之意
趙緣智有測經渡法測緯度法皆不用渾儀詳具革
象新書利氏測騐更、為便巧如渾盖通憲間平儀測
倒正影法各有成書其測北極高下法則指頋可辨
者其法云用平圓板一面或銅或木務要平整愈大
愈佳中掛一線線端綴一丸子以取其直中心畫十
字線此直線即天頂也横線即地平也此線以上為
地生從中心以規運一大圈以當天之圓軆十字間
均作四停每停刻成九十度共刻成三百六十度用
時只刻一停九十度亦足矣如板式寛大再每度分
作六十分更妙也中心㝎一量天尺可以旋轉者中
界直線兩頭刳去一半以看度分尺上離心各三寸
置兩耳耳中各鑽一小眼務要兩眼直對可以透望
夜對北極望之看在地線上幾十度即知此地北極
出地若千度為此地離赤道若干度
曆頭有二社三伏本皆古人時祭之名○特標授民○使
扵某曰社○某曰伏也○社即王社國社之属○月令仲春
之月○命民社是也○伏祭始扵秦○史記秦本記云○德公","藏内庫此即古帝王與天下九州共事上帝之意
趙緣智有測經渡法測緯度法皆不用渾儀詳具革
象新書利氏測騐更、為便巧如渾盖通憲間平儀測
倒正影法各有成書其測北極高下法則指頋可辨
者其法云用平圓板一面或銅或木務要平整愈大
愈佳中掛一線線端綴一丸子以取其直中心畫十
字線此直線即天頂也横線即地平也此線以上為
地生從中心以規運一大圈以當天之圓軆十字間
均作四停每停刻成九十度共刻成三百六十度用
時只刻一停九十度亦足矣如板式寛大再每度分
作六十分更妙也中心㝎一量天尺可以旋轉者中
界直線兩頭刳去一半以看度分尺上離心各三寸
置兩耳耳中各鑽一小眼務要兩眼直對可以透望
夜對北極望之看在地線上幾十度即知此地北極
出地若千度為此地離赤道若干度
曆頭有二社三伏本皆古人時祭之名○特標授民○使
扵某曰社○某曰伏也○社即王社國社之属○月令仲春
之月○命民社是也○伏祭始扵秦○史記秦本記云○德公",待标注,"{""行款"":""半页18行，行20字"",""阅读痕迹"":[""圈点""]}",,
533,533.webp,533.png,三期,三期：圈点,"言◎則◎非◎先◎王◎之◎道◎者◎猶◎沓◎沓◎也◎故曰責難於君謂、之、
恭陳善閉邪謂、之、敬吾君不能謂、之、賊
【正】
二
孟子曰規矩方員之至也聖人人倫之至也欲爲君
【付承上生下】【反】
畫君道欲爲臣盡臣道二、者、皆、法、堯、舜、而、巳、矣、不○以○
舜○之○所○以○事○堯○事○君○不○敬○其○君○者○也○不○以○堯○之○所○以○
治○民○治○民○賊○其○民○者○也○孔子曰道二仁與不仁而巳","言◎則◎非◎先◎王◎之◎道◎者◎猶◎沓◎沓◎也◎故曰責難於君謂、之、
恭陳善閉邪謂、之、敬吾君不能謂、之、賊
【正】
二
孟子曰規矩方員之至也聖人人倫之至也欲爲君
【付承上生下】【反】
畫君道欲爲臣盡臣道二、者、皆、法、堯、舜、而、巳、矣、不○以○
舜○之○所○以○事○堯○事○君○不○敬○其○君○者○也○不○以○堯○之○所○以○
治○民○治○民○賊○其○民○者○也○孔子曰道二仁與不仁而巳",待标注,"{""行款"":""半页4行，行40字"",""阅读痕迹"":[""圈点""]}",,
534,534.webp,534.png,三期,三期：圈点,"也言非禮義謂之自暴也吾身不能居仁由義謂之
自棄也仁◎人◎之◎安◎宅◎也◎義◎人◎之◎正◎路◎也◎○曠◎○安◎○宅◎○而◎○弗◎○
居○◎舎○◎正○◎路○◎而○◎不○◎由○◎哀○◎哉○◎
十一
一孟子曰道在爾而求諸逺事在易而求諸難人人親
其親長其長而天下平
十二
孟子曰居下位而不獲於上民不可得而治也獲於","也言非禮義謂之自暴也吾身不能居仁由義謂之
自棄也仁◎人◎之◎安◎宅◎也◎義◎人◎之◎正◎路◎也◎○曠◎○安◎○宅◎○而◎○弗◎○
居○◎舎○◎正○◎路○◎而○◎不○◎由○◎哀○◎哉○◎
十一
一孟子曰道在爾而求諸逺事在易而求諸難人人親
其親長其長而天下平
十二
孟子曰居下位而不獲於上民不可得而治也獲於",待标注,"{""行款"":""半页5行，行20字"",""阅读痕迹"":[""圈点""]}",,
535,535.webp,535.png,三期,三期：圈点,"乎、來、吾、聞、西、伯、善、養、老、者、太公辟紂居東海之濱聞
文王作興曰盍歸乎來吾、聞、西、伯、善、養、老、者、二老者
【一句說】
天、下、之大老也而歸之是天下之父歸之也天、下、之
【一句轉】
【結親豫王天下事】
父歸之其子焉徃諸侯有行文王之政者七年之内
必爲政於天、下、矣
十四
孟子曰求也爲季氏宰無能攺於其德而賦粟倍他","乎、來、吾、聞、西、伯、善、養、老、者、太公辟紂居東海之濱聞
文王作興曰盍歸乎來吾、聞、西、伯、善、養、老、者、二老者
【一句說】
天、下、之大老也而歸之是天下之父歸之也天、下、之
【一句轉】
【結親豫王天下事】
父歸之其子焉徃諸侯有行文王之政者七年之内
必爲政於天、下、矣
十四
孟子曰求也爲季氏宰無能攺於其德而賦粟倍他",待标注,"{""行款"":""半页5行，行20字"",""阅读痕迹"":[""圈点""]}",,
536,536.webp,536.png,三期,三期：圈点,"【二句分】
【一句結言却在上】
中正則眸子瞭焉、胷中不正則眸子眊焉、聽其言也
觀其眸子人焉廋哉
十六
孟子曰㳟者不侮人儉者不奪人侮奪人之君惟恐
【接】【 轉】
不順焉惡得○爲○㳟○儉○㳟◎儉◎豈◎可◎以◎聲◎音◎笑◎貌◎爲◎哉◎
【一轉】【二轉】
十七
淳于髠曰男女授受不親禮◎與◎孟子曰禮◎也◎曰嫂溺
【一句截二句開】
則援之以手乎曰嫂溺不援是豺狼也男女授受不","【二句分】
【一句結言却在上】
中正則眸子瞭焉、胷中不正則眸子眊焉、聽其言也
觀其眸子人焉廋哉
十六
孟子曰㳟者不侮人儉者不奪人侮奪人之君惟恐
【接】【 轉】
不順焉惡得○爲○㳟○儉○㳟◎儉◎豈◎可◎以◎聲◎音◎笑◎貌◎爲◎哉◎
【一轉】【二轉】
十七
淳于髠曰男女授受不親禮◎與◎孟子曰禮◎也◎曰嫂溺
【一句截二句開】
則援之以手乎曰嫂溺不援是豺狼也男女授受不",待标注,"{""行款"":""半页11行，行8字"",""阅读痕迹"":[""圈点""]}",,
537,537.webp,537.png,三期,三期：圈点,"續齊諧記
梁吳 均
〇金鳯凰
漢宣帝以皁蓋車一○乘、賜大將軍霍光、悉以金鉸
具、至夜、車○轄○上○金○鳯○凰○輒○亡○去○、莫知所之、至、曉、乃、
還、、如此非一、守車人亦嘗見、後南郡黃君仲北山
<附錄
稽康詩云翩=
鳳辖逄此網羅>
羅鳥、得○鳳○凰○、入○手○卽○化○成○紫○金○、毛○羽○冠○翅○、宛○然○具○
足○、可長尺餘、守車人列○上云今月十二日夜、車轄","續齊諧記
梁吳 均
〇金鳯凰
漢宣帝以皁蓋車一○乘、賜大將軍霍光、悉以金鉸
具、至夜、車○轄○上○金○鳯○凰○輒○亡○去○、莫知所之、至、曉、乃、
還、、如此非一、守車人亦嘗見、後南郡黃君仲北山
<附錄
稽康詩云翩=
鳳辖逄此網羅>
羅鳥、得○鳳○凰○、入○手○卽○化○成○紫○金○、毛○羽○冠○翅○、宛○然○具○
足○、可長尺餘、守車人列○上云今月十二日夜、車轄",待标注,"{""行款"":""半页3行，行40字"",""阅读痕迹"":[""圈点""]}",,
538,538.webp,538.png,三期,三期：圈点,"〇華陰黃雀
<附錄
李白黄雀行蕭
條兩翅蓬蒿下
縱有鷹鹯柰尔
何>
弘農楊寶、性慈愛、年九歲、至○華陰山、見一黃○雀○爲○
鴟○梟○所○搏○、逐、樹、下、、傷、瘢、甚、多、、宛轉復○爲○螻○蟻○所○困○
寶、懷、之、以、歸、、置、諸、梁、上、夜聞啼聲甚切、親自照視
<湯若士評
巾箱黄花語點
染甚隹>
爲○蚊○所○囓○、乃、移、置、巾、箱、中、、啖、以、黃、花、、逮十餘日、毛
羽成、飛翔、朝去暮來、宿巾箱中、如此積年、忽與羣
<附錄
蔡邕論云昔日
黄雀报恩而至>
雀俱來、哀鳴遶堂、數日乃去、是夕寳三更讀書、有○
黃○衣○童○子○曰、我王母○使者、昔使蓬萊、爲鴟梟所搏、","〇華陰黃雀
<附錄
李白黄雀行蕭
條兩翅蓬蒿下
縱有鷹鹯柰尔
何>
弘農楊寶、性慈愛、年九歲、至○華陰山、見一黃○雀○爲○
鴟○梟○所○搏○、逐、樹、下、、傷、瘢、甚、多、、宛轉復○爲○螻○蟻○所○困○
寶、懷、之、以、歸、、置、諸、梁、上、夜聞啼聲甚切、親自照視
<湯若士評
巾箱黄花語點
染甚隹>
爲○蚊○所○囓○、乃、移、置、巾、箱、中、、啖、以、黃、花、、逮十餘日、毛
羽成、飛翔、朝去暮來、宿巾箱中、如此積年、忽與羣
<附錄
蔡邕論云昔日
黄雀报恩而至>
雀俱來、哀鳴遶堂、數日乃去、是夕寳三更讀書、有○
黃○衣○童○子○曰、我王母○使者、昔使蓬萊、爲鴟梟所搏、",待标注,"{""行款"":""半页16行，行6字"",""阅读痕迹"":[""圈点""]}",,
539,539.webp,539.png,三期,三期：圈点,"上鳯凰俱飛去、曉則俱還、今則不○返○、恐○爲○人○所○得○、
光甚異之、具以列上、後數日、君仲詣○闕○上○鳳○凰○子○、
<附攷
前郊祀志武帝
作柏梁銦柱承
靈盤仙人掌之
云今月十二夜、北山羅鳥所得、帝聞而疑之、置、承、
露、盤、上、、俄○而○飛○去○、帝使尋之、直入光家、止○車○轄○上○
乃知信然、帝取其車、每遊行、卽乘御之、至帝崩、鳳○
凰○飛○去○、莫知所在
【湯若士評 只一细事説淂如許飛動】","上鳯凰俱飛去、曉則俱還、今則不○返○、恐○爲○人○所○得○、
光甚異之、具以列上、後數日、君仲詣○闕○上○鳳○凰○子○、
<附攷
前郊祀志武帝
作柏梁銦柱承
靈盤仙人掌之
云今月十二夜、北山羅鳥所得、帝聞而疑之、置、承、
露、盤、上、、俄○而○飛○去○、帝使尋之、直入光家、止○車○轄○上○
乃知信然、帝取其車、每遊行、卽乘御之、至帝崩、鳳○
凰○飛○去○、莫知所在
【湯若士評 只一细事説淂如許飛動】",待标注,"{""行款"":""半页5行，行34字"",""阅读痕迹"":[""圈点""]}",,
540,540.webp,540.png,三期,三期：圈点,"<附攷
抱朴子云通天
犀有百理如線
者以盛米置群
通天犀纛
鷄中雞欲徃啄
米至轍驚𨚫故
南人名為駭鷄>
東海蔣濳、嘗至不其縣、路次、林中露一屍、巳自臭
爛、鳥來食之、輒○見○一○小○兒○、長三尺、驅、鳥、、鳥、卽、起、、如、
此、非、一、、濳異之、看見屍頭上着○通○天○犀○纛○、揣其價
可數萬錢、濳乃拔取、旣、去、、見、衆、鳥、集、、無、復、驅、者、、濳
後以○此○纛○上○晉○武○陵○王○晞○、晞薨、以襯○衆僧、王武剛
以九萬錢買之、後落禇太宰處、復○以○餉、齊○故○丞○相○
<表石公评
轉属數人覺有
原委>
豫○章○王○、王薨後、內人江夫人遂○斷○以○爲○釵○、每夜、輙○","<附攷
抱朴子云通天
犀有百理如線
者以盛米置群
通天犀纛
鷄中雞欲徃啄
米至轍驚𨚫故
南人名為駭鷄>
東海蔣濳、嘗至不其縣、路次、林中露一屍、巳自臭
爛、鳥來食之、輒○見○一○小○兒○、長三尺、驅、鳥、、鳥、卽、起、、如、
此、非、一、、濳異之、看見屍頭上着○通○天○犀○纛○、揣其價
可數萬錢、濳乃拔取、旣、去、、見、衆、鳥、集、、無、復、驅、者、、濳
後以○此○纛○上○晉○武○陵○王○晞○、晞薨、以襯○衆僧、王武剛
以九萬錢買之、後落禇太宰處、復○以○餉、齊○故○丞○相○
<表石公评
轉属數人覺有
原委>
豫○章○王○、王薨後、內人江夫人遂○斷○以○爲○釵○、每夜、輙○",待标注,"{""行款"":""半页16行，行6字"",""阅读痕迹"":[""圈点""]}",,
541,541.webp,541.png,三期,三期：圈点,"洛水白獺
<湯若士評
美静可憐是好
詩句
又評
盡板為鱼尤隹>
魏明帝游洛水、水中有白○獺○數頭、美○靜○可○憐○、見人
輒去、帝○欲○見○之○、終○莫○能○遂○、侍中徐景山曰、獺嗜鯔
魚、乃不避死、畫○板○作○兩○生○鯔○魚○懸○置○岸○上○、於是羣○
獺○競○逐○、一○時○執○得○、帝甚隹之、曰、聞卿善畫、何其妙
也、答曰、臣亦未嘗執筆○然、人、之、所、作○可、庶、幾、耳○帝
曰、是○善○用○所○長○
【顏公遲詰云徐景山之盡獺是也】","洛水白獺
<湯若士評
美静可憐是好
詩句
又評
盡板為鱼尤隹>
魏明帝游洛水、水中有白○獺○數頭、美○靜○可○憐○、見人
輒去、帝○欲○見○之○、終○莫○能○遂○、侍中徐景山曰、獺嗜鯔
魚、乃不避死、畫○板○作○兩○生○鯔○魚○懸○置○岸○上○、於是羣○
獺○競○逐○、一○時○執○得○、帝甚隹之、曰、聞卿善畫、何其妙
也、答曰、臣亦未嘗執筆○然、人、之、所、作○可、庶、幾、耳○帝
曰、是○善○用○所○長○
【顏公遲詰云徐景山之盡獺是也】",待标注,"{""行款"":""半页5行，行31字"",""阅读痕迹"":[""圈点""]}",,
542,542.webp,542.png,三期,三期：圈点,"〇燕墓斑狸
張華爲司空、於時燕昭王墓前有一斑○狸○、化爲書
<袁后公評
栩=自多>
生欲詣○張○公○、過問墓前華○表○曰、以我才貌、可得見
司空耶、華表曰、子之妙解、無爲不可、但、張、公制、度○
<又評
慮人慮巳見老
表之奇識
屠赤水評
恰是>
恐、難、籠、絡○出、必、遇、辱○殆、不、得、返○非、但、喪、子、千、年、之、
質○亦、當、深、誤、老、表○狸不從、遂詣華、見其容止風流、
雅重之、於是論及文章聲實、華未嘗勝、次復商略
<又評
捷给䖏心露破>
三史、探貫百氏、包十聖、洞三才、華無不應聲屈滯、","〇燕墓斑狸
張華爲司空、於時燕昭王墓前有一斑○狸○、化爲書
<袁后公評
栩=自多>
生欲詣○張○公○、過問墓前華○表○曰、以我才貌、可得見
司空耶、華表曰、子之妙解、無爲不可、但、張、公制、度○
<又評
慮人慮巳見老
表之奇識
屠赤水評
恰是>
恐、難、籠、絡○出、必、遇、辱○殆、不、得、返○非、但、喪、子、千、年、之、
質○亦、當、深、誤、老、表○狸不從、遂詣華、見其容止風流、
雅重之、於是論及文章聲實、華未嘗勝、次復商略
<又評
捷给䖏心露破>
三史、探貫百氏、包十聖、洞三才、華無不應聲屈滯、",待标注,"{""行款"":""半页7行，行27字"",""阅读痕迹"":[""圈点""]}",,
543,543.webp,543.png,三期,三期：圈点,"義員於
熠單】
終王
【終謂丗終也●朝嗣
王●及即位而來見】
先王之訓也有不祭則
脩○意○
【意●志意也謂邦甸之内有違闕不供日
祭者先脩憶以自責畿内近知王意也】
有不祀則
脩○言○
【言號
令也】
有不享則脩○文○
【文典
法也】
有不貢則脩○名○
【名●謂尊
卑職貢
之名
號】
有不王則脩○徳○
【逺人不服則脩
文德以來之】
序成而有不至則
脩○刑○
【序成謂上五者次序也。巳
成而有不至則有刑誅】
於是乎有刑不祭伐不
祀征不享●讓不貢
【譲譴
責也】
告不王
【謂以文詞告曉之
地逺者辠軽也】
於是
乎有刑罰之辟
【刑不
祭也】
有攻伐之兵
【伐不
祀也】
有征討之備
【征
不
享
也】
有威讓之令
【譲不
貢也】
有文告之辭
【告不
王也】
布令陳辭而又
不至則又増脩於徳無勤民於逺是以近無不聽●逺無
不服●今自大畢●伯仕●之終也
【大畢●伯仕●大戎氏
之二君終卒也】
犬戎氏、","義員於
熠單】
終王
【終謂丗終也●朝嗣
王●及即位而來見】
先王之訓也有不祭則
脩○意○
【意●志意也謂邦甸之内有違闕不供日
祭者先脩憶以自責畿内近知王意也】
有不祀則
脩○言○
【言號
令也】
有不享則脩○文○
【文典
法也】
有不貢則脩○名○
【名●謂尊
卑職貢
之名
號】
有不王則脩○徳○
【逺人不服則脩
文德以來之】
序成而有不至則
脩○刑○
【序成謂上五者次序也。巳
成而有不至則有刑誅】
於是乎有刑不祭伐不
祀征不享●讓不貢
【譲譴
責也】
告不王
【謂以文詞告曉之
地逺者辠軽也】
於是
乎有刑罰之辟
【刑不
祭也】
有攻伐之兵
【伐不
祀也】
有征討之備
【征
不
享
也】
有威讓之令
【譲不
貢也】
有文告之辭
【告不
王也】
布令陳辭而又
不至則又増脩於徳無勤民於逺是以近無不聽●逺無
不服●今自大畢●伯仕●之終也
【大畢●伯仕●大戎氏
之二君終卒也】
犬戎氏、",待标注,"{""行款"":""半页28行，行8字"",""阅读痕迹"":[""圈点""]}",,
544,544.webp,544.png,三期,三期：圈点,"農●上帝之粢盛●於●是乎出●民之蕃庶●於是乎生事之共
給於具乎在和恊輯睦●於是乎興財用蕃殖於是乎始
敦厖純固●於是乎成●是故稷為大官●古者太史順時覛
音
脉
土●
【視視
也】
陽●癉●
【丁佐
反】
憤●盈●土●氣●震●發●
【癉厚也●又方言楚
謂怒為塵憤○積也
盈滿也●震動
也發起也】
農祥晨正
【農●祥●房星也晨正謂立春之日
晨中於午也農事之候故曰農
祥】
曰月底于天廟
【底○至也●天廟營室也●孟
春之月日月皆在營室】
土乃脉發
【脉
理
也農書曰春土冐橛
陳根可拔耕者急發】
先時九日●大史告稷曰●自今至于
初吉●陽●氣●俱●烝●土●膏●其動●弗●震●弗●渝●脉●其●满●眚●榖乃不
殖
【渝変也眚災也言陽氣俱升●土膏欲動當即發動
麥冩其氣不然則脉滿氣結●更爲災病榖乃不殖】
稷
以告王曰●史帥陽官以命我司事
【史太史陽官春官
司事●主農事官也】
曰","農●上帝之粢盛●於●是乎出●民之蕃庶●於是乎生事之共
給於具乎在和恊輯睦●於是乎興財用蕃殖於是乎始
敦厖純固●於是乎成●是故稷為大官●古者太史順時覛
音
脉
土●
【視視
也】
陽●癉●
【丁佐
反】
憤●盈●土●氣●震●發●
【癉厚也●又方言楚
謂怒為塵憤○積也
盈滿也●震動
也發起也】
農祥晨正
【農●祥●房星也晨正謂立春之日
晨中於午也農事之候故曰農
祥】
曰月底于天廟
【底○至也●天廟營室也●孟
春之月日月皆在營室】
土乃脉發
【脉
理
也農書曰春土冐橛
陳根可拔耕者急發】
先時九日●大史告稷曰●自今至于
初吉●陽●氣●俱●烝●土●膏●其動●弗●震●弗●渝●脉●其●满●眚●榖乃不
殖
【渝変也眚災也言陽氣俱升●土膏欲動當即發動
麥冩其氣不然則脉滿氣結●更爲災病榖乃不殖】
稷
以告王曰●史帥陽官以命我司事
【史太史陽官春官
司事●主農事官也】
曰",待标注,"{""行款"":""半页21行，行9字"",""阅读痕迹"":[""圈点""]}",,
545,545.webp,545.png,三期,三期：圈点,"之●畢宰夫陳饗膳宰監之膳夫賛王王歆大牢
【歆饗
也】
班
甞之庶人終食是日也○瞽帥○音●官●以省風土
【音宫○楽官
也●風士○以
音律省士風○風
氣和則土氣養】
廪●于●藉●東●南●鐘●而●藏●之●
【廪御廪○一各神
倉○東南生長之
處○鍾○聚○也○謂為廪以藏
田所藉田以奉粢盛】
而時布之于農
【布●賦
也】
稷則徧戒
百姓○紀農恊功○曰隂陽分布○震雷出●滯●○土不備●墾●辟在
司㓂●乃命其旅曰○徇●農師一之
【一之○先
往也】
農正再之
【農正
后稷
之佐●田畯也
故欲農師】
后稷三之
【后稷農官之
君○故次農正】
司空四之
【司空○主
道路溝
洫○故次
后稷】
司徒五之
【司徒●省民
故次司空】
大保六之大師七之
【大保○
大師○
天子三公○佐王論道●汜監衆
官不特掌事○故次司徒】
大史八之
【大史掌逹官府
之治●故次大師】
宗伯九之
宗伯卿官掌相王之大禮●若
王不與祭則攝位●故次大史】
王則大徇
【大徇
師公】","之●畢宰夫陳饗膳宰監之膳夫賛王王歆大牢
【歆饗
也】
班
甞之庶人終食是日也○瞽帥○音●官●以省風土
【音宫○楽官
也●風士○以
音律省士風○風
氣和則土氣養】
廪●于●藉●東●南●鐘●而●藏●之●
【廪御廪○一各神
倉○東南生長之
處○鍾○聚○也○謂為廪以藏
田所藉田以奉粢盛】
而時布之于農
【布●賦
也】
稷則徧戒
百姓○紀農恊功○曰隂陽分布○震雷出●滯●○土不備●墾●辟在
司㓂●乃命其旅曰○徇●農師一之
【一之○先
往也】
農正再之
【農正
后稷
之佐●田畯也
故欲農師】
后稷三之
【后稷農官之
君○故次農正】
司空四之
【司空○主
道路溝
洫○故次
后稷】
司徒五之
【司徒●省民
故次司空】
大保六之大師七之
【大保○
大師○
天子三公○佐王論道●汜監衆
官不特掌事○故次司徒】
大史八之
【大史掌逹官府
之治●故次大師】
宗伯九之
宗伯卿官掌相王之大禮●若
王不與祭則攝位●故次大史】
王則大徇
【大徇
師公】",待标注,"{""行款"":""半页40行，行6字"",""阅读痕迹"":[""圈点""]}",,
546,546.webp,546.png,三期,三期：圈点,"是解此句文義載前輩之說於章後者是說一章之大旨及反覆此章之餘意
〇胡氏曰字義難明者各有訓釋一章意義可以分斷者逐節註之一章之後又
合諸節而通言之欲學者先明逐字文義然後明逐節旨意明逐節旨意然後
通一章之旨意也每章只發本章之旨者附註後或因發聖人言外之意者别
爲一段以附其後亦欲學
者先明本旨而後及之也】
集註乃集義之精髓
【語録〇又曰精義是許多語言而集註能有幾何
言語一字是一字其間有一字當百十字底〇又
曰前輩解說恐後學難曉故集註盡撮其要說出來不須更於註脚外又添一
段說話只把這箇熟看自然曉得莫枉費心去外面思量〇义曰如精義諸老
先生說非不好只是說得忒寛易使人向別處去集註便要人只恁地思量文
義曉得了只管玩味便見聖人意思出來〇陳氏曰集註初遍閱諸家然或一
兩段或一兩句或一兩字可取皆抄掇來續旋旋磨刮翦繁趨約是幾百畨過〇
又曰學者先須專從事集註爲一定標準復熟饜飫胷中巳有定見然後方河
將集義來參較方識破諸家是非得失了無遁情益見得集
註明潔親切辭約而理當義精而味長信爲萬世不刊之書】
程先生經解理皆在解語内集註只是發明其辭使人
玩味經文理皆在經文内
【語録〇陳氏曰集註發明裎子之說或
足其所未盡或補其所未圎國白其所】","是解此句文義載前輩之說於章後者是說一章之大旨及反覆此章之餘意
〇胡氏曰字義難明者各有訓釋一章意義可以分斷者逐節註之一章之後又
合諸節而通言之欲學者先明逐字文義然後明逐節旨意明逐節旨意然後
通一章之旨意也每章只發本章之旨者附註後或因發聖人言外之意者别
爲一段以附其後亦欲學
者先明本旨而後及之也】
集註乃集義之精髓
【語録〇又曰精義是許多語言而集註能有幾何
言語一字是一字其間有一字當百十字底〇又
曰前輩解說恐後學難曉故集註盡撮其要說出來不須更於註脚外又添一
段說話只把這箇熟看自然曉得莫枉費心去外面思量〇义曰如精義諸老
先生說非不好只是說得忒寛易使人向別處去集註便要人只恁地思量文
義曉得了只管玩味便見聖人意思出來〇陳氏曰集註初遍閱諸家然或一
兩段或一兩句或一兩字可取皆抄掇來續旋旋磨刮翦繁趨約是幾百畨過〇
又曰學者先須專從事集註爲一定標準復熟饜飫胷中巳有定見然後方河
將集義來參較方識破諸家是非得失了無遁情益見得集
註明潔親切辭約而理當義精而味長信爲萬世不刊之書】
程先生經解理皆在解語内集註只是發明其辭使人
玩味經文理皆在經文内
【語録〇陳氏曰集註發明裎子之說或
足其所未盡或補其所未圎國白其所】",待标注,"{""行款"":""半页15行，行30字"",""阅读痕迹"":[""圈点""]}",,
547,547.webp,547.png,三期,三期：圈点,"使仲由爲季氏宰墮三都收其甲兵孟氏不肯墮成
圍之不克
【語録曰問成旣不墮夫子如何別無處置了便休曰不
久夫子亦去魯矣若使聖人久爲之亦須別有箇道理】
十四
年乙巳孔子年五十六攝行相事誅少正卯與聞國
政三月魯國大治齊人歸女樂以沮之季桓子受之
郊又不致膰俎於太夫孔子行
【魯世家以此以上皆爲干二年事
〇語録曰問季桓子纔受女樂
孔子不安便行孔子向來相定公做得許多事業亦是季相子聽孔子之所爲
方始做得曰固是〇又曰當時若致膰俎孔子去得更從容惟其不致故孔子
便行〇問設若魯亦致膰於大夫則夫子果止乎曰也須去只是不若此之速
必須別討一箇事故去且如不致膰亦不是大段失禮處聖人便因此日求去
〇胡氏曰是時政在季氏夫子攝行相事而巳非爲相也與開國政而巳非爲
政也定公素不能立季孫旣有所惑其不足與有爲可知也故不容於不行】
適衞主於子路妻兄顔濁鄒家
【孟子作
顏讎由】
適陳過匡匡人
以爲陽虎而拘之
【有顔淵後及文
王旣没之語】
旣解還衞主蘧伯玉家","使仲由爲季氏宰墮三都收其甲兵孟氏不肯墮成
圍之不克
【語録曰問成旣不墮夫子如何別無處置了便休曰不
久夫子亦去魯矣若使聖人久爲之亦須別有箇道理】
十四
年乙巳孔子年五十六攝行相事誅少正卯與聞國
政三月魯國大治齊人歸女樂以沮之季桓子受之
郊又不致膰俎於太夫孔子行
【魯世家以此以上皆爲干二年事
〇語録曰問季桓子纔受女樂
孔子不安便行孔子向來相定公做得許多事業亦是季相子聽孔子之所爲
方始做得曰固是〇又曰當時若致膰俎孔子去得更從容惟其不致故孔子
便行〇問設若魯亦致膰於大夫則夫子果止乎曰也須去只是不若此之速
必須別討一箇事故去且如不致膰亦不是大段失禮處聖人便因此日求去
〇胡氏曰是時政在季氏夫子攝行相事而巳非爲相也與開國政而巳非爲
政也定公素不能立季孫旣有所惑其不足與有爲可知也故不容於不行】
適衞主於子路妻兄顔濁鄒家
【孟子作
顏讎由】
適陳過匡匡人
以爲陽虎而拘之
【有顔淵後及文
王旣没之語】
旣解還衞主蘧伯玉家",待标注,"{""行款"":""半页11行，行30字"",""阅读痕迹"":[""圈点""]}",,
